id,titulo,sector,tipo,operacion,precio_usd,area_m2,area_terreno_m2,dormitorios,banos,estado,fecha_captura,origen
68835,DEPARTAMENTO VENTA SECTOR EL CONDADO,Santa Isabel,departamento,venta,69000.0,130.0,0.0,3,2,active,2026-10-10,remax_en_vivo
68834,Casa de venta en San Isidro del Inca,San Isidro 1,casa,venta,89000.0,184.0,0.0,3,2,active,2026-10-10,remax_en_vivo
68831,VENTA DEPARTAMENTO MASTODONTES CARCELEN PISO 2,Mastodontes,departamento,venta,85000.0,164.4,0.0,3,2,active,2026-10-10,remax_en_vivo
68830,VENTA DEPARTAMENTO MASTODONTES CARCELEN PISO 2,Mastodontes,departamento,venta,75000.0,148.35,0.0,3,2,active,2026-10-10,remax_en_vivo
68829,VENTA DEPARTAMENTO MASDODONTES CARCELEN PISO 3,Mastodontes,departamento,venta,85000.0,165.12,0.0,3,2,active,2026-10-10,remax_en_vivo
68828,DEPARTAMENTO 3 HABITACIONES QUITO TENIS LUJO,Rumipamba,departamento,venta,300000.0,290.0,0.0,3,4,active,2026-10-10,remax_en_vivo
68816,RENTO GALPON EN ALANGASI,Alangasí,galpon,arriendo,680.0,220.0,0.0,0,1,active,2026-10-10,remax_en_vivo
68815,CASA EN VENTA EN CONJUNTO JARDINES DE TRIANA,San Miguel Alto,casa,venta,59900.0,119.78,0.0,3,2,active,2026-10-10,remax_en_vivo
68802,ARRIENDO LOCAL COMERCIAL DE 80 M² - LA FLORESTA,La Floresta,local_comercial,arriendo,500.0,80.0,0.0,0,1,active,2026-10-10,remax_en_vivo
68801,"CASA POR ESTRENAR EN EL CARMEN BAJO, LLANO CHICO",Llano Chico,casa,venta,80000.0,142.0,142.0,3,2,active,2026-10-10,remax_en_vivo
68799,CASA POR ESTRENAR,Carmen Bajo,casa,venta,80000.0,142.0,142.0,3,2,active,2026-10-10,remax_en_vivo
68798,Departamento En Renta,Rumipamba,departamento,arriendo,450.0,88.0,0.0,3,2,active,2026-10-10,remax_en_vivo
68797,VENTA DPTO 2 DORMITORIOS EN SAN JUAN CUMBAYA,Cumbayá,departamento,venta,139000.0,111.88,0.0,2,2,active,2026-10-10,remax_en_vivo
68796,VENTA DPTO 2 DORMITORIOS EN SAN JUAN CUMBAYA,Cumbayá,departamento,venta,178000.0,115.0,0.0,2,2,active,2026-10-10,remax_en_vivo
68793,DPTO. DE VENTA EN PONCEANO CON TERRAZA PRIVADA,Contraloria,departamento,venta,124900.0,196.3,0.0,3,2,active,2026-10-10,remax_en_vivo
68790,DEPARTAMENTO EN VENTA - QUITUMBE,Quitumbe,departamento,venta,50000.0,103.0,0.0,3,2,active,2026-10-10,remax_en_vivo
68788,Terreno en Venta | Urbanización Palmas del Prado –,Pifo,terreno,venta,157500.0,0.0,630.0,0,0,active,2026-10-10,remax_en_vivo
68787,VENTA DEPARTAMENTO 3 DORMITORIOS QUITO TENIS,Quito Tenis,departamento,venta,275000.0,238.0,0.0,3,2,active,2026-10-10,remax_en_vivo
68786,Quinta Terreno de venta en Ontaneda Conocoto,Ontaneda Alto,quinta,venta,580000.0,8500.0,8448.0,6,6,active,2026-10-10,remax_en_vivo
68783,EN VENTA TERRENO PLANO 1343M2 CHILLOGALLO,Chillogallo,terreno,venta,130000.0,0.0,1343.0,0,0,active,2026-10-10,remax_en_vivo
68781,TERRENO EN VENTA - SECTOR SAN ANTONIO DE PICHINCHA,Pomasqui,terreno,venta,280000.0,0.0,2002.0,0,0,active,2026-10-10,remax_en_vivo
68778,VENTA DEPARTAMENTO DE LUJO 437 M2 SIERRA DEL MORAL,Las Bromelias,departamento,venta,500000.0,503.0,0.0,3,3,active,2026-10-10,remax_en_vivo
68776,"VENTA TERRENO CALDERON/1105,14m²/EXCELENTE UBICACI",Sierra Hermosa,terreno,venta,140000.0,0.0,1105.14,0,0,active,2026-10-10,remax_en_vivo
68773,DEPARTAMENTO DUPLEX EN RENTA| ARMENIA1|LOS CHILLOS,Conocoto,departamento,arriendo,350.0,80.0,0.0,2,1,active,2026-10-10,remax_en_vivo
68772,SUITE EN RENTA| ARMENIA 1| VALLE DE LOS CHILLOS,Conocoto,departamento,arriendo,200.0,24.0,0.0,1,1,active,2026-10-10,remax_en_vivo
68771,VENDO PROPIEDAD IDEAL PARA OFICINAS Y CENTROS MEDI,Quito Tenis,oficina,venta,187000.0,400.0,0.0,3,3,active,2026-10-10,remax_en_vivo
68770,VENDO CASA CONJUNTO JUAN PABLO II- CONOCOTO,Conocoto,casa,venta,95000.0,190.5,0.0,5,3,active,2026-10-10,remax_en_vivo
68769,"Departamento en venta, República del Salvador",Iñaquito,departamento,venta,200000.0,81.0,0.0,2,2,active,2026-10-10,remax_en_vivo
68768,VENDO TERRENO EN SAN JUAN DE CALDERON 215 M2,San Juan Calderon,terreno,venta,36000.0,0.0,215.0,0,0,active,2026-10-10,remax_en_vivo
68767,RENTO OFICINA JUNTO A FISCALÍA LA MARISCAL,Mariscal Sucre,oficina,arriendo,240.0,50.0,0.0,0,1,active,2026-10-10,remax_en_vivo
68763,"CASA DE 3 DORMITORIOS EN LA MITAD DEL MUNDO ,",San Antonio,casa,venta,45000.0,114.0,200.0,3,2,active,2026-10-10,remax_en_vivo
68762,OFICINA DE 400 M2 EN LA AVENICA COLON,Mariscal Sucre,oficina,venta,299000.0,401.0,0.0,0,4,active,2026-10-10,remax_en_vivo
68761,RENTA DE OFICINA DE 400 M2 EN LA AV COLON,Mariscal Sucre,oficina,arriendo,2300.0,401.0,0.0,0,4,active,2026-10-10,remax_en_vivo
68760,DEPARTAMENTO DE 2 DORMITORIOS QUITO TENIS,Chaupicruz (La Concepcion),departamento,venta,128000.0,86.0,0.0,2,2,active,2026-10-10,remax_en_vivo
68758,DEPARTAMENTO REMODELADO – SECTOR LABRADOR,Chaupicruz (La Concepcion),departamento,venta,140000.0,392.0,0.0,4,2,active,2026-10-10,remax_en_vivo
68741,Oficina en Venta en la Av. 6 de Diciembre y Gaspar,Iñaquito,oficina,venta,760000.0,640.0,0.0,0,9,active,2026-10-10,remax_en_vivo
68740,SE VENDE ESTUDIO AMOBLADO SECTOR LA CAROLINA,Benalcazar,departamento,venta,93500.0,27.5,0.0,1,1,active,2026-10-10,remax_en_vivo
68733,Casa en renta Conocoto con muebles,Conocoto,casa,arriendo,630.0,166.89,0.0,3,2,active,2026-10-10,remax_en_vivo
68732,SE VENDE ESTUDIO SECTOR LA CAROLINA,Benalcazar,departamento,venta,94500.0,27.5,0.0,1,1,active,2026-10-10,remax_en_vivo
68731,OFICINA / SUITE A ESTRENAR – KENNEDY,Kennedy,departamento,venta,67800.0,60.0,0.0,1,1,active,2026-10-10,remax_en_vivo
68715,CASA DE VENTA EN LLANO GRANDE,Calderón (Carapungo),casa,venta,69000.0,119.76,1.0,3,2,active,2026-10-10,remax_en_vivo
68712,Casa Moderna Amoblada con Patio en Renta –CUMBAYÀ,Cumbayá,casa,arriendo,1200.0,560.0,100.0,4,2,active,2026-10-10,remax_en_vivo
68711,VENTA CASA RENTERA DE 4 DEPARTAMENTOS,San Jose Alto,edificio_completo,venta,189000.0,479.0,208.0,0,0,active,2026-10-10,remax_en_vivo
68710,SE VENDE DEPARTAMENTO 2 HAB SECTOR COL 24 DE MAYO,Batan Alto,departamento,venta,144750.0,138.25,0.0,2,2,active,2026-10-10,remax_en_vivo
68709,VENTA CASA DUPLEX SANTA MARTHA DE CHILLOGALLO,Santa Martha Bajo,casa,venta,56000.0,96.55,0.0,3,2,active,2026-10-10,remax_en_vivo
68708,En Venta casa Rentera Sector Accion Civica,La Ferroviaria,house_comercial,venta,144000.0,937.33,370.0,16,6,active,2026-10-10,remax_en_vivo
68707,Departamento en Venta en el sector Kennedy,Kennedy,departamento,venta,135000.0,138.0,0.0,3,2,active,2026-10-10,remax_en_vivo
68706,SE RENTA OFICINA EXCLUSIVA EN LA CATALINA ALDAZ,Bellavista,oficina,arriendo,860.0,90.0,0.0,0,1,active,2026-10-10,remax_en_vivo
68705,Oportunidad Quitumbe: Terreno Comercial 581 m²,Asistencia,house_comercial,venta,138000.0,428.4,581.0,3,4,active,2026-10-10,remax_en_vivo
68704,CASA EN VENTA EN LA LOMA DE PUENGASI,Puengasí,casa,venta,115000.0,395.74,400.0,5,4,active,2026-10-10,remax_en_vivo
68703,CASA EN VENTA /  EN QUITO SUR,Quito Sur,casa,venta,75000.0,264.0,144.0,4,4,active,2026-10-10,remax_en_vivo
68702,SUITE REMODELADA EN RENTA | SECTOR LA MORITA,La Morita,departamento,venta,250.0,75.0,0.0,2,1,active,2026-10-10,remax_en_vivo
68701,RENTA DPTO DUPLEX - LA LUZ KENNEDY,La Luz,departamento,venta,82000.0,157.0,0.0,4,3,active,2026-10-10,remax_en_vivo
68700,OFICINA 100m2 EN RENTA SECTOR LA CAROLINA,Iñaquito,oficina,arriendo,2600.0,256.0,0.0,0,3,active,2026-10-10,remax_en_vivo
68699,PROPIEDAD EN VENTA - PUEMBO SECTOR SAN PEDRO,Puembo,terreno,venta,500000.0,0.0,2000.0,0,0,negotiation,2026-10-10,remax_en_vivo
68698,DEPARTAMENTO 3D FRENTE A CORAL HIPERMERCADO DE C,Collas,departamento,venta,99000.0,123.22,0.0,3,2,active,2026-10-10,remax_en_vivo
68694,EN RENTA: Suite Amoblada,Bellavista,departamento,arriendo,550.0,78.0,0.0,1,2,active,2026-10-10,remax_en_vivo
68683,DEPARTAMENTO EN RENTA – BELLAVISTA,Bellavista,departamento,arriendo,600.0,153.58,0.0,3,2,active,2026-10-10,remax_en_vivo
68681,Venta de Departamento en el Quito Tenis,Quito Tenis,departamento,venta,215000.0,283.61,0.0,3,3,active,2026-10-10,remax_en_vivo
68669,Casa con Potencial de Remodelación,Jipijapa,casa,venta,60000.0,79.0,0.0,5,3,active,2026-10-10,remax_en_vivo
68664,VENTA DEPARTAMENTO  QUITO TENIS POR ESTRENAR,Quito Tenis,departamento,venta,118000.0,80.0,0.0,2,1,active,2026-10-10,remax_en_vivo
68663,CASA EN VENTA DE UNA PLANTA | CONOCOTO,Conocoto,casa,venta,139000.0,209.62,209.62,3,2,active,2026-10-10,remax_en_vivo
68661,TERRENO EN VENTA 2502 m² – SECTOR LA ARMENIA,Poder Judicial,terreno,venta,180000.0,0.0,2502.0,0,0,active,2026-10-10,remax_en_vivo
68659,"Departamento de Venta, Sector Quito Tennis",Quito Tenis,departamento,venta,135000.0,151.51,0.0,2,2,active,2026-10-10,remax_en_vivo
68656,TERRENO DESARROLLO RESIDENCIAL MACARENA CONOCOTO,Conocoto,terreno_comercial,venta,299000.0,0.0,4717.0,0,0,active,2026-10-10,remax_en_vivo
68654,VENDO CASA DE 422m2 en SAN ANTONIO DE PICHINCHA,San Antonio,casa,venta,169900.0,657.0,657.0,4,4,active,2026-10-10,remax_en_vivo
68649,VEDO DEPARTAMENTO REMODELADO EN LA COLON DE 2D,La Colon,departamento,venta,90000.0,106.0,0.0,2,2,active,2026-10-10,remax_en_vivo
68648,ARRIEDO OFICINA EN EDIFICIO CORPORATIVO SHYRIS,Iñaquito,oficina,arriendo,1400.0,120.0,0.0,0,2,active,2026-10-10,remax_en_vivo
68647,"RESTAURANTE EN FUNCIONAMIENTO, CENTRO HISTÓRICO",Centro Histórico,venta_negocio,venta,30000.0,95.0,0.0,0,0,active,2026-10-10,remax_en_vivo
68646,Casa Comercial en Cumbayá de 300 m² – Av. Francisc,Cumbaya Cabecera,local_comercial,arriendo,2500.0,154569.0,0.0,0,1,active,2026-10-10,remax_en_vivo
68645,"Quinta en renta, Valle de Rayo Cucho, Calacalí",Calacalí,quinta,arriendo,1290.0,417.61,9910.38,5,3,active,2026-10-10,remax_en_vivo
68638,"Quinta en venta, Valle de Rayo Cucho, Calacalí",Calacalí,quinta,venta,235000.0,417.61,9910.38,5,3,active,2026-10-10,remax_en_vivo
68630,Departamento Amoblado en Alquiler González Suárez,Gonzalez Suarez,departamento,arriendo,1250.0,177.0,0.0,2,2,active,2026-10-10,remax_en_vivo
68629,VENDO TERRENO GUAMANI 980m²,Guamaní,terreno,venta,90000.0,0.0,980.0,0,0,active,2026-10-10,remax_en_vivo
68618,"PROPIEDAD COMERCIAL DE 837m², SECTOR LA FLORESTA",Mariscal Sucre,house_comercial,venta,790000.0,836.79,680.0,4,3,active,2026-10-10,remax_en_vivo
68616,VENTA CASA PARA REMODELAR BAJO DE PRECIO OPORTUNID,El Transito,casa,venta,50000.0,384.61,180.0,4,4,active,2026-10-10,remax_en_vivo
68615,"CASA RENTERA Invierte una vez, gana todos los mese",Chimbacalle,house_comercial,venta,157000.0,565.19,128.0,9,7,active,2026-10-10,remax_en_vivo
68613,CASA REMODELADA EN VENTA ANT OCCIDENTAL,La Pulida,casa,venta,89900.0,147.97,60.86,4,2,active,2026-10-10,remax_en_vivo
68612,CASA EN VENTA CALDERON BARRIO LOS EUCALIPTOS,Las Laderas de S. Francisco,casa,venta,84500.0,329.56,285.24,6,2,active,2026-10-10,remax_en_vivo
68607,Casa Comercial En Venta Av Mariscal Sucre,La Concepcion,edificio_comercial,venta,680000.0,510.16,590.19,0,0,active,2026-10-10,remax_en_vivo
68606,DEPARTAMENTO EN ARRIENDO 3 DORMITORIOS,Cotocollao,departamento,arriendo,300.0,85.0,0.0,3,1,active,2026-10-10,remax_en_vivo
68602,RENTO CONSULTORIO PARA RAYOX EN LA RUMIPAMBA,Rumipamba,consultorio,arriendo,250.0,7.4,0.0,0,3,active,2026-10-10,remax_en_vivo
68601,RENTA DE CONSULTORIO EN LA ATAHUALPA Y REPUBLICA,Rumipamba,consultorio,arriendo,150.0,5.5,0.0,0,3,active,2026-10-10,remax_en_vivo
68600,RENTO CONSULTORIO EN LA AVENIDA RUMIPAMBA,Rumipamba,consultorio,arriendo,180.0,6.0,0.0,0,3,active,2026-10-10,remax_en_vivo
68598,DEPARTAMENTO EN RENTA X ESTRENAR BOTANIQO CUMBAYÁ,Cumbayá,departamento,arriendo,900.0,104.0,0.0,2,2,active,2026-10-10,remax_en_vivo
68597,LOCALES EN RENTA AV. ILALO VALLE DE LOS CHILLOS,Alangasí,local_comercial,arriendo,400.0,48.0,48.0,0,1,active,2026-10-10,remax_en_vivo
68595,CASA COMERCIAL 500 M2 ARMENIA VALLE DE LOS CHILLOS,Conocoto,house_comercial,arriendo,3000.0,511.0,660.0,5,3,active,2026-10-10,remax_en_vivo
68590,"VENDO MODERNA OFICINA, SECTOR LA CAROLINA",Iñaquito,oficina,venta,139500.0,121.96,0.0,0,1,active,2026-10-10,remax_en_vivo
68589,"Edificio Hotelero en Venta - Piscina, Recepciones",Villaflora,hotel,venta,330000.0,1583.07,360.0,31,35,active,2026-10-10,remax_en_vivo
68580,ALQUILO DEPARTAMENTO AMOBLADO EN TUMBACO,El Arenal,departamento,arriendo,650.0,68.0,0.0,2,1,active,2026-10-10,remax_en_vivo
68567,DEPARTAMENTO EN ARRIENDO -  SECTOR CCI,La Carolina,departamento,arriendo,650.0,100.0,0.0,2,2,active,2026-10-10,remax_en_vivo
68565,DEPARTAMENTO EN VENTA,La Carolina,departamento,venta,155000.0,187.4,0.0,4,2,active,2026-10-10,remax_en_vivo
68560,Casa 4 hab. con jardín en La Pampa,La Pampa,casa,venta,250000.0,436.0,436.0,4,3,active,2026-10-10,remax_en_vivo
68559,"VENTA PROPIEDAD 25,44 HAS, AMAGUAÑA",Amaguaña,propiedad_agricola,venta,3816000.0,0.0,254417.0,0,0,active,2026-10-10,remax_en_vivo
68555,Oficina en venta – Edificio Alpallana,La Pradera,oficina,venta,115000.0,88.31,0.0,0,1,active,2026-10-10,remax_en_vivo
68554,"Casa en Venta en Sector Hilacril, Tumbaco.",Tumbaco,casa,venta,318000.0,710.0,710.0,3,2,active,2026-10-10,remax_en_vivo
68553,Estudio en renta sector Quicentro Norte,Batan Bajo,departamento,arriendo,400.0,57.0,0.0,1,1,active,2026-10-10,remax_en_vivo
68552,PROPIEDAD DE OPORTUNIDAD EN LA GASCA,Belisario Quevedo,casa,venta,150000.0,299.5,280.0,5,3,active,2026-10-10,remax_en_vivo
68551,LOCAL COMERCIAL U OFICINA EN RENTA ISLA FLOREANA,Jipijapa,local_comercial,arriendo,1000.0,170.0,0.0,3,0,active,2026-10-10,remax_en_vivo
68549,9.444 m2 DE TERRENO EN VENTA EN IÑAQUITO ALTO,Rumipamba,terreno,venta,907000.0,0.0,9444.0,0,0,active,2026-10-10,remax_en_vivo
68546,ARRIENDO LOCAL PLANTA BAJA 80 M2 DE 3 AMBIENTES,Bellavista,local_comercial,arriendo,550.0,80.0,0.0,0,0,active,2026-10-10,remax_en_vivo
68541,VENTA CASA CONJUNTO HABITACIONAL DOMENICA,San Jose,casa,venta,56900.0,131.55,0.0,2,2,active,2026-10-10,remax_en_vivo
68539,"TERRENO EN VENTA, URB SAN GREGORIO PUSUQUÍ",Pusuqui Chico,terreno,venta,80000.0,0.0,305.13,0,0,active,2026-10-10,remax_en_vivo
68538,Departamento en Venta Sector La Carolina,Iñaquito,departamento,venta,169000.0,106.38,0.0,2,2,active,2026-10-10,remax_en_vivo
68535,En Venta Casa en Conocoto,Conocoto,casa,venta,100000.0,236.0,216.0,3,2,active,2026-10-10,remax_en_vivo
68530,Lote de 1.425 m² en urbanización en Puembo.,Arrayanes,terreno,venta,360000.0,0.0,1425.88,0,0,active,2026-10-10,remax_en_vivo
68529,Local Comercial en renta en Tomás de Berlanga,6 de Diciembre,local_comercial,arriendo,1200.0,319.17,0.0,0,1,active,2026-10-10,remax_en_vivo
68526,"Oficina de Renta Amoblada, Sector Mariscal",Mariscal Sucre,oficina,arriendo,1700.0,134.0,0.0,0,2,active,2026-10-10,remax_en_vivo
68515,EN VENTA TERRENO COMERCIAL VIA TABABELA,Pifo,terreno_comercial,venta,5326156.0,0.0,26630.78,0,0,active,2026-10-10,remax_en_vivo
68506,EXCLUSIVO DEPARTAMENTO AMOBLADO EN BELLAVISTA ALTA,Bellavista,departamento,arriendo,550.0,210.0,0.0,2,2,reserved,2026-10-10,remax_en_vivo
68505,"QUITO TENIS, DEPT DE 380 M2 DE RENTA CON BALCON",Rumipamba,departamento,arriendo,2000.0,400.0,0.0,3,3,active,2026-10-10,remax_en_vivo
68504,"Estudio a estrenar en Bellavista, Edificio ADN",Bellavista,departamento,arriendo,450.0,30.0,0.0,1,1,active,2026-10-10,remax_en_vivo
68503,Rento Amplia Suite Amoblada Bellavista,Iñaquito,departamento,arriendo,490.0,60.0,0.0,1,1,reserved,2026-10-10,remax_en_vivo
68502,ARRIENDO LOCAL COMERCIAL – CALLE REAL AUDIENCIA,El Condado,local_comercial,arriendo,680.0,140.0,0.0,0,2,active,2026-10-10,remax_en_vivo
68501,Exclusivo terreno urbanización Álvarez Bravo,Checa (Chilpa),terreno,venta,95000.0,0.0,1000.0,0,0,active,2026-10-10,remax_en_vivo
68499,SUITE DE ARRIENDO EN SECTOR VOZANDES,Rumipamba,departamento,arriendo,520.0,55.0,0.0,1,1,active,2026-10-10,remax_en_vivo
68498,ARRIENDO LOCAL IDEAL RESTAURANTE POR NOVACLINICA,Mariscal Sucre,local_comercial,arriendo,800.0,120.0,0.0,0,2,active,2026-10-10,remax_en_vivo
68497,LOCAL DE ARRIENDO CERCA A NOVACLINICA,Mariscal Sucre,local_comercial,arriendo,450.0,70.0,0.0,0,1,active,2026-10-10,remax_en_vivo
68496,TERRENO COMERCIAL CON INFRAESTRUCTURA COLEGIO,Ponceano,terreno_comercial,venta,3500000.0,0.0,8800.0,0,0,active,2026-10-10,remax_en_vivo
68495,SECTOR JIPIJAPA CASA RENTERA DE 7 DEPARTAMENTOS,Jipijapa,casa,venta,288000.0,791.0,403.0,16,2,active,2026-10-10,remax_en_vivo
68468,VENTA DE CASA RENTERA 4 PISOS LA VICENTINA,La Vicentina,casa,venta,165000.0,386.17,0.0,6,5,active,2026-10-10,remax_en_vivo
68461,VENTA TERRENO - VALLE DE LOS CHILLOS SANGOLQUI,Píntag,terreno,venta,71000.0,0.0,700.0,0,0,active,2026-10-10,remax_en_vivo
68460,DEPARTAMENTO TOTALMENTE REMODELADO,La Floresta,casa,venta,165000.0,235.0,332.0,4,2,active,2026-10-10,remax_en_vivo
68445,Departamento 3 d con amenities,Calderón (Carapungo),departamento,venta,74365.0,79.31,0.0,3,2,active,2026-10-10,remax_en_vivo
68444,Deprtamento 3 Dormitorios en Calderón,Calderón (Carapungo),departamento,venta,75.579,80.63,0.0,3,2,active,2026-10-10,remax_en_vivo
68443,Departamento 3 dormitorios,Calderón (Carapungo),departamento,venta,73.665,79.31,0.0,3,2,active,2026-10-10,remax_en_vivo
68442,Departamento 3 dormitorios,Calderón (Carapungo),departamento,venta,74.879,80.63,0.0,3,2,active,2026-10-10,remax_en_vivo
68441,Dep. 3 dormitorios con amenities,Calderón (Carapungo),departamento,venta,76304.0,82.94,0.0,3,2,active,2026-10-10,remax_en_vivo
68440,"Local Comercial en Alquiler – Vía Intervalles, Cum",Tolagasi,local_comercial,arriendo,1000.0,44.0,0.0,0,1,active,2026-10-10,remax_en_vivo
68438,Local Comercial en Renta en Vía Intervalles,Tolagasi,local_comercial,arriendo,1200.0,51.0,0.0,0,1,active,2026-10-10,remax_en_vivo
68437,Oficina en Renta en Cumbayá - Intervalles,Tolagasi,oficina,arriendo,900.0,61.0,0.0,0,1,active,2026-10-10,remax_en_vivo
68435,ARRIENDO OFICINA DE 146 M² | 12 DE OCTUBRE Y COLÓN,Mariscal Sucre,oficina,arriendo,800.0,146.0,0.0,0,8,active,2026-10-10,remax_en_vivo
68434,Departamento 3 dormitorios,Calderón (Carapungo),departamento,venta,74924.0,81.44,0.0,3,2,active,2026-10-10,remax_en_vivo
68419,DEPARTAMENTO LUJO QUITO TENIS 3H VISTA PANORAMICA,Rumipamba,departamento,venta,215000.0,296.0,0.0,3,3,active,2026-10-10,remax_en_vivo
68417,VENTA CASA MIRAVALLE QUITO 347 MTS,Guápulo,casa,venta,450000.0,357.0,357.0,4,3,active,2026-10-10,remax_en_vivo
68416,RENTA OFICINA COMERCIAL 80 MTS AV. PARIS-RIO COCA,Iñaquito,oficina,arriendo,550.0,80.0,0.0,0,2,active,2026-10-10,remax_en_vivo
68415,VENTA OFICINA SECTOR LA CORUÑA 35 MTS,Iñaquito,oficina,venta,59000.0,35.0,0.0,0,1,active,2026-10-10,remax_en_vivo
68411,Se Renta Oficina 160 m Av Diego de Almagro,Iñaquito,oficina,arriendo,600.0,165.0,0.0,0,3,active,2026-10-10,remax_en_vivo
68409,SE RENTA DEPARTAMENTO DE 2 HAB. ISLA SEYMUR,Jipijapa,departamento,arriendo,300.0,80.0,0.0,2,1,negotiation,2026-10-10,remax_en_vivo
68408,Espectacular casa independiente Granda Centeno,Granda Centeno,casa,venta,369000.0,837.0,376.0,4,4,active,2026-10-10,remax_en_vivo
68407,"CASA DE VENTA EN SANTA LUCIA, CONJUNTO ZERMATT",Sta. Lucia Alta,casa,venta,119000.0,225.28,5000.0,4,3,active,2026-10-10,remax_en_vivo
68406,"VENTA DE DEPARTAMENTO, MASTODONTES, URB ADIAEN",Mastodontes,departamento,venta,57000.0,94.35,0.0,2,2,active,2026-10-10,remax_en_vivo
68405,DEPARTAMENTO DE LUJO EN VENTA 2D SECTOR EL BOSQUE,El Bosque,departamento,venta,125000.0,114.0,0.0,2,2,active,2026-10-10,remax_en_vivo
68401,DEPARTAMENTO AMOBLADO UBICADO EN MONTESERRIN,Monteserrin,departamento,arriendo,670.0,185.0,0.0,3,2,active,2026-10-10,remax_en_vivo
68400,"OFICINA DUPLEX DE RENTA, UBICADA EN LA OCCIDENTAL",Union Nacional,oficina,arriendo,900.0,200.0,2000.0,0,2,active,2026-10-10,remax_en_vivo
68399,EN VENTA DEPARTAMENTO 3 DORMITORIOS LA CAROLINA,Iñaquito,departamento,venta,350000.0,229.32,0.0,3,3,active,2026-10-10,remax_en_vivo
68398,CASA DE VENTA 2 PISOS EN CONJUNTO PRIVADO,Carapungo,casa,venta,69000.0,124.0,128.0,3,2,active,2026-10-10,remax_en_vivo
68395,DEPARTAMENTO EN VENTA | CALIFORNIA ALTA - KENNEDY,California Bonanza,departamento,venta,54900.0,97.79,0.0,3,2,active,2026-10-10,remax_en_vivo
68393,CASA EN VENTA BATAN,Batan Alto,casa,venta,270000.0,486.0,325.0,6,4,active,2026-10-10,remax_en_vivo
68392,VENDO CASA SUR DE QUITO DE OPORTUNIDAD QUITUMBE,Quitumbe,casa,venta,67000.0,117.0,117.0,4,1,active,2026-10-10,remax_en_vivo
68391,CASA EN VENTA SECTOR EL CONDADO CUNJUNTO PRIVADO,Mena Del Hierro,casa,venta,100000.0,296.0,120.0,4,3,active,2026-10-10,remax_en_vivo
68390,CASA EN VENTA SECTOR VOZANDES,Chaupicruz,casa,venta,149000.0,253.5,100.0,3,2,active,2026-10-10,remax_en_vivo
68383,"Venta de Casa en el Sur de Quito, Guajaló.",Union Popular,casa,venta,128000.0,350.4,295.0,7,7,active,2026-10-10,remax_en_vivo
68382,VENTA DE CASA 480MT  3 DORMITORIOS CUMBAYA,Cumbayá,casa,venta,290000.0,478.0,0.0,3,3,active,2026-10-10,remax_en_vivo
68381,Oportunidad de Inversion en Propiedad Comercial,Mariana De Jesus,otro,venta,340000.0,1686.88,460.0,0,0,active,2026-10-10,remax_en_vivo
68378,Departamento en Venta Conocoto Conjunto La Salle P,Arupos Fund. Aurora,departamento,venta,70000.0,85.32,0.0,3,2,active,2026-10-10,remax_en_vivo
68376,DEPARTAMENTO EN VENTA 104m2 EDIFICIO EPIQ,La Republica,departamento,venta,229999.0,114.0,0.0,2,2,active,2026-10-10,remax_en_vivo
68367,VENTA LOCAL COMERCIAL DE 58M2V CCNU,Iñaquito,local_comercial,venta,87500.0,58.5,0.0,0,1,active,2026-10-10,remax_en_vivo
68365,CASA EN ALQUILER EN PUEMBO 3 DORMITORIOS,Puembo,casa,arriendo,880.0,173.0,100.0,3,2,active,2026-10-10,remax_en_vivo
68364,CASA EN VENTA EN SAN JUAN DE CALDERON,Calderón (Carapungo),casa,venta,35000.0,200.0,200.0,4,2,active,2026-10-10,remax_en_vivo
68363,Renta Departamento,Calderón (Carapungo),departamento,arriendo,330.0,97.0,0.0,3,2,active,2026-10-10,remax_en_vivo
68362,Renta Departamento,Calderón (Carapungo),departamento,arriendo,330.0,97.0,0.0,3,2,reserved,2026-10-10,remax_en_vivo
68361,Departamento EN RENTA | EL CÓNDOR Y AV. BRASIL,Rumipamba,departamento,arriendo,525.0,144.0,0.0,2,2,active,2026-10-10,remax_en_vivo
68360,CASA RENTERA EN VENTA SECTOR PISULI,Pisuli,house_comercial,venta,120000.0,370.0,205.0,15,9,active,2026-10-10,remax_en_vivo
68357,VENDO PROPIEDAD DE 1512 M2 EN SAN JUAN DE CUMBAYA,San Juan Alto,terreno,venta,290000.0,0.0,1512.0,0,0,active,2026-10-10,remax_en_vivo
68355,DEPARTAMENTO A ESTRENAR SECTOR LA KENNEDY,San Antonio,departamento,venta,110000.0,109.28,0.0,3,2,active,2026-10-10,remax_en_vivo
68351,VENTA TERRENO CUMBAYA OPORTURTUNIDAD,Cumbayá,terreno,venta,239000.0,0.0,1080.0,0,0,active,2026-10-10,remax_en_vivo
68349,VENDO CASA EN SANTA LUCIA,Kennedy,casa,venta,132000.0,223.0,223.0,4,3,active,2026-10-10,remax_en_vivo
68347,VENTA LOCAL COMERCIAL DE 58M2V CCNU,Iñaquito,local_comercial,venta,87500.0,58.5,0.0,0,1,active,2026-10-10,remax_en_vivo
68346,CASA  SECTOR POMASQUI CON ESPACIO PARA PROYECTAR,Pomasqui,casa,venta,159000.0,531.0,567.0,6,2,active,2026-10-10,remax_en_vivo
68342,TERRENO CON GALPON EN VENTA SECTOR SAN CARLOS ALTO,El Pedregal,terreno_comercial,venta,600000.0,0.0,1250.0,0,0,active,2026-10-10,remax_en_vivo
68336,SE RENTA CASA 3 DORMITORIOS VALLE DE LOS CHILLOS,Conocoto,casa,arriendo,750.0,182.0,0.0,3,3,active,2026-10-10,remax_en_vivo
68335,Casa en venta Conjunto Algarrobos  Nayón,Nayón,casa,venta,450000.0,589.0,588.0,5,4,active,2026-10-10,remax_en_vivo
68334,TERRENO PREMIUM EN VENTA EN CHAMBALA,La Viña,terreno,venta,1000000.0,0.0,3350.21,0,0,active,2026-10-10,remax_en_vivo
68333,VENTA TERRENO 511m² en Urbanización CUMBAYA,Cumbayá,terreno,venta,186000.0,0.0,511.0,0,0,active,2026-10-10,remax_en_vivo
68332,Local Comercial 535 m Plataforma Financiera,Iñaquito,local_comercial,arriendo,10000.0,535.0,0.0,0,1,active,2026-10-10,remax_en_vivo
68330,VENTA TERRENO  551m² SAN JUAN CUMBAYA URBANIZACION,Cumbayá,terreno,venta,200000.0,0.0,551.0,0,0,active,2026-10-10,remax_en_vivo
68323,"VENDO CASA RENTERA, SECTOR LA MAGDALENA",La Magdalena,casa,venta,179000.0,633.0,231.0,12,7,active,2026-10-10,remax_en_vivo
68322,Loft Amoblado En Renta - Edificio ONE La Carolina,Iñaquito,departamento,arriendo,950.0,65.0,0.0,1,1,active,2026-10-10,remax_en_vivo
68321,DEPARTAMENTO 3 HAB. - EDF. LA RECOLETA LA CAROLINA,Bellavista,departamento,arriendo,1500.0,135.5,0.0,3,2,active,2026-10-10,remax_en_vivo
68317,CASA INDEPENDIENTE EN ANTICRESIS PONCEANO 270M,Ponciano Alto,casa,arriendo,35000.0,270.0,200.0,4,3,active,2026-10-10,remax_en_vivo
68316,LOCAL COMERCIAL DE RENTA TUMBACO,Tumbaco,local_comercial,arriendo,850.0,118.0,0.0,0,2,active,2026-10-10,remax_en_vivo
68315,EN VENTA CASA MAS SUITE SECTOR CALDERON,El Clavel,casa,venta,85000.0,339.5,0.0,4,3,active,2026-10-10,remax_en_vivo
68314,VENTA DEPARTAMENTO COMPLETAMENTE REMODELADO - PB,Analuisa,departamento,venta,79000.0,116.38,0.0,3,2,active,2026-10-10,remax_en_vivo
68312,Suite Altos Granda Centeno 64m2 y parqueadero,Granda Centeno,departamento,arriendo,330.0,76.0,0.0,1,1,active,2026-10-10,remax_en_vivo
68307,CASA COMERCIAL DE VENTA,San Carlos,house_comercial,venta,38650.0,218.0,168.0,5,3,active,2026-10-10,remax_en_vivo
68306,DEPARTAMENTO EN RENTA  PLANTA BAJA SECTOR PISULI,Pisuli,departamento,arriendo,120.0,61.0,0.0,2,1,active,2026-10-10,remax_en_vivo
68305,DEPARTAMENTO EN RENTA SEGUNDA PLANTA SECTOR PISUL,Pisuli,departamento,arriendo,120.0,61.0,0.0,2,1,active,2026-10-10,remax_en_vivo
68304,DEPARTAMENTO EN RENTA SEGUNDA PLANTA SECTOR PISUL,Pisuli,departamento,arriendo,120.0,61.0,0.0,2,1,active,2026-10-10,remax_en_vivo
68303,DEPARTAMENTO EN RENTA TERCERA PLANTA SECTOR PISULI,Pisuli,departamento,arriendo,120.0,61.0,0.0,2,1,active,2026-10-10,remax_en_vivo
68302,MINI SUITE EN RENTA CUARTO PISO SECTOR PISULI,Pisuli,departamento,arriendo,70.0,33.0,0.0,1,1,active,2026-10-10,remax_en_vivo
68301,MINI SUITE EN RENTA CUARTA PLANTA SECTOR PISULI,Pisuli,departamento,arriendo,70.0,33.0,0.0,1,1,active,2026-10-10,remax_en_vivo
68300,TERRENO EN VENTA – MITAD DEL MUNDO | SAN ANTONIO,San Antonio,terreno,venta,385000.0,0.0,3365.0,0,0,active,2026-10-10,remax_en_vivo
68299,Terreno en Venta 200m2 la Roldos,Jaime Roldos,terreno,venta,18000.0,0.0,200.0,0,0,active,2026-10-10,remax_en_vivo
68298,Local Comercial Renta Fernando Davalo La Florida,Cochapamba,local_comercial,arriendo,250.0,22.0,0.0,0,1,active,2026-10-10,remax_en_vivo
68285,VENTA  EDIFICIO COMERCIAL-MEDICO AV. 6 DICIEMBRE,Batan Bajo,edificio_completo,venta,795000.0,1222.0,525.0,0,0,active,2026-10-10,remax_en_vivo
68283,VENTA DE TERRENO SECTOR TABABELA,Tababela,terreno,venta,5300000.0,0.0,26630.0,0,0,active,2026-10-10,remax_en_vivo
68274,Venta Terreno  Tababela 8.431 m2,Guambi,terreno,venta,490000.0,0.0,8431.0,0,0,active,2026-10-10,remax_en_vivo
68273,"Venta casa La Rumiñahui, una sola planta 3 hab.",Kennedy,casa,venta,72000.0,128.0,147.0,3,1,active,2026-10-10,remax_en_vivo
68272,Venta casa 3 hab. Guamaní,Guamaní,casa,venta,52000.0,74.0,0.0,3,2,active,2026-10-10,remax_en_vivo
68271,VENTA CASA RENTERA TURUBAMBA,Turubamba,casa,venta,84500.0,265.0,72.0,7,4,active,2026-10-10,remax_en_vivo
68270,Venta Terreno La Merced 2.011 m2,La Merced,terreno,venta,85000.0,0.0,2011.0,0,0,active,2026-10-10,remax_en_vivo
68269,Venta Casa Rentera 7 Dptos. Carcelén,Carcelén,casa,venta,143000.0,360.0,170.0,17,8,active,2026-10-10,remax_en_vivo
68268,Venta Casa Rentera sector San Bartolo La Magdalena,La Magdalena,house_comercial,venta,172000.0,397.0,312.0,5,4,active,2026-10-10,remax_en_vivo
68266,TERRENO EN VENTA – URBANIZACIÓN LA ARMENIA 2,Conocoto,terreno,venta,89000.0,0.0,850.0,0,0,active,2026-10-10,remax_en_vivo
68261,CASA EN RENTA – MIRAVALLE CUMBAYÁ,Miravalle 2,casa,arriendo,1500.0,420.0,420.0,3,2,active,2026-10-10,remax_en_vivo
68260,"VENTA CASA MODERNA,4 DORMITORIOS. CONJ CON PISCINA",Calderón (Carapungo),casa,venta,89000.0,142.0,142.0,4,2,active,2026-10-10,remax_en_vivo
68255,"Vendo terreno en urbanización, Alangasi",Alangasí,terreno,venta,50000.0,0.0,199.0,0,0,active,2026-10-10,remax_en_vivo
68254,Terreno Esquinero en Venta vía PISULI,El Condado,terreno,venta,22000.0,0.0,1020.0,0,0,active,2026-10-10,remax_en_vivo
68253,"Terreno en venta, vía PISULI",El Condado,terreno,venta,22000.0,0.0,1000.0,0,0,active,2026-10-10,remax_en_vivo
68249,DEPARTAMENTO 3 DORMITORIOS SECTOR BATAN BAJO,Iñaquito,departamento,venta,170000.0,187.1,0.0,3,3,active,2026-10-10,remax_en_vivo
68248,VENTA ESPECTACULAR PENTHOUSE CALLE BOSMEDIANO,Bellavista,penthouse,venta,250000.0,219.55,0.0,3,3,active,2026-10-10,remax_en_vivo
68247,Casa de Venta por Estrenar en Llano Chico,Llano Chico,casa,venta,123800.0,206.95,0.0,3,2,active,2026-10-10,remax_en_vivo
68241,VENTA SUITE AMOBLADA BELLAVISTA,Iñaquito,departamento,venta,78000.0,67.0,0.0,1,1,active,2026-10-10,remax_en_vivo
68240,VENTA DE DEPARTAMENTO REMODELADO EN EL BOSQUE,El Bosque,departamento,venta,189000.0,297.0,0.0,3,4,active,2026-10-10,remax_en_vivo
68239,SECTOR AMAGASI DEL INCA DEPARTAMENTO 3D RENTO,El Inca,departamento,arriendo,600.0,143.0,0.0,3,2,active,2026-10-10,remax_en_vivo
68238,BODEGA 5000m2  MEDIANO IMPACTO CHAUPI MOLINO -PIFO,Tababela,baulera,arriendo,32500.0,5000.0,0.0,0,0,active,2026-10-10,remax_en_vivo
68236,Venta de departamento en el Norte de Quito,Comité Del Pueblo,departamento,venta,50000.0,86.08,0.0,3,2,active,2026-10-10,remax_en_vivo
68235,PROPIEDAD COMERCIAL EN VENTA QUITO,Iñaquito,edificio_comercial,venta,690000.0,563.0,180.0,4,4,active,2026-10-10,remax_en_vivo
68233,BODEGA 2500m2  MEDIANO IMPACTO CHAUPI MOLINO -PIFO,Tababela,baulera,arriendo,16250.0,2500.0,0.0,0,0,active,2026-10-10,remax_en_vivo
68223,"VENDO 3 NICHOS, EN CAMPO SANTO MONTE OLIVO",Batan Alto,terreno,venta,7900.0,0.0,6.0,0,0,active,2026-10-10,remax_en_vivo
68222,VENTA CASA 3D SECTOR POMASQUI,San Jose,casa,venta,52000.0,105.42,0.0,3,2,active,2026-10-10,remax_en_vivo
68221,CASA AMOBLADA EN VENTA QUITO NORTE - SN.JOSE MORAN,Union Nacional,casa,venta,110000.0,174.3,194.91,4,3,active,2026-10-10,remax_en_vivo
68220,Suite en venta de 70 m²  Mirasierra - Alangasi,Alangasí,departamento,venta,98300.0,70.0,0.0,1,1,active,2026-10-10,remax_en_vivo
68219,Oficina o Departamento en venta,Mirasierra,oficina,venta,153000.0,97.0,0.0,0,2,active,2026-10-10,remax_en_vivo
68218,CASA EN VENTA SECTOR JIPIJAPA,El Inca,casa,venta,365000.0,648.0,372.0,10,8,active,2026-10-10,remax_en_vivo
68217,Departamento 3 dormitorios Av Ilalo Mirasierra,Mirasierra,departamento,arriendo,690.0,165.0,0.0,3,2,active,2026-10-10,remax_en_vivo
68209,CASA EN RENTA I URBANIZACIÓN BALCÓN DEL NORTE,Balcon Del Norte,casa,arriendo,660.0,269.0,0.0,3,3,active,2026-10-10,remax_en_vivo
68208,OFICINA EN RENTA AV ILALO VALLE DE LOS CHILLOS,Alangasí,oficina,arriendo,780.0,65.0,0.0,1,1,active,2026-10-10,remax_en_vivo
68207,EN VENTA DEPARTAMENTO CERCA EMBAJADA AMERICANA,Julio Matovelle,departamento,venta,94000.0,78.59,0.0,2,2,active,2026-10-10,remax_en_vivo
68206,Suite a estrenar de 70 m² en alquiler – Mirasierra,Alangasí,departamento,arriendo,390.0,70.0,0.0,1,1,active,2026-10-10,remax_en_vivo
68205,LOCAL COMERCIAL EN VENTA - AV ILALO,Alangasí,local_comercial,venta,119000.0,60.0,0.0,0,1,active,2026-10-10,remax_en_vivo
68167,CASA EN VENTA – BOSQUES SAN ISIDRO DEL INCA 4,San Isidro 2,casa,venta,86900.0,220.0,0.0,3,2,active,2026-10-10,remax_en_vivo
68153,"Suite Amoblada en Arriendo, Isabel La Católica",Mariscal Sucre,departamento,arriendo,650.0,106.0,0.0,1,1,active,2026-10-10,remax_en_vivo
68151,VENTA DE COLEGIO EN MONTESERRIN,Jipijapa,terreno_comercial,venta,5540000.0,0.0,11425.0,0,0,active,2026-10-10,remax_en_vivo
68144,OFICINA EN VENTA – EXCELENTE OPORTUNIDAD DE INVER,Calderón (Carapungo),oficina,venta,26000.0,33.0,0.0,0,1,active,2026-10-10,remax_en_vivo
68143,OFICINA EN VENTA – EXCELENTE OPORTUNIDAD DE INVER,Calderón (Carapungo),oficina,venta,26000.0,33.0,0.0,0,1,active,2026-10-10,remax_en_vivo
68141,SE ALQUILA LOCAL COMERCIAL EN LA CORUÑA,La Paz,local_comercial,arriendo,4500.0,395.0,395.0,0,0,reserved,2026-10-10,remax_en_vivo
68138,Quinta Campestre en Venta en Yaruquí – 5.015 m²,Yaruquí,quinta,venta,249000.0,400.0,5015.0,3,2,active,2026-10-10,remax_en_vivo
68136,Conjunto residencial La Candelaria en Venta,Calderón (Carapungo),casa,venta,80000.0,120.0,120.0,3,2,active,2026-10-10,remax_en_vivo
68129,"Casa de 2 pisos + Terraza, El Conde 3",Quitumbe,casa,venta,63000.0,125.22,124.59,4,1,active,2026-10-10,remax_en_vivo
68127,"LOCAL EN RENTA PARA OFICINAS , GYM , BODEGAS",El Inca,oficina,arriendo,700.0,200.0,0.0,0,2,active,2026-10-10,remax_en_vivo
68126,LOCAL COMERCIAL EN RENTA TANDA MIRAVALLE,San Francisco de Tanda,local_comercial,arriendo,700.0,56.0,0.0,0,0,active,2026-10-10,remax_en_vivo
68125,LOCAL COMERCIAL EN RENTA TANDA MIRAVALLE,San Francisco de Tanda,local_comercial,arriendo,550.0,53.0,0.0,0,1,active,2026-10-10,remax_en_vivo
68124,VENTA DEPARTAMENTO AMPLIO CERCA C.C. EL BOSQUE,Quito Tenis,departamento,venta,199500.0,326.0,0.0,3,3,active,2026-10-10,remax_en_vivo
68122,Amplio Departamento Duplex de 206 m2 en San Marcos,San Blas,departamento,venta,112500.0,206.0,0.0,4,3,active,2026-10-10,remax_en_vivo
68121,CASA EN CONJUNTEN VENTA SECTOR 9 DE JUNIO PONCEANO,Kennedy,casa,venta,165000.0,238.79,0.0,3,2,active,2026-10-10,remax_en_vivo
68118,Penthouse en venta - Sector Lomas de Monteserrin,Lomas de Monteserrin,penthouse,venta,225000.0,200.18,0.0,4,4,active,2026-10-10,remax_en_vivo
68115,VENTA DEPARTAMENTO QUITO TENNIS,Quito Tenis,departamento,venta,165000.0,256.0,0.0,3,3,active,2026-10-10,remax_en_vivo
68114,RENTO Amplia Casa Independiente Sector El Condado,Los Cipreses,casa,arriendo,600.0,543.58,510.0,3,2,reserved,2026-10-10,remax_en_vivo
68113,VENTA DE CASA CON TERRENO,El Rocio Guamani,casa,venta,130000.0,477.38,877.75,3,2,active,2026-10-10,remax_en_vivo
68111,DEPARTAMENTO EN VENTA PONCEANO BAJO,Ponceano,departamento,venta,55000.0,77.75,0.0,2,1,active,2026-10-10,remax_en_vivo
68097,"En renta oficina equipada  90m2, Republica del Sal",La Carolina,oficina,arriendo,1350.0,90.0,0.0,0,2,active,2026-10-10,remax_en_vivo
68096,DEPARTAMENTO EN VENTA EN LA FLORESTA,La Floresta,departamento,venta,95000.0,163.0,0.0,3,2,active,2026-10-10,remax_en_vivo
68095,"DEPARTAMENTO, DOS HABITACIONES SECTOR LA CAROLINA",Iñaquito,departamento,venta,155000.0,102.0,0.0,2,2,active,2026-10-10,remax_en_vivo
68094,Suite en Venta Amoblada de 71 m²  : Bellavista,Bellavista,departamento,venta,134800.0,71.0,0.0,1,1,active,2026-10-10,remax_en_vivo
68093,VENTA CASA 3 PISOS EL CONJ. KAUSAY CALDERON $65000,Jose Teran,casa,venta,65000.0,114.18,0.0,3,2,active,2026-10-10,remax_en_vivo
68092,CASA EN VENTA EN EL PINAR ALTO – QUITO/  $72.500,El Pinar Alto,casa,venta,72500.0,111.59,0.0,3,1,active,2026-10-10,remax_en_vivo
68090,CASA EN VENTA INDEPENDIENTE,San Bartolo,casa,venta,62500.0,265.0,500.0,3,1,active,2026-10-10,remax_en_vivo
68087,Casa comercial residencial en venta con 2.571mts,Santa Lucia Baja,casa,venta,560000.0,706.0,2571.0,4,4,active,2026-10-10,remax_en_vivo
68085,SE VENDE CASA CON LOCAL COMERCIAL DOS PUENTES,Dos Puentes,casa,venta,59900.0,364.83,184.0,4,2,active,2026-10-10,remax_en_vivo
68084,"CASA EN VENTA EN MIRAVALLE, CUMBAYÁ 246M2",Miravalle 1,casa,venta,220000.0,288.0,150.0,4,4,active,2026-10-10,remax_en_vivo
68078,Suite full amoblada Mall el Jardín,Iñaquito,departamento,arriendo,400.0,40.0,0.0,1,1,active,2026-10-10,remax_en_vivo
68077,SUITE EN VENTA CERCA DEL PARQUE METROPOLITANO,El Batan,departamento,venta,68000.0,44.97,0.0,1,1,active,2026-10-10,remax_en_vivo
68076,EN RENTA DPTO 2 DORMITORIOS - LA MAGDALENA,La Magdalena,departamento,arriendo,200.0,80.0,0.0,2,1,reserved,2026-10-10,remax_en_vivo
68075,CASA 4 DORMITORIOS EN CONJUNTO LA MORITA TUMBACO,La Morita,casa,venta,265000.0,486.0,0.0,4,3,active,2026-10-10,remax_en_vivo
68074,CASA DE RENTA AMPLIA DE 5 DORMITORIOS  INTERVALLES,Tumbaco,casa,arriendo,3200.0,620.0,1300.0,5,4,active,2026-10-10,remax_en_vivo
68073,"TUMBACO,LA CERAMICA DEPT 2 DORMITORIOS CON PATIO",Tumbaco,departamento,arriendo,750.0,115.0,0.0,2,2,active,2026-10-10,remax_en_vivo
68072,"TERRENO ESQUINERO EN VENTA_207,61 M2_ CALDERÓN",San Jose de Moran,terreno,venta,28000.0,0.0,207.0,0,0,active,2026-10-10,remax_en_vivo
68071,"RENTA CASA 180M2 1200M2 PATIO 3 HABIT, ESTUDIO PB",Nayón,casa,arriendo,1300.0,185.0,1200.0,4,3,active,2026-10-10,remax_en_vivo
68070,RENTA CON MUEBLES CASA NAYON 1500AM2 JARDIN PB 3D,Nayón,casa,arriendo,1600.0,205.0,1500.0,3,3,active,2026-10-10,remax_en_vivo
68069,VENDO TERRENO 20.000 M2 GUAYLLABAMBA,Guayllabamba,terreno,venta,200000.0,0.0,20000.0,0,0,active,2026-10-10,remax_en_vivo
68068,Se renta casa independiente en Ponceano,Ponceano,casa,arriendo,430.0,150.0,150.0,3,2,reserved,2026-10-10,remax_en_vivo
68067,Vendo casa de lujo con 4 dor. Jardines del Batan,Iñaquito,casa,venta,960000.0,842.39,526.0,4,4,active,2026-10-10,remax_en_vivo
68064,ARRIENDO DEPARTAMENTO,Hermano Miguel,departamento,arriendo,250.0,80.0,0.0,2,2,active,2026-10-10,remax_en_vivo
68063,VENDO HERMOSO TERRENO PLANO GUAYLLABAMBA,San Rafael,terreno,venta,533000.0,0.0,8893.0,0,0,active,2026-10-10,remax_en_vivo
68062,Vendo Duplex junto a la Plataforma del Sur,Intillacta,departamento,venta,48500.0,89.76,0.0,3,1,active,2026-10-10,remax_en_vivo
68061,"Departamento en Renta, sector El Bosque",Quito Tenis,departamento,arriendo,950.0,36.0,0.0,3,2,active,2026-10-10,remax_en_vivo
68060,GALPON Y LOCAL COMERCIAL EN VENTA,El Condado,galpon,venta,551000.0,640.0,1460.0,0,4,active,2026-10-10,remax_en_vivo
68059,CASA DE VENTA EN TUMBACO,Tumbaco,casa,venta,185000.0,247.93,0.0,3,3,active,2026-10-10,remax_en_vivo
68058,PENTHOUSE DE LUJO,Gonzalez Suarez,penthouse,venta,500000.0,536.2,0.0,6,5,active,2026-10-10,remax_en_vivo
68053,Casa en venta- Llano Grande,Llano Chico,casa,venta,150000.0,554.0,260.0,3,3,active,2026-10-10,remax_en_vivo
68045,TERRENO PLANO Y ESQUINERO EN VENTA CONOCOTO 719M2,San Francisco,terreno,venta,95000.0,0.0,719.0,0,0,active,2026-10-10,remax_en_vivo
68044,En Venta Terreno Inversionistas La Macarena Alta,Conocoto,terreno_comercial,venta,330395.0,0.0,5083.59,0,0,active,2026-10-10,remax_en_vivo
68043,CASA DE 3 PISOS EN PINAR ALTO | 5 ESPACIOS INDEPEN,El Pinar Alto,casa,venta,66000.0,302.0,117.0,5,3,active,2026-10-10,remax_en_vivo
68042,TERRENO EN VENTA SECTOR CHECA 80.000 M2,Chilpecito,terreno,venta,3200000.0,0.0,80000.0,0,0,active,2026-10-10,remax_en_vivo
68040,Consultorio en renta - Sector Hosp. Metropolitano,La Granja,consultorio,arriendo,320.0,30.0,0.0,0,1,active,2026-10-10,remax_en_vivo
68039,VENTA DEPARTAMENTO PRIMER PISO SECTOR COCHAPAMBA,Cochapamba Sur,departamento,venta,78000.0,173.56,0.0,3,1,active,2026-10-10,remax_en_vivo
68028,Venta Terrenos Industriales I3 Turubamba,Quitumbe,terreno_comercial,venta,1590000.0,0.0,20000.0,0,0,active,2026-10-10,remax_en_vivo
68020,AV 6 DE DICIEMBRE Y CHECOSLOVAQUIA SEIS RESIDENCI,Iñaquito,departamento,venta,185000.0,86.0,0.0,2,2,active,2026-10-10,remax_en_vivo
68019,Vendo casa con dos Departamentos - Sur de Quito,Salvador Allende,departamento,venta,65000.0,143.8,0.0,6,3,active,2026-10-10,remax_en_vivo
68018,TERRENO EN VENTA SECTOR CHECA 25.000M2,Chilpecito,terreno,venta,1000000.0,0.0,25000.0,0,0,active,2026-10-10,remax_en_vivo
68017,DEPARTAMENTO EN RENTA MONJAS ORQUIDEAS 112M2,Las Orquideas,departamento,arriendo,280.0,127.0,0.0,3,2,active,2026-10-10,remax_en_vivo
68016,SUITE EN VENTA PROYECTO QONDESA NACIONES UNIDAS 48,La Carolina,departamento,venta,137000.0,48.0,0.0,1,1,active,2026-10-10,remax_en_vivo
68009,EN VENTA CASA DE 3 PISOS POMASQUI CIUDAD BICENTENA,Pomasqui,casa,venta,43000.0,103.0,58.0,3,2,active,2026-10-10,remax_en_vivo
68006,SE ARRIENDA SALON COMERCIAL 180 M2 -CHIMBACALLE,Centro Histórico,oficina,arriendo,500.0,180.0,100.0,0,2,active,2026-10-10,remax_en_vivo
67995,"Terreno Intercambiador de Carcelen, Galo Plaza",Camino Eucalipto,terreno_comercial,venta,275000.0,0.0,1539.0,0,0,active,2026-10-10,remax_en_vivo
67994,"Terreno Intercambiador de Carcelen, Galo Plaza",Camino Eucalipto,casa,venta,275000.0,636.62,1539.0,3,2,active,2026-10-10,remax_en_vivo
67993,Casa confortable para disfrutar con la familia !!!,1ra. Zona Aerea,casa,venta,152000.0,268.0,0.0,4,3,active,2026-10-10,remax_en_vivo
67990,VENTA DEPARTAMENTO SECTOR RANCHO BAJO- EL CONDADO,Rancho Bajo,departamento,venta,33000.0,71.79,0.0,2,1,active,2026-10-10,remax_en_vivo
67989,VENTA DEPARTAMENTO SECTOR RANCHO BAJO- EL CONDADO,Rancho Bajo,departamento,venta,27000.0,52.08,0.0,2,1,active,2026-10-10,remax_en_vivo
67988,Venta Casa Rentera sector Parque Ingles,San Pedro Claver I,casa,venta,199000.0,437.0,175.0,8,6,active,2026-10-10,remax_en_vivo
67987,CASA EN VENTA | MITAD DEL MUNDO,Santo Domingo Bajo,casa,venta,49000.0,102.4,0.0,3,1,active,2026-10-10,remax_en_vivo
67986,CASA REMODELADA EN VENTA – CONJUNTO BONANZA,Calderón (Carapungo),casa,venta,750000.0,141.0,0.0,3,2,active,2026-10-10,remax_en_vivo
67984,CASA EN VENTA – CONJUNTO BONANZA,Calderón (Carapungo),casa,venta,69000.0,126.0,0.0,3,2,active,2026-10-10,remax_en_vivo
67976,"Casa a Estrenar en Venta, Pomasqui",Pomasqui,casa,venta,120000.0,159.66,0.0,3,2,active,2026-10-10,remax_en_vivo
67975,"Oficina en Venta, Alameda, Sector Ejido",Ejido,oficina,venta,45000.0,79.35,0.0,0,1,active,2026-10-10,remax_en_vivo
67974,"Casa en Venta, Sector San Fernando",San Fernando,casa,venta,95000.0,123.45,0.0,3,2,active,2026-10-10,remax_en_vivo
67973,"Departamento en Venta, Sector La Concepciòn",Omnibus Urbano,departamento,venta,89500.0,101.8,0.0,2,2,active,2026-10-10,remax_en_vivo
67971,"Departamento en Venta, Sector Larrea",Larrea,departamento,venta,70000.0,108.0,0.0,3,3,active,2026-10-10,remax_en_vivo
67969,"Casa de Venta en la Armenia, Valle de los Chillos",Conocoto,casa,venta,135000.0,161.0,0.0,3,3,active,2026-10-10,remax_en_vivo
67968,Casa Rentera de Venta en Ponceano,Ponceano,casa,venta,240000.0,260.0,30.0,7,7,active,2026-10-10,remax_en_vivo
67967,Casa de Venta en Tumbaco,Tumbaco,casa,venta,169000.0,223.0,0.0,3,2,active,2026-10-10,remax_en_vivo
67966,Departamento cerca Universidades,Mariscal Sucre,departamento,venta,89900.0,133.55,0.0,3,2,active,2026-10-10,remax_en_vivo
67963,Casa de Venta en Ponceano,Ponceano,casa,venta,298000.0,246.0,554.0,3,3,active,2026-10-10,remax_en_vivo
67962,Casa Rentera - Quito Norte - Ponceano,Cotocollao,casa,venta,120000.0,336.0,168.0,2,2,active,2026-10-10,remax_en_vivo
67961,"Casa Rentera - AL SUR: Recreo, La Ferroviaria,",Recreo Clemencia,casa,venta,154000.0,497.53,497.53,4,1,active,2026-10-10,remax_en_vivo
67959,EN VENTA DEPTO 77 m² 3 D PONCEANO-DIEGO DE VÁSQUEZ,Ponciano Bajo,departamento,venta,39000.0,78.0,0.0,3,2,active,2026-10-10,remax_en_vivo
67952,Renta Local Comercial en Cochapamba - Jorge Piedra,Cochapamba,local_comercial,arriendo,160.0,50.0,0.0,0,1,active,2026-10-10,remax_en_vivo
67950,DEPARTAMENTO EN RENTA TUMBACO/LA CERAMICA/$800,La Ceramica,departamento,arriendo,800.0,90.05,0.0,2,2,active,2026-10-10,remax_en_vivo
67949,CASA EN VENTA | SAN JOSÉ DEL VALLE  $139.000,San Jose Del Valle,casa,venta,139000.0,258.0,0.0,4,3,active,2026-10-10,remax_en_vivo
67947,Terreno en Venta,Yaruquí,terreno,venta,312000.0,0.0,19854.0,0,0,active,2026-10-10,remax_en_vivo
67946,DEP SEMI AMUEBLADO EN RENTA PONCEANO,Ponceano,departamento,arriendo,550.0,97.0,0.0,2,2,reserved,2026-10-10,remax_en_vivo
67945,Terreno de Venta en Calderon,Calderón (Carapungo),terreno,venta,450000.0,0.0,4089.0,0,0,active,2026-10-10,remax_en_vivo
67938,RENTO DEPARTAMENTO LA CAROLINA,Iñaquito,departamento,arriendo,950.0,100.0,0.0,2,2,active,2026-10-10,remax_en_vivo
67937,TERRENO DE VENTA EN PIFO LLEGANDO A PUEMBO,Pifo,galpon,arriendo,1500000.0,1800.0,6000.0,0,1,active,2026-10-10,remax_en_vivo
67934,CASA EN VENTA CONOCOTO VALLE DE LOS CHILLOS 184m2,Conocoto,casa,venta,114000.0,222.0,150.0,4,2,active,2026-10-10,remax_en_vivo
67933,RESTAURANTE EQUIPADO CALLE MOTILONES BATAN ALTO,Batan Alto,house_comercial,arriendo,1200.0,296.0,431.0,2,1,active,2026-10-10,remax_en_vivo
67929,DEPARTAMENTO AMOBLADO EN RENTA TUMBACO VILLAVEGA,Villa Vega,departamento,arriendo,450.0,70.0,0.0,2,2,active,2026-10-10,remax_en_vivo
67928,DEPARTAMENTO + TERRAZA PRIVADA INDEPENDIENTE - 122,Balcon Del Valle,departamento,venta,94500.0,252.24,0.0,3,1,active,2026-10-10,remax_en_vivo
67926,Terreno en Venta | Urbanización Palmas del Prado –,Chaupi Molino,terreno,venta,152000.0,0.0,545.0,0,0,active,2026-10-10,remax_en_vivo
67925,453m² EN ALQUILER PARA EMPRESAS AV. REAL AUDIENCIA,Ponceano,house_comercial,arriendo,3500.0,453.04,363.0,4,4,active,2026-10-10,remax_en_vivo
67923,VENDO CASA ESQUINERA - RENTERA - CDLA IBARRA,Chillogallo,house_comercial,venta,125000.0,337.18,180.0,6,4,active,2026-10-10,remax_en_vivo
67922,VENTA EDIFICIO - 5 DEPARTAMENTOS + LOCAL COMERCIAL,Las Casas Bajo,edificio_completo,venta,290000.0,853.0,0.0,0,0,active,2026-10-10,remax_en_vivo
67917,Casa en Venta – Huertos de Lumbisí / Cumbayá / El,Cumbayá,casa,venta,370000.0,674.0,674.0,4,3,active,2026-10-10,remax_en_vivo
67916,Casa en venta en Miravalle – Cumbayá,Cumbayá,casa,venta,249000.0,587.0,589.0,3,3,active,2026-10-10,remax_en_vivo
67915,Oficina Corporativa en Venta – Catalina Plaza | Qu,Bellavista,oficina,venta,125000.0,87.0,0.0,0,2,active,2026-10-10,remax_en_vivo
67914,CASA EN VENTA SECTOR CARCELÉN – CONJ. MATISSES,Carcelén,casa,venta,65000.0,115.22,115.22,3,2,active,2026-10-10,remax_en_vivo
67913,VENTA DE PROPIEDAD COMERCIAL SECTOR CARAPUNGO,Calderón (Carapungo),inversion,venta,145000.0,213.12,167.36,0,3,active,2026-10-10,remax_en_vivo
67906,"Oficina Amoblada de Venta, Sector Mariscal Sucre",La Colon,oficina,venta,184000.0,228.0,0.0,0,4,active,2026-10-10,remax_en_vivo
67905,"Local Comercial de Renta, Ave. Galo Plaza Lasso",Carcelen FV Ponciano,local_comercial,arriendo,2200.0,538.0,0.0,0,4,active,2026-10-10,remax_en_vivo
67902,AMPLIA OFICINA EN RENTA PLAZA ARTIGAS,Mariscal Sucre,oficina,arriendo,830.0,146.0,0.0,0,2,active,2026-10-10,remax_en_vivo
67900,Casa Loft en venta en Tumbaco en Conjunto,Tumbaco,casa,venta,139900.0,162.25,0.0,2,2,active,2026-10-10,remax_en_vivo
67899,OFICINA CON VISTA ESPECTACULAR A LA BASÍLICA,San Blas,oficina,venta,28000.0,43.0,0.0,0,1,active,2026-10-10,remax_en_vivo
67898,RENTA DEPARTAMENTO PLANTA BAJA SECTOR EL INCA,El Inca,departamento,arriendo,575.0,200.0,0.0,3,2,reserved,2026-10-10,remax_en_vivo
67897,Oficinas en venta la Primavera Cumbaya (Planos),Cumbayá,oficina,venta,75000.0,30.82,0.0,0,1,active,2026-10-10,remax_en_vivo
67896,Suites de inversión  en venta la Primavera Cumbaya,Cumbayá,inversion,venta,75000.0,34.66,0.0,1,1,active,2026-10-10,remax_en_vivo
67895,VENTA CASA AMPLIA PIFO CON AREA VERDE,Pifo,casa,venta,245000.0,229.0,1040.0,4,4,active,2026-10-10,remax_en_vivo
67894,VENTA DEPARTAMENTO 3D SECTOR EDIF CALIDAD PREMIUM,Chaupicruz (La Concepcion),departamento,venta,168500.0,137.0,0.0,3,2,active,2026-10-10,remax_en_vivo
67876,"Hermosa Suite piso 8 edificio Foresta, El Bosque",El Bosque,departamento,venta,99500.0,61.0,0.0,1,1,active,2026-10-10,remax_en_vivo
67874,Departamento 3 Dormitorios sector 23 de Junio,23 De Junio,departamento,venta,108000.0,169.4,0.0,3,2,active,2026-10-10,remax_en_vivo
67871,Departamento 2 Dormitorios sector 23 de Junio,23 De Junio,departamento,venta,50000.0,79.6,0.0,2,1,active,2026-10-10,remax_en_vivo
67867,VENTA Duplex 480 m2 en Bellavista,Bellavista,departamento,venta,249000.0,480.28,0.0,4,5,active,2026-10-10,remax_en_vivo
67848,Consultorio de venta detrás clínica Pichincha,Mariscal Sucre,consultorio,venta,38000.0,80.0,0.0,3,1,active,2026-10-10,remax_en_vivo
67847,Hermosa casa en conjunto ¨Las retamas¨ carcelén,Carcelén,casa,venta,85000.0,134.0,134.0,3,3,active,2026-10-10,remax_en_vivo
67846,Hermosa casa en conjunto jardines de carcelen,Carcelén,casa,venta,83000.0,133.2,133.2,4,3,active,2026-10-10,remax_en_vivo
67842,EN VENTA CASA 287m2 PARQUES ALGARROBOS II,Cumbayá,casa,venta,350000.0,417.0,215.0,3,3,active,2026-10-10,remax_en_vivo
67840,VENDO DEPARTAMENTO TIPO CASA SECTOR QUITO TENIS,Quito Tenis,departamento,venta,187000.0,400.0,0.0,3,3,active,2026-10-10,remax_en_vivo
67838,VENTA DE AMPLIO DEPARTAMENTO EN QUITO TENIS,Quito Tenis,departamento,venta,245000.0,248.0,0.0,2,2,active,2026-10-10,remax_en_vivo
67827,CENTRO LOGÍSTICO  EN VENTA OFIBODEGA SECTOR AV OCC,Urb. El Condado,galpon,venta,705000.0,1863.0,1340.0,0,1,active,2026-10-10,remax_en_vivo
67824,terreno en venta excelente ubicación,Conocoto,terreno,venta,250000.0,0.0,2765.0,0,0,active,2026-10-10,remax_en_vivo
67822,Casa de 3 dormitorios/ La Armenia,Conocoto,casa,venta,125000.0,143.67,143.67,3,2,active,2026-10-10,remax_en_vivo
67820,Oficina en Renta sector La Carolina,Iñaquito,oficina,arriendo,1200.0,120.0,0.0,0,2,active,2026-10-10,remax_en_vivo
67819,DE VENTA DEPARTAMENTO 2HAB EDIF FORESTA,Cochapamba,departamento,venta,120000.0,89.0,0.0,2,2,active,2026-10-10,remax_en_vivo
67818,En Venta Terreno en Tumbaco,Tumbaco,terreno,venta,385000.0,0.0,2247.34,0,0,active,2026-10-10,remax_en_vivo
67814,DEPARTAMENTO EN EL BARRIO BELLAVISTA QUITO ECUADOR,Bellavista,departamento,venta,135000.0,163.54,0.0,2,2,active,2026-10-10,remax_en_vivo
67811,Casa esquinera con suite y jardín - Puembo,Santa Ana Mangahuant,casa,venta,395000.0,537.01,400.0,5,5,active,2026-10-10,remax_en_vivo
67810,Casa de 3 pisos sector residencial estratégico,San Miguel de Amagasi,casa,venta,169500.0,277.15,263.9,4,4,active,2026-10-10,remax_en_vivo
67809,"CASA EN VENTA 3 DORMITORIOS, COTOCOLLAO",Cotocollao,casa,venta,92000.0,204.9,0.0,3,3,active,2026-10-10,remax_en_vivo
67807,EN VENTA GALPÓN O BODEGA EN AMAGUAÑA,Amaguaña,galpon,venta,780000.0,1738.0,2869.0,0,1,active,2026-10-10,remax_en_vivo
67805,DEPARTAMENTO EN VENTA JUNTO A LA AV. RUMIÑAHUI,Conocoto,departamento,venta,65000.0,116.0,0.0,3,1,active,2026-10-10,remax_en_vivo
67803,"AMPLIA CASA DE VENTA 4 DORMITORIOS, ARMENIA 1",La Armenia 1,casa,venta,365000.0,571.0,765.0,4,4,active,2026-10-10,remax_en_vivo
67802,Se arrienda local 80 m2 Mariana de Jesús,Mariana De Jesus,local_comercial,arriendo,500.0,70.0,0.0,0,1,active,2026-10-10,remax_en_vivo
67798,"EN RENTA DPTO 3 DORMITORIOS, URB. IÑAQUITO ALTO",Inaquito Alto,departamento,arriendo,470.0,132.0,0.0,3,2,active,2026-10-10,remax_en_vivo
67797,SALÓN DE BELLEZA LISTO PARA OPERAR,Union Nacional,venta_negocio,venta,42000.0,270.0,0.0,0,0,active,2026-10-10,remax_en_vivo
67796,Vendo dúplex de 3 dormitorios con patio y BBQ,23 De Junio,departamento,venta,118000.0,320.65,0.0,3,3,active,2026-10-10,remax_en_vivo
67789,"Terreno en venta, Santa Lucia la Kennedy",Kennedy,terreno,venta,260000.0,0.0,1324.74,0,0,active,2026-10-10,remax_en_vivo
67787,Departamento Ciudad Jardin 114m2,Turubamba,departamento,venta,52000.0,114.0,0.0,3,2,active,2026-10-10,remax_en_vivo
67786,Casas a estrenar cerca de Puembo- Tumbaco,Cumbayá,casa,venta,206000.0,185.0,120.0,3,3,active,2026-10-10,remax_en_vivo
67775,VENDO AMPLIO DEPARTAMENTO 3 DORM.  QUITO TENIS,Quito Tenis,departamento,venta,179000.0,227.0,0.0,3,2,active,2026-10-10,remax_en_vivo
67774,"OFICINA EN ARRIENDO – CHAUPICRUZ, QUITO TENIS",Chaupicruz,oficina,arriendo,2000.0,257.7,0.0,0,4,active,2026-10-10,remax_en_vivo
67763,CASA EN VENTA ARMENIA,Conocoto,casa,venta,80000.0,125.0,85.0,3,3,active,2026-10-10,remax_en_vivo
67759,"TERRENO ESQUINERO DE 238,87M2, CALDERON LA TOLA",La Tola,terreno,venta,35000.0,0.0,238.87,0,0,active,2026-10-10,remax_en_vivo
67758,OFICINA EN RENTA 80m2 CRISTOBAL DE ACUÑA,Belisario Quevedo,oficina,arriendo,350.0,82.0,500.0,0,1,active,2026-10-10,remax_en_vivo
67756,Casa comercial del venta en el Centro Histórico,Centro Histórico,house_comercial,venta,150000.0,217.0,168.0,5,3,negotiation,2026-10-10,remax_en_vivo
67754,RENTO DPTO 2D AMOBLADO - HOSP. PABLO ARTURO SUÁREZ,Quito Norte,departamento,arriendo,400.0,111.19,0.0,2,2,reserved,2026-10-10,remax_en_vivo
67753,"TUMBACO, INTERVALLES SUITE RUSTICA DE RENTA",Tumbaco,departamento,arriendo,600.0,60.0,0.0,1,1,active,2026-10-10,remax_en_vivo
67727,CASA DE VENTA CONOCOTO - PUENTE 2,Conocoto,casa,venta,72000.0,140.15,128.3,3,1,reserved,2026-10-10,remax_en_vivo
67724,TERRENO EN VENTA 1469 M2 CON 2 DEPARTAMENTOS INCA,San Isidro Del Inca,terreno,venta,380000.0,0.0,1469.0,0,0,active,2026-10-10,remax_en_vivo
67723,DEPARTAMENTO EN VENTA CON 1469 M2 TERRENO EL INCA,San Isidro Del Inca,departamento,venta,380000.0,360.0,1469.0,6,4,active,2026-10-10,remax_en_vivo
67722,Propiedad EN VENTA CON 1469 M2 TERRENO EL INCA,San Isidro Del Inca,terreno_comercial,venta,380000.0,360.0,1469.0,4,4,active,2026-10-10,remax_en_vivo
67711,EN VENTA DEPARTAMENTO 3D - POMASQUI,Pomasqui,departamento,venta,55900.0,97.81,0.0,3,2,active,2026-10-10,remax_en_vivo
67710,Se vende terreno de 1.000 m² ubicado Conocoto,San Jose Del Valle,terreno,venta,20000.0,0.0,1000.0,0,0,active,2026-10-10,remax_en_vivo
67709,Casa en Venta en Conjunto Privado Calderón,Collas,casa,venta,56000.0,104.0,100.0,3,1,active,2026-10-10,remax_en_vivo
67708,Terreno en venta en Alangasí –Valle de Los Chillos,Alangasí,terreno,venta,38000.0,0.0,400.76,0,0,active,2026-10-10,remax_en_vivo
67706,"DEPARTAMENTO DE VENTA, SAN ISIDRO DEL INCA",El Eden,departamento,venta,120000.0,169.0,0.0,4,2,active,2026-10-10,remax_en_vivo
67701,SUITE EN VENTA – LA MARISCAL,Mariscal Sucre,departamento,venta,72000.0,51.0,0.0,1,1,active,2026-10-10,remax_en_vivo
67697,CASA EN VENTA ARMENIA,Conocoto,casa,venta,80000.0,125.0,85.0,3,3,active,2026-10-10,remax_en_vivo
67695,OFICINA DE RENTA 65 M2 CUMBAYA,Cumbayá,oficina,arriendo,850.0,65.0,0.0,0,1,active,2026-10-10,remax_en_vivo
67694,VENDO DEP 2 DORMITORIOS SECTOR CARCELEN P1 PATIO,Mastodontes,departamento,venta,69000.0,123.0,0.0,2,2,active,2026-10-10,remax_en_vivo
67693,DEPARTAMENTO FULL AMOBLADO EN CUMBAYA,Cumbayá,departamento,arriendo,1300.0,118.0,0.0,2,2,active,2026-10-10,remax_en_vivo
67686,Casa en venta-LLano Chico,Llano Chico,casa,venta,83000.0,205.1,205.1,2,2,active,2026-10-10,remax_en_vivo
67678,"TERRENO EN VENTA, SAN ISIDRO DEL INCA",Buenos Aires,terreno,venta,299900.0,0.0,1746.0,0,0,active,2026-10-10,remax_en_vivo
67668,DEPARTAMENTO AMOBLADO EN RENTA | BALCONES DE BELLA,Bellavista,departamento,arriendo,450.0,106.0,0.0,2,1,reserved,2026-10-10,remax_en_vivo
67665,CASA INDEPENDIENTE EN VENTA SECTOR SAN GABRIEL,Alangasí,casa,venta,215000.0,536.61,934.25,3,4,active,2026-10-10,remax_en_vivo
67664,Casa en venta para remodelar La machala,Cochapamba,casa,venta,115000.0,116.0,335.0,4,1,negotiation,2026-10-10,remax_en_vivo
67663,DEPARTAMENTO EN VENTA SHYRIS LA CROLINA,Cumbres del Valle,departamento,venta,199000.0,197.0,0.0,2,2,active,2026-10-10,remax_en_vivo
67661,"Venta Casa Rentera-Ciudadela Ibarra, Sur de Quito",Chillogallo,casa,venta,165000.0,528.5,333.0,8,3,active,2026-10-10,remax_en_vivo
67660,"CASA EN VENTA, CALDERON, SECTOR BELLAVISTA",Bellavista de Calderon,casa,venta,85000.0,181.56,159.0,3,2,active,2026-10-10,remax_en_vivo
67659,ARRIENDO EDIFICIO CORPORATIVO CERCA LA CAROLINA,La Paz,edificio_comercial,arriendo,10000.0,1620.0,425.0,0,0,active,2026-10-10,remax_en_vivo
67656,TERRENO COMERCIAL 1632M2 EN VENTA EN CUMBAYA,Cumbayá,house_comercial,venta,770000.0,540.0,1632.0,4,3,active,2026-10-10,remax_en_vivo
67654,Casa rentera en venta – Calderón,Calderón (Carapungo),casa,venta,85000.0,309.25,91.62,9,3,active,2026-10-10,remax_en_vivo
67642,CASA EN RENTA SAN ANTONIO DE PICHINCHA,San Antonio,casa,arriendo,380.0,147.0,147.0,3,2,active,2026-10-10,remax_en_vivo
67641,Casa Rentera en la Jipijapa,El Inca,edificio_completo,venta,440000.0,470.0,364.35,0,0,active,2026-10-10,remax_en_vivo
67640,PROPIEDAD COMERCIAL + LOCAL EN 3 PISOS,Kennedy,local_comercial,venta,310000.0,224.0,224.0,0,4,active,2026-10-10,remax_en_vivo
67618,Departamento de 86 m² con 2 habitaciones en venta,Kennedy,departamento,venta,45000.0,101.0,0.0,2,2,negotiation,2026-10-10,remax_en_vivo
67609,CASA EN VENTA COCHAPAMBA - EL CONDADO,Cochapamba,casa,venta,57000.0,144.42,110.0,4,2,active,2026-10-10,remax_en_vivo
67606,VENTA TERRENO SECTOR CHILLOGALLO,Buenaventura,terreno,venta,230000.0,0.0,10628.0,0,0,active,2026-10-10,remax_en_vivo
67605,OFICINA EN VENTA SECTOR LA MARISCAL,La Floresta,oficina,venta,60000.0,172580.0,0.0,0,1,active,2026-10-10,remax_en_vivo
67602,Suite a estrenar con terraza. Vía Intervalles,Tumbaco,departamento,venta,89000.0,85.66,0.0,1,1,active,2026-10-10,remax_en_vivo
67601,Dpto 2 dormitorios+terraza grande. Vía Intervalles,Tumbaco,departamento,venta,215000.0,249.74,0.0,2,2,active,2026-10-10,remax_en_vivo
67600,Suite a estrenar con terraza. Vía Intervalles.,Tumbaco,departamento,venta,105000.0,97.71,0.0,1,1,active,2026-10-10,remax_en_vivo
67597,Dpto 2 dormitorios con terraza. Vía Intervalles.,Tumbaco,departamento,venta,196000.0,193.71,0.0,2,2,active,2026-10-10,remax_en_vivo
67596,TERRENO DE VENTA EN CALDERON,Calderón (Carapungo),terreno_comercial,venta,280000.0,0.0,3347.0,0,0,active,2026-10-10,remax_en_vivo
67595,LOCALES DE RENTA 7 EN CALDERON,Calderón (Carapungo),local_comercial,arriendo,400.0,30.0,0.0,0,2,active,2026-10-10,remax_en_vivo
67594,DEPARTAMENTO EN VENTA – EL BATÁN BAJO | QUITO,Iñaquito,departamento,venta,95000.0,119.32,0.0,3,2,active,2026-10-10,remax_en_vivo
67593,CASA EN VENTA,Quitumbe,house_comercial,venta,83000.0,543.29,300.0,5,2,active,2026-10-10,remax_en_vivo
67589,DÚPLEX EN VENTA – EL BATÁN BAJO | QUITO,Iñaquito,departamento,venta,148000.0,156.0,0.0,3,2,active,2026-10-10,remax_en_vivo
67584,TERRENO EN VENTA  SECTOR CONOCOTO,Conocoto,terreno,venta,105000.0,0.0,1000.0,0,0,active,2026-10-10,remax_en_vivo
67583,LOCAL COMERCIAL EN EXCELENTE UBICACIÓN – QUITO,Iñaquito,local_comercial,venta,98000.0,93.43,0.0,0,2,active,2026-10-10,remax_en_vivo
67582,CASA COMERCIAL DE VENTA EN EL CENTRO HISTÓRICO,Centro Histórico,edificio_comercial,venta,150000.0,218.0,168.0,0,0,active,2026-10-10,remax_en_vivo
67581,Venta Departamento Ponciano 2 Dorm. Francis Dalmau,Ponciano Alto,departamento,venta,74000.0,112.0,0.0,2,2,active,2026-10-10,remax_en_vivo
67580,Venta departamento 3 dorm Gaspar de Villarroel,Batan Alto,departamento,venta,139500.0,152.0,0.0,3,2,reserved,2026-10-10,remax_en_vivo
67578,"Casa Rentera Esquinera, Tomás de Berlanga",Jipijapa,casa,venta,550000.0,619.24,0.0,8,6,active,2026-10-10,remax_en_vivo
67577,"Casa Rentera Esquinera, Tomás de Berlanga",Jipijapa,house_comercial,venta,550000.0,619.24,0.0,8,6,active,2026-10-10,remax_en_vivo
67572,Arriendo suite amoblada República del Salvador,La Carolina,departamento,arriendo,750.0,108.0,0.0,1,1,active,2026-10-10,remax_en_vivo
67571,Arriendo Oficina Amoblada 90m2 la Carolina,La Carolina,oficina,arriendo,900.0,195.0,0.0,0,2,active,2026-10-10,remax_en_vivo
67569,"SE VENDE CASA, SECTOR CONDADO, CONJUNTO PRIVADO",El Condado,casa,venta,124500.0,266.94,0.0,4,3,active,2026-10-10,remax_en_vivo
67563,ARRIENDO LOCAL COMERCIAL - CENTRO HISTÓRICO,Centro Histórico,local_comercial,arriendo,270.0,15.0,0.0,0,1,active,2026-10-10,remax_en_vivo
67561,ARRIENDO LOCAL COMERCIAL - CENTRO HISTÓRICO,Centro Histórico,local_comercial,arriendo,1115.0,84.0,0.0,0,1,active,2026-10-10,remax_en_vivo
67560,ARRIENDO LOCAL COMERCIAL - CENTRO HISTÓRICO,Centro Histórico,local_comercial,arriendo,360.0,20.0,0.0,0,0,active,2026-10-10,remax_en_vivo
67555,"Oficinas de Renta, Norte de Quito",Mariana De Jesus,oficina,arriendo,1300.0,275.0,0.0,0,6,active,2026-10-10,remax_en_vivo
67554,TERRENO INDUSTRIAL EN ARRIENDO,Calacalí,terreno,arriendo,7486.0,0.0,14973.0,0,0,active,2026-10-10,remax_en_vivo
67552,CASA EN VENTA - SECTOR S.JUAN LOMA N 1,Calderón (Carapungo),casa,venta,113000.0,382.0,0.0,5,3,active,2026-10-10,remax_en_vivo
67549,"Casa de Venta QUITO TENIS, 340m2",Quito Tenis,casa,venta,195000.0,370.0,220.0,3,3,active,2026-10-10,remax_en_vivo
67547,CASA EN VENTA ( QUINTA EN VENTA )  SECTOR CARCELEN,Carcelén,casa,venta,1900000.0,1022.0,8152.0,10,6,active,2026-10-10,remax_en_vivo
67546,"QUINTA EN VENTA ,  FARM FOR SELL , SECTOR CARCELEN",Carcelén,quinta,venta,1900000.0,1022.0,8152.0,10,6,active,2026-10-10,remax_en_vivo
67545,DEPARTAMENTO 4 DORMITORIOS | URB. JULIO MATOVELLE,Kennedy,departamento,venta,91000.0,172.56,0.0,4,2,active,2026-10-10,remax_en_vivo
67539,CASA EN VENTA 4D SECTOR CAMINOS DE EUCALIPTO,Camino Eucalipto,casa,venta,69000.0,12725.0,17697.0,4,2,active,2026-10-10,remax_en_vivo
67537,Departamento en venta – Rumipamba,Rumipamba,departamento,venta,145000.0,229.0,0.0,3,2,active,2026-10-10,remax_en_vivo
67536,TERRENEO EN VENTA EN VELAVISTA CALDERON,Bellavista,terreno,venta,34000.0,0.0,197.0,0,0,active,2026-10-10,remax_en_vivo
67534,casa de venta carcelen corazon de jesus,Carcelén,casa,venta,98000.0,205.2,200.0,3,2,active,2026-10-10,remax_en_vivo
67533,venta casa rentera turubamba,Guamaní,house_comercial,venta,145000.0,548.0,600.0,3,3,active,2026-10-10,remax_en_vivo
67532,venta terreno calderon 214m2,Calderón (Carapungo),terreno,venta,24000.0,0.0,214.0,0,0,active,2026-10-10,remax_en_vivo
67530,¡OFICINA EN VENTA – NORTE DE QUITO,Bellavista,oficina,venta,52000.0,30.0,0.0,0,1,active,2026-10-10,remax_en_vivo
67529,"QUINTA LA CONSENTIDA , UN PARAISO PRIVADO",Huertos Fam. Sta. Monica,quinta,venta,750000.0,577.76,5400.0,7,5,active,2026-10-10,remax_en_vivo
67528,Se vende casa rentera en Llano Grande,Sierra Hermosa,casa,venta,98000.0,223.9,0.0,5,4,active,2026-10-10,remax_en_vivo
67527,En Venta departamento de 3 dormitorios en NAYON,Nayón,departamento,venta,159000.0,166.0,0.0,3,3,active,2026-10-10,remax_en_vivo
67525,CASA SAN ISIDRO DEL INCA,San Miguel de Amagasi,casa,venta,470000.0,1231.08,413.0,4,4,active,2026-10-10,remax_en_vivo
67523,Casa con alto potencial residencial y comercial,Calderón (Carapungo),house_comercial,venta,580000.0,446.63,1950.63,3,3,active,2026-10-10,remax_en_vivo
67517,ARRIENDO LOCAL COMERCIAL - CENTRO HISTÓRICO,Centro Histórico,local_comercial,arriendo,430.0,24.0,0.0,0,0,active,2026-10-10,remax_en_vivo
67516,"Venta Departamento Conj. Parque Real, Udla",6 de Diciembre,departamento,venta,80000.0,63.0,0.0,2,1,active,2026-10-10,remax_en_vivo
67507,TERRENO EN CALDERON,La Tola,terreno,venta,90000.0,0.0,988.0,0,0,active,2026-10-10,remax_en_vivo
67501,"DEPARTAMENTO EN VENTA, PONCEANO ALTO, 125 M2, 3HBS",Ponciano Alto,departamento,venta,85000.0,140.0,0.0,3,2,active,2026-10-10,remax_en_vivo
67497,ARRIENDO LOCAL COMERCIAL - CENTRO HISTÓRICO,Centro Histórico,local_comercial,arriendo,920.0,55.0,0.0,0,1,active,2026-10-10,remax_en_vivo
67496,DEPARTAMENTO EN VENTA – CONJUNTO RECREO PLAZA,San Bartolo,departamento,venta,56000.0,74.0,0.0,2,1,active,2026-10-10,remax_en_vivo
67494,PARA INVERSIONISTAS EXCELENTE TERRENO EN PUEMBO,Puembo,terreno,venta,2520000.0,0.0,18519.0,0,0,active,2026-10-10,remax_en_vivo
67492,Departamento de 3 Dormitorios Plaza de Toros,Iñaquito,departamento,venta,83000.0,148.0,0.0,3,2,active,2026-10-10,remax_en_vivo
67491,DEPARTAMENTO EN PONCEANO CON VARIOS EXTRAS,Ponceano,departamento,venta,122000.0,104.0,0.0,2,2,active,2026-10-10,remax_en_vivo
67488,SE VENDE CASA RENTERA 4 DEPARTAMENTOS Y MAS,La Ecuatoriana,casa,venta,130000.0,450.0,180.0,8,8,active,2026-10-10,remax_en_vivo
67486,CASA EN VENTA CONOCOTO,Acosta Soberon,casa,venta,115000.0,230.0,119.0,3,2,active,2026-10-10,remax_en_vivo
67472,Departamento de 2D sobre la Av. La Prensa en venta,El Rosario,departamento,venta,100000.0,255.5,0.0,2,2,active,2026-10-10,remax_en_vivo
67467,SE RENTA OFICINA SECTOR MEGAMAXI,Iñaquito,oficina,arriendo,580.0,62.0,0.0,0,1,active,2026-10-10,remax_en_vivo
67466,Casa en Renta - Norte de Quito - Carcelén,Carcelén,departamento,arriendo,250.0,91.0,0.0,3,1,active,2026-10-10,remax_en_vivo
67465,CASA RENTERA EN VENTA EN PUEBLO BLANCO QUITO,Calderón (Carapungo),casa,venta,100000.0,308.0,45.0,7,4,active,2026-10-10,remax_en_vivo
67460,RENTA SUITE EL BOSQUE FLAMANTE!,Quito Tenis,departamento,arriendo,441.0,90.0,0.0,1,1,active,2026-10-10,remax_en_vivo
66924,terreno industrial con galpones de venta en quito,Ponceano,local_comercial,venta,2435000.0,2671.89,4427.13,0,3,active,2026-10-10,remax_en_vivo
66803,oficina de venta edif metropolitan sector amazonas,Iñaquito,oficina,venta,225000.0,94.0,0.0,0,1,active,2026-10-10,remax_en_vivo
66792,Local Comercial de venta en quito galo Plaza Y/T,La Ecuatoriana,local_comercial,venta,4100000.0,2459.0,3254.0,0,4,active,2026-10-10,remax_en_vivo
66529,CASA EN VENTA,Conocoto,casa,venta,83000.0,206.12,100.0,3,2,active,2026-10-10,remax_en_vivo
66518,ARRIENDO LOCAL COMERCIAL DE 330 M² | AV. COLÓN,Belisario Quevedo,local_comercial,arriendo,3500.0,330.0,0.0,0,1,active,2026-10-10,remax_en_vivo
66514,CASA  EN VENTA INDEPENDIENTE  EN EL CALZADO,San Bartolo,casa,venta,80000.0,117.0,117.0,3,2,active,2026-10-10,remax_en_vivo
66502,Colinas del Valle | San José de Morán en Calderón,La Tola,terreno,venta,70000.0,0.0,500.0,0,0,active,2026-10-10,remax_en_vivo
66501,EN RENTA DEPARTAMENTO PONCEANO ALTO,Ponciano Alto,departamento,arriendo,490.0,139.13,0.0,3,2,active,2026-10-10,remax_en_vivo
66500,"DEPARTAMENTO EN VENTA – BELLAVISTA SUR, QUITO",Bellavista Sur,departamento,venta,29700.0,48.75,0.0,2,1,active,2026-10-10,remax_en_vivo
66499,¡Casa de Venta! Sector UTE - Occidental,San Vicente,casa,venta,65000.0,12850.23,127.23,3,2,active,2026-10-10,remax_en_vivo
66498,Departamento en venta en Iñaquito Alto,Inaquito Alto,departamento,venta,139900.0,140.4,0.0,3,2,active,2026-10-10,remax_en_vivo
66497,"LOCAL COMERCIAL EN RENTA , SECTOR LA OFELIA",El Rocio,local_comercial,arriendo,500.0,110.0,0.0,0,2,reserved,2026-10-10,remax_en_vivo
66496,VENTA DE TERRENO INDUSTRIAL (IMI)  13.707m2,Turubamba,terreno_comercial,venta,1290000.0,0.0,13707.28,0,0,active,2026-10-10,remax_en_vivo
66478,Venta Casa . La Morita Tumbaco,Tumbaco,casa,venta,158000.0,166.0,229.0,3,2,active,2026-10-10,remax_en_vivo
66477,Casa de 2 pisos a una cuadra del Coral Calderón,Calderón (Carapungo),casa,venta,78900.0,143.1,0.0,3,2,active,2026-10-10,remax_en_vivo
66471,VENTA CASA EXCLUSIVA URB CONDADO,El Condado,casa,venta,450000.0,646.0,473.0,3,3,active,2026-10-10,remax_en_vivo
66468,En venta  propiedad 500m2  Condado,Mena Del Hierro,terreno,venta,160000.0,0.0,500.0,0,0,active,2026-10-10,remax_en_vivo
66464,Departamento 3 habitaciones Granda Centeno,Granda Centeno,departamento,arriendo,580.0,87.0,0.0,3,2,active,2026-10-10,remax_en_vivo
66454,VENTA/CASA/SECTOR CONOCOTO CONJUNTO LA PROVENZA 3,Conocoto,casa,venta,105000.0,208.0,0.0,3,2,active,2026-10-10,remax_en_vivo
66449,CASA RENTERA DE VENTA - SECTOR SOLCA,El Inca,casa,venta,259000.0,563.0,300.0,15,6,reserved,2026-10-10,remax_en_vivo
66446,Casa con proyección y desarrollo,La Salle II,casa,venta,145000.0,102.0,368.75,3,2,active,2026-10-10,remax_en_vivo
66443,Departamento de 3 habitaciones en Ponceano,San Eduardo,departamento,venta,80000.0,116.2,0.0,3,2,active,2026-10-10,remax_en_vivo
66442,CASA EN CONJUNTO HABITACIONAL 3 PLANTAS,San Antonio,casa,venta,70000.0,141.95,141.95,3,2,active,2026-10-10,remax_en_vivo
66440,Departamento El Dorado + Suite,Itchimbia,departamento,venta,97000.0,170.0,0.0,3,3,active,2026-10-10,remax_en_vivo
66435,CASA VTA DE YARUQUI,Yaruquí,casa,venta,65000.0,202.09,0.0,4,3,active,2026-10-10,remax_en_vivo
66433,"VENTA SUITE, LA MORITA, CONJUNTO LA PRAIRIE",La Morita,departamento,venta,88000.0,77.61,0.0,1,1,negotiation,2026-10-10,remax_en_vivo
66430,Casa en venta en la Ecuatoriana Nuevos Horizontes,Nuevo Horizonte Sur,casa,venta,69000.0,172.7,81.83,3,1,active,2026-10-10,remax_en_vivo
66424,VENTA Casa grande e independiente y segura,Ponciano Alto,casa,venta,152000.0,190.0,0.0,3,2,active,2026-10-10,remax_en_vivo
66422,VENDO CASA COMERCIAL,San Juan,house_comercial,venta,295000.0,468.0,468.0,7,3,active,2026-10-10,remax_en_vivo
66420,SUITE EN VENTA QUITO TENNIS,Cotocollao,departamento,venta,128000.0,111.0,0.0,1,1,active,2026-10-10,remax_en_vivo
66419,TERRENO EN MACARENA I SECTOR CONOCOTO,La Macarena I,terreno,venta,200000.0,0.0,2508.0,0,0,active,2026-10-10,remax_en_vivo
66415,CASA EN LA MITAD DEL MUNDO,Los Shyris,casa,venta,100000.0,190.24,5110.0,3,2,active,2026-10-10,remax_en_vivo
66414,LOCAL COMERCIAL DE 43 m² EN PLAZA COMERCIAL BILOVÁ,El Carmen 2,local_comercial,arriendo,750.0,43.0,0.0,0,1,active,2026-10-10,remax_en_vivo
66404,CASA EN VENTA – QUITO TENNIS,Rumipamba,casa,venta,239000.0,568.0,368.9,4,3,negotiation,2026-10-10,remax_en_vivo
66391,ESTUDIO EN RENTA | EDIFICIO CIELO – QUITO,Iñaquito,departamento,arriendo,570.0,37.0,0.0,1,1,active,2026-10-10,remax_en_vivo
66388,CASA EN VENTA EN CONOCOTO 96M2,San Jose Salle,casa,venta,67000.0,165.0,150.0,3,2,active,2026-10-10,remax_en_vivo
66386,3 LOCALES COMERCIALES ESTRATÉGICOS VIA PRINCIPAL,Carcelén,local_comercial,arriendo,200.0,87.0,0.0,0,1,active,2026-10-10,remax_en_vivo
66385,"Penthouse Duplex en venta, sector El Bosque",El Bosque,departamento,venta,285000.0,470.58,0.0,3,4,active,2026-10-10,remax_en_vivo
66383,DEPARTAMENTO EN VENTA SECTOR LA GASCA,Belisario Quevedo,departamento,venta,75000.0,109.25,0.0,3,2,active,2026-10-10,remax_en_vivo
66382,RENTA DEPARTAMENTO DUPLEX EXCELENTE UBICACION,Iñaquito,departamento,arriendo,1000.0,216.0,0.0,3,4,active,2026-10-10,remax_en_vivo
66381,Local Comercial Sector el Bosque Av Occidental,Chaupicruz (La Concepcion),local_comercial,arriendo,470.0,55.0,0.0,0,1,active,2026-10-10,remax_en_vivo
66380,LOCAL COMERCIAL EN RENTA AV MARISCAL SUCRE,Rumipamba,local_comercial,arriendo,470.0,50.0,0.0,0,1,active,2026-10-10,remax_en_vivo
66379,SUITE AMPLIA EN ARRIENDO CON EXELENTE UBICACION,Rumipamba,departamento,arriendo,420.0,60.0,0.0,1,1,active,2026-10-10,remax_en_vivo
66377,LOCAL EN RENTA EN TUMBACO – 45 m² | $270 MENSUALES,Tumbaco,local_comercial,arriendo,270.0,40.0,0.0,0,1,active,2026-10-10,remax_en_vivo
66375,"DEPARTAMENTO SUITE EN RENTA, GONZALEZ SUAREZ",Gonzalez Suarez,departamento,arriendo,600.0,66.0,0.0,1,1,reserved,2026-10-10,remax_en_vivo
66373,Loft amoblado en Torre Elemento Aqua,Iñaquito,departamento,arriendo,550.0,65.0,0.0,1,1,reserved,2026-10-10,remax_en_vivo
66372,TERRENO EN VENTA! EN GUÁPULO.,Guápulo,terreno,venta,99000.0,0.0,562.0,0,0,active,2026-10-10,remax_en_vivo
66370,"ESTUDIO DE RENTA, EDIFICIO CIELO",La Carolina,departamento,arriendo,680.0,42.0,0.0,1,1,active,2026-10-10,remax_en_vivo
66369,DEPARTAMENTO EN VENTA COTOCOLLAO PLANTA BAJA,Cotocollao,departamento,venta,65000.0,113.0,0.0,3,2,active,2026-10-10,remax_en_vivo
66367,Vendo Duplex 3Dor Vista Grande,Cumbayá,departamento,venta,240000.0,275.55,0.0,3,3,active,2026-10-10,remax_en_vivo
66359,Local Comercial Moderno en Renta - Av. Eloy Alfaro,San Isidro Del Inca,local_comercial,arriendo,299.0,19.25,0.0,0,1,active,2026-10-10,remax_en_vivo
66357,TERRENOS EN VENTA URBANIZACION PRIVADA EN TUMBACO,La Morita,terreno,venta,212750.0,0.0,1150.0,0,0,active,2026-10-10,remax_en_vivo
66356,DEPARTAMENTE EN VENTA,Itchimbia,departamento,venta,81500.0,96.26,0.0,3,2,active,2026-10-10,remax_en_vivo
66352,LOTE INDUSTRIAL 924 M2 I3 ALTO IMPACTO CALACALI,Calacalí,terreno_comercial,venta,125670.0,0.0,1079.0,0,0,active,2026-10-10,remax_en_vivo
66351,LOTE INDUSTRIAL 952 M2 I3 ALTO IMPACTO CALACALI,Calacalí,terreno_comercial,venta,129500.0,0.0,952.0,0,0,active,2026-10-10,remax_en_vivo
66350,LOTE INDUSTRIAL 757 M2 I3 ALTO IMPACTO CALACALI,Calacalí,terreno_comercial,venta,102900.0,0.0,757.0,0,0,active,2026-10-10,remax_en_vivo
66349,LOTE INDUSTRIAL 744 M2 I3 ALTO IMPACTO CALACALI,Calacalí,terreno_comercial,venta,101000.0,0.0,1079.0,0,0,active,2026-10-10,remax_en_vivo
66348,LOTE INDUSTRIAL 759 M2 I3 ALTO IMPACTO CALACALI,Calacalí,terreno_comercial,venta,103224.0,0.0,759.0,0,0,active,2026-10-10,remax_en_vivo
66347,LOTE INDUSTRIAL 993 M2 I3 ALTO IMPACTO CALACALI,Calacalí,terreno_comercial,venta,135048.0,0.0,993.0,0,0,active,2026-10-10,remax_en_vivo
66346,LOTE INDUSTRIAL 1090 M2 I3 ALTO IMPACTO CALACALI,Calacalí,terreno_comercial,venta,148240.0,0.0,1090.0,0,0,active,2026-10-10,remax_en_vivo
66342,Venta Casa + suite en Miravalle,Nayón,casa,venta,545000.0,629.97,655.0,5,6,active,2026-10-10,remax_en_vivo
66339,VENTA PROPIEDAD COMERCIAL SECTOR BATAN ALTO,Bellavista,house_comercial,venta,335000.0,602.0,323.0,4,2,active,2026-10-10,remax_en_vivo
66325,PROPIEDAD EN VENTA — PÍNTAG · QUITO · ECUADOR,Píntag,quinta,venta,1700000.0,2400.0,13186.0,12,11,active,2026-10-10,remax_en_vivo
66324,"DEPARTMENTO EN VENTA SECTOR SOLCA, 3 DORMITORIOS",San Isidro Del Inca,departamento,venta,77000.0,103.0,0.0,3,2,active,2026-10-10,remax_en_vivo
66323,Oficina Comercial de 105 m² en Shyris y Eloy Alfar,Iñaquito,oficina,arriendo,900.0,129.0,0.0,0,2,active,2026-10-10,remax_en_vivo
66320,RENTO DEPARTAMENTO 3 DORMITORIOS  EN URB.URABA PB,Carcelén,departamento,arriendo,700.0,260.0,384.0,3,2,active,2026-10-10,remax_en_vivo
66319,RENTO DEPARTAMENTO DE 325 M2 QUITO TENIS,Rumipamba,departamento,arriendo,900.0,325.0,0.0,4,3,active,2026-10-10,remax_en_vivo
66318,Venta departamento sector Quito Tennis,Rumipamba,departamento,venta,275000.0,328.3,0.0,4,4,active,2026-10-10,remax_en_vivo
66313,PROPIEDAD EN VENTA — PÍNTAG · QUITO · ECUADOR,Píntag,quinta,venta,1700000.0,2400.0,13186.0,12,11,active,2026-10-10,remax_en_vivo
66312,SUITE EN VENTA – SECTOR LA PAZ,Benalcazar,departamento,venta,140000.0,194.0,0.0,2,2,active,2026-10-10,remax_en_vivo
66310,SE RENTA TERRENO 460Mt2 CARCELEN INDUSTRIAL,Carcelen,terreno_comercial,arriendo,630.0,0.0,468.0,0,0,active,2026-10-10,remax_en_vivo
66309,SUITE EN VENTA URBANIZACION IÑAQUITO ALTO,Inaquito Alto,departamento,venta,80000.0,65.0,0.0,1,1,active,2026-10-10,remax_en_vivo
66301,Casa Comercial en Renta cerca a La Carolina,Iñaquito,house_comercial,arriendo,1600.0,230.0,0.0,4,2,reserved,2026-10-10,remax_en_vivo
66300,SE RENTA EDIFICIO CALLE IÑAQUITO,Inaquito,edificio_comercial,arriendo,56000.0,8300.0,2000.0,0,0,active,2026-10-10,remax_en_vivo
66299,VENTA DE TERRENO SAN JOSE DE PUEMBO,Puembo,terreno,venta,600000.0,0.0,6580.64,0,0,active,2026-10-10,remax_en_vivo
66298,VENTA DE TERRENO SAN JOSE DE PUEMBO,Puembo,terreno,venta,600000.0,0.0,6580.7,0,0,active,2026-10-10,remax_en_vivo
66297,SE VENDE CASA AMPLIA - EL NACIONAL - TUMBACO,Tolagasi,casa,venta,196000.0,282.0,288.0,3,3,active,2026-10-10,remax_en_vivo
66296,VENTA CASAS VIP - CONOCOTO EN CONJUNTO,Conocoto,casa,venta,71500.0,115.7,90.0,3,2,active,2026-10-10,remax_en_vivo
66295,SE VENDE CASA 4 HABITACIONES SAN MIGUEL DE AMAGASI,San Miguel de Amagasi,casa,venta,75000.0,146.0,80.0,4,4,active,2026-10-10,remax_en_vivo
66294,En Venta Edificio Corporativo Sector Iñaquito,Inaquito,edificio_comercial,venta,9500000.0,8180.6,2000.0,0,0,active,2026-10-10,remax_en_vivo
66293,SE VENDE TERRENO SECTOR COLEGIO 24 DE MAYO,Batan Alto,terreno,venta,295000.0,0.0,425.7,0,0,active,2026-10-10,remax_en_vivo
66291,Departamento Amoblado 3 Hab 3Baños 159m² Amenities,Bellavista,departamento,arriendo,1723.0,159.0,0.0,3,3,active,2026-10-10,remax_en_vivo
66290,DEPARTAMENTO EN RENTA- CUMBAYÁ,San Juan Alto,departamento,arriendo,1130.0,167.0,0.0,2,2,active,2026-10-10,remax_en_vivo
66289,LOTE INDUSTRIAL 1079 M2 I3 ALTO IMPACTO CALACALI,Calacalí,terreno_comercial,venta,146744.0,0.0,1079.0,0,0,active,2026-10-10,remax_en_vivo
66288,PREVENTA CASAS EN CALDERON DESDE $69.900,Esperanza Progreso,casa,venta,69900.0,91.6,0.0,3,2,active,2026-10-10,remax_en_vivo
66283,CASA DE 3 HABITACIONES EN VENTA- SAN ANTONIO,San Antonio,casa,venta,55000.0,119.0,119.0,3,1,active,2026-10-10,remax_en_vivo
66281,"VENDO CASA RENTERA, SECTOR C.C. ATAHUALPA",San Bartolo,casa,venta,119500.0,350.0,180.0,9,5,active,2026-10-10,remax_en_vivo
66279,DEPARTAMENTO EN VENTA UNIVERSIDAD CENTRAL,La Gasca,departamento,venta,69000.0,91.0,0.0,3,2,reserved,2026-10-10,remax_en_vivo
66278,DPTO 2 DORM EN VENTA – MONTESERRÍN BAJO,Jipijapa,departamento,venta,78000.0,74.0,0.0,2,2,active,2026-10-10,remax_en_vivo
65756,VENTA TERRENO LA ARMENIA,Conocoto,terreno,venta,173000.0,0.0,877.0,0,0,reserved,2026-10-10,remax_en_vivo
65755,casa comercial  renta Cumbaya la Primavera,La Primavera,casa,arriendo,1500.0,460.0,500.0,4,4,active,2026-10-10,remax_en_vivo
65747,Se vende acogedor departamento en Av Eloy Alfaro,Iñaquito,departamento,venta,113000.0,141.0,0.0,3,2,active,2026-10-10,remax_en_vivo
65745,VENTA DEPARTAMENTO QUITO TENIS,Quito Tenis,departamento,venta,209000.0,187.33,0.0,2,2,active,2026-10-10,remax_en_vivo
65734,Se Vende Terreno en Tumbaco Morita II - 840 M2,La Morita,terreno,venta,100000.0,0.0,840.28,0,0,active,2026-10-10,remax_en_vivo
65733,Casa y terreno en venta Conocoto,Conocoto,casa,venta,145000.0,324.0,701.0,5,2,active,2026-10-10,remax_en_vivo
65728,VENTA HOSTERIA SACTOR VIA NANEGALITO KM 7 NANEGAL,Nanegal,otro,venta,580000.0,1031.0,60000.0,7,6,active,2026-10-10,remax_en_vivo
65726,"Departamento en Venta, Sector Carcelén Libre",Carcelen Libre,departamento,venta,95000.0,154.13,0.0,3,2,active,2026-10-10,remax_en_vivo
65722,"Venta Casa Rentera, Oportunidad de Inversión",Pusuqui Chico Bajo,edificio_completo,venta,349000.0,541.22,643.36,0,0,active,2026-10-10,remax_en_vivo
65719,"CASA EN VENTA SECTOR URABÁ, 3 DORMITORIOS Y SUITE",Carcelén,casa,venta,359000.0,530.0,864.0,3,3,active,2026-10-10,remax_en_vivo
65717,CASA POR ESTRENAR - ULTIMAS UNIDADES,Llano Chico,casa,venta,80000.0,153.0,153.0,3,2,active,2026-10-10,remax_en_vivo
65716,DEPARTAMENTO EN VENTA – FERROVIARIA BAJA,Ferroviaria Baja,departamento,venta,82900.0,93.93,0.0,3,2,active,2026-10-10,remax_en_vivo
65709,RENTA CASA 3 DORMITORIOS SAN ISIDRO DE EL INCA,El Inca,casa,arriendo,700.0,300.0,0.0,3,2,active,2026-10-10,remax_en_vivo
65707,TERRENO DE 195m²DE OPORTUNIDAD – LIRIOS DE CARCELÉ,Carcelén,terreno,venta,39000.0,0.0,195.0,0,0,active,2026-10-10,remax_en_vivo
65706,RENTA DEPARTAMENTO X ESTRENAR SECTOR EL LABRADOR,El Inca,departamento,arriendo,370.0,61.0,0.0,2,1,active,2026-10-10,remax_en_vivo
65705,RENTA DEPARTAMENTO X ESTRENAR  SECTOR LABRADOR,El Inca,departamento,arriendo,370.0,61.0,0.0,2,1,active,2026-10-10,remax_en_vivo
65703,RENTA DEPARTAMENTO X ESTRENAR SECTOR EL LABRADOR,El Inca,departamento,arriendo,420.0,71.0,0.0,2,1,active,2026-10-10,remax_en_vivo
65702,RENTA DEPARTAMENTO A ESTRENAR SECTOR  EL LABRADOR,Cumbres del Valle,departamento,arriendo,420.0,83.0,0.0,2,1,active,2026-10-10,remax_en_vivo
65700,VENTA DEPARTAMENTO SECTOR LOS LAURELES,Los Laureles,departamento,venta,120000.0,179.33,0.0,2,2,active,2026-10-10,remax_en_vivo
65689,Depar 3hab. en PB dentro de Urb. en Bellavista,Bellavista,departamento,venta,135000.0,145.0,0.0,3,2,active,2026-10-10,remax_en_vivo
65688,Arriendo oficina de 54m2 Jorge Drome,Iñaquito,oficina,arriendo,480.0,54.0,0.0,0,1,active,2026-10-10,remax_en_vivo
65687,Nayón rento Casa 3 dorm. más estudio,Nayón,casa,arriendo,1150.0,241.0,200.0,3,3,active,2026-10-10,remax_en_vivo
65686,Vendo Departamento 118 M2 Granda Centeno 3 Dormit,Chaupicruz (La Concepcion),departamento,venta,164000.0,120.0,0.0,3,2,active,2026-10-10,remax_en_vivo
65685,LOCAL DUPLEX 620M2 CUMBAYA PARQUE CENTRAL,Cumbayá,local_comercial,arriendo,7500.0,640.0,0.0,0,3,active,2026-10-10,remax_en_vivo
65684,RENTO LOCAL PARA ADECUAR CERCA PARQUE CENTRAL,Cumbayá,local_comercial,arriendo,2500.0,320.0,0.0,0,2,active,2026-10-10,remax_en_vivo
65683,LOCAL DE RENTA 320 M2 CUMBAYA SECTOR EL PARQUE,Cumbayá,local_comercial,arriendo,5000.0,320.0,0.0,0,3,active,2026-10-10,remax_en_vivo
65682,"CASA IND. SECTOR EL INCA, 379M2 CONS 2 PISOS BBQ",Dammer 1,casa,venta,229000.0,430.0,445.0,5,3,active,2026-10-10,remax_en_vivo
65681,ARRIENDO DEPARTAMENTO DE 140M2 UNION NACIONAL,Chaupicruz (La Concepcion),departamento,arriendo,750.0,140.0,0.0,4,4,active,2026-10-10,remax_en_vivo
65679,DEPARTAMENTO EN RENTA  COFAVI  3 DORMITORIOS,COFAVI,departamento,arriendo,380.0,182.0,0.0,3,2,reserved,2026-10-10,remax_en_vivo
65677,RENTA  SUITE DE LUJO YOO CUMBAYA,La Comarca,departamento,arriendo,1100.0,79.01,0.0,1,1,active,2026-10-10,remax_en_vivo
65676,ESTUDIO AMOBLADO EN RENTA,Iñaquito,departamento,arriendo,600.0,32.45,0.0,1,1,active,2026-10-10,remax_en_vivo
65675,DEPARTAMENTO EN VENTA SAN ISIDRO DEL INCA,San Isidro Del Inca,departamento,venta,115000.0,93.0,0.0,3,2,active,2026-10-10,remax_en_vivo
65660,"VENDO EDIFICIO RENTERO, SECTOR LA COLON",La Colon,hotel,venta,525000.0,884.0,300.0,17,17,active,2026-10-10,remax_en_vivo
65657,Vendo casa dentro de conjunto Oportunidad Condado,El Condado,casa,venta,120000.0,273.55,150.0,4,4,active,2026-10-10,remax_en_vivo
65656,VENTA DEPARTAMENTO DE LUJO EN AQUARELA CUMBAYA,Cumbayá,departamento,venta,299000.0,153.0,153.0,2,2,active,2026-10-10,remax_en_vivo
65652,CASA EN VENTA-SANTA ANA-TUMBACO,Tumbaco,casa,venta,214000.0,286.0,0.0,3,3,active,2026-10-10,remax_en_vivo
65651,DEPARTAMENTO DE VENTA EN QUITO AV. LA REPUBLICA,La Republica,departamento,venta,229000.0,293.95,0.0,4,4,active,2026-10-10,remax_en_vivo
65647,CASA ESQUINERA DE UNA SOLA PLANTA SECTOR POMASQUI,Pomasqui,casa,venta,139000.0,200.0,300.0,3,1,active,2026-10-10,remax_en_vivo
65645,VENTA CASA RENTERA CERCA UNIVERSIDAD CENTRAL,America,edificio_comercial,venta,330000.0,878.0,370.0,0,0,active,2026-10-10,remax_en_vivo
65643,DEPARTAMENTO 2 DORMITORIOS A ESTRENAR CON PATIO,El Condado,departamento,venta,185000.0,284.0,0.0,2,2,active,2026-10-10,remax_en_vivo
65642,DEPARTAMENTO 2 DORMITORIOS - URB EL CONDADO,El Condado,departamento,venta,143000.0,159.91,0.0,2,3,active,2026-10-10,remax_en_vivo
65641,DEPARTAMENTO 3 DORMITORIOS - URB EL CONDADO,El Condado,departamento,venta,194900.0,220.4,0.0,3,3,active,2026-10-10,remax_en_vivo
65640,TERRENO EN VENTA EN LOMAS DE MONTESERRIN,Lomas de Monteserrin,terreno,venta,549000.0,0.0,994.0,0,0,active,2026-10-10,remax_en_vivo
65637,ARRIENDO LOCAL COMERCIAL 100M2 AV. RODRIGO CHAVEZ,La Magdalena,local_comercial,arriendo,450.0,100.0,0.0,0,1,active,2026-10-10,remax_en_vivo
65636,SE ARRIENDA OFICINA COMERCIAL 45M2 SECTOR IÑAQUITO,Iñaquito,oficina,arriendo,300.0,45.0,0.0,0,1,active,2026-10-10,remax_en_vivo
65585,"DEPARTAMENTO VENTA ""BRISTOL PARC"" 3 HABITACIONES",Estadio Atahualpa,departamento,venta,199000.0,141.4,0.0,3,3,active,2026-10-10,remax_en_vivo
65582,"MAGNIFICA CASA CON GRAN TERRENO DE 3,771.68 m2",San Miguel de Amagasi,casa,venta,650000.0,615.0,3771682.0,4,5,active,2026-10-10,remax_en_vivo
65581,ESPECTACULAR CASA A ESTRENAR CUMBAYA,S. Antonio Tolagasi,casa,venta,285000.0,301.2,301.2,3,3,active,2026-10-10,remax_en_vivo
65580,ESPECTACULAR CASA A ESTRENAR EN CUMBAYA,S. Antonio Tolagasi,casa,venta,285000.0,269.35,269.35,3,3,active,2026-10-10,remax_en_vivo
65579,ESPECTACULAR CASA A ESTRENAR EN CUMBAYA,S. Antonio Tolagasi,casa,venta,285000.0,269.75,269.75,3,3,active,2026-10-10,remax_en_vivo
65578,ESPECTACULAR CASA A ESTRENAR EN CUMBAYA,S. Antonio Tolagasi,casa,venta,320000.0,332.55,332.55,3,3,active,2026-10-10,remax_en_vivo
65577,"SUITE DE 130 M2 CON PATIO, 2 PARQUEADEROS CUMBAYA",S. Antonio Tolagasi,departamento,venta,125000.0,130.14,0.0,1,1,active,2026-10-10,remax_en_vivo
65575,Departamento 3 Habitaciones Carolina,La Carolina,departamento,venta,187000.0,181.0,0.0,3,2,active,2026-10-10,remax_en_vivo
65569,TERRENO 470 M² EN VENTA – CARCELÉN MASTODONTES,Mastodontes,terreno,venta,64500.0,0.0,470.0,0,0,active,2026-10-10,remax_en_vivo
65567,"Casa nueva con terraza, domótica y ascensor",Llano Chico,casa,venta,124000.0,207.0,100.0,3,2,active,2026-10-10,remax_en_vivo
65566,"Casa nueva VIP con terraza, domótica y ascensor",Llano Chico,casa,venta,104000.0,207.0,100.0,3,2,active,2026-10-10,remax_en_vivo
65564,CASA EN VENTA A ESTRENAR  TUMBACO Conj. Privado,Tola Grande,casa,venta,218000.0,328.0,181.0,3,3,active,2026-10-10,remax_en_vivo
65562,Departamento 3 Dorm. Sector La Kennedy,Kennedy,departamento,venta,55000.0,67.19,0.0,3,2,active,2026-10-10,remax_en_vivo
65561,PONCEANO DEPARTAMENTO DE VENTA 3 HABITACIONES,Ponceano,departamento,venta,85000.0,117.0,0.0,3,2,active,2026-10-10,remax_en_vivo
65560,TERRENO DE 15303 M2  EN  VENTA / ALANGASI,Alangasí,terreno_comercial,venta,280000.0,0.0,15320.35,0,0,active,2026-10-10,remax_en_vivo
65557,SE RENTA MINI SUITE DE 21 m² EN LA QUINTANA,Quintana,departamento,arriendo,160.0,34.0,0.0,1,1,active,2026-10-10,remax_en_vivo
65554,CASA CON TERRENO EN VENTA EN BELLAVISTA,Bellavista,casa,venta,580000.0,465.0,825.27,5,5,active,2026-10-10,remax_en_vivo
65541,"Casa en venta Cumbayá, 3 dormitorios, exclusividad",Cumbayá,casa,venta,322000.0,286.0,0.0,3,3,active,2026-10-10,remax_en_vivo
65540,"CASA EN VENTA TUMBACO, TRES Y CUATRO DORMITORIOS",Tumbaco,casa,venta,155000.0,248.0,0.0,3,3,active,2026-10-10,remax_en_vivo
65538,"VENTA OFICINA, EDIFICIO ROYAL PACIFIC",Mariscal Sucre,oficina,venta,70000.0,69.9,0.0,0,1,active,2026-10-10,remax_en_vivo
65537,VENTA DEPARTAMENTO EDIFICIO MULIER PLAZA,La Floresta,departamento,venta,99000.0,102.0,0.0,2,1,active,2026-10-10,remax_en_vivo
65536,"VENTA TERRENO ESQUINERO, GALPONES Y CONSTRUCCION",Chaupicruz (La Concepcion),terreno_comercial,venta,198000.0,0.0,508.0,0,0,active,2026-10-10,remax_en_vivo
65528,DEPARTAMENTO DE VENTA,Iñaquito,departamento,venta,200000.0,180.0,0.0,3,3,active,2026-10-10,remax_en_vivo
65523,SE RENTA DEPARTAMENTO,Cochapamba,departamento,arriendo,400.0,180.0,0.0,2,2,active,2026-10-10,remax_en_vivo
65521,SE RENTA DEPARTAMENTO,Kennedy,departamento,arriendo,400.0,120.0,0.0,3,1,active,2026-10-10,remax_en_vivo
65519,RENTO LOCAL COMERCIAL AV LA PRENSA AEROPUERTO,Cochapamba,local_comercial,arriendo,700.0,70.0,0.0,0,1,active,2026-10-10,remax_en_vivo
65518,SE VENDE FABRICA EN CALACALI,Calacalí,galpon,venta,950000.0,1500.0,0.0,0,3,active,2026-10-10,remax_en_vivo
65517,Vendo terreno en Urbanización Lirios de Carcelen,Carcelén,terreno,venta,52000.0,0.0,308.0,0,0,active,2026-10-10,remax_en_vivo
65516,Casa independiente Cotocollao 4 habitaciones,Cotocollao,casa,venta,89500.0,206.0,122.0,4,2,active,2026-10-10,remax_en_vivo
65515,PONCEANO EN CONJUNTO CASA DE 5 DORMITORIOS,Ponceano,casa,venta,220000.0,292.0,130.0,5,4,active,2026-10-10,remax_en_vivo
65514,"BELLAVISTA, DEPARTAMENTO DE 4D, 342M2 CON TERRAZA",Bellavista,departamento,arriendo,2000.0,395.0,0.0,4,3,active,2026-10-10,remax_en_vivo
65513,CASA DE RENTA UNA PLANTA EN TUMBACO-ILALO 4D,Tumbaco,casa,arriendo,5000.0,600.0,5500.0,4,4,active,2026-10-10,remax_en_vivo
65506,"SE VENDE TERRENO PLANO EN URBANIZACION, CONOCOTO",Conocoto,terreno,venta,50000.0,0.0,180.0,0,0,negotiation,2026-10-10,remax_en_vivo
65505,Oficina Con/sin Muebles Sector La Mariscal,Mariscal Sucre,oficina,arriendo,220.0,30.0,0.0,0,1,reserved,2026-10-10,remax_en_vivo
65504,"DEPARTAMENTO EN VENTA COMODIDAD, ESTRILO Y CONFORT",Cochapamba,departamento,venta,93000.0,100.8,0.0,3,2,active,2026-10-10,remax_en_vivo
65503,VENTA TERRENO PLANO EN QUITUMBE,Chillogallo,terreno,venta,54500.0,0.0,193.44,0,0,active,2026-10-10,remax_en_vivo
65500,CASA DE VENTA EN TUMBACO,La Morita,casa,venta,165000.0,208.0,0.0,3,2,active,2026-10-10,remax_en_vivo
65492,"HERMOSA CASA DE VENTA URBANIZACION LA MARCA,",La Marca,casa,venta,170000.0,470.69,470.69,3,2,active,2026-10-10,remax_en_vivo
65491,VENTA DEPARTAMENTO,El Eden,departamento,venta,119000.0,168.06,0.0,4,2,active,2026-10-10,remax_en_vivo
65489,Departamento 199 m² con Terraza | La Floresta,La Floresta,departamento,venta,139000.0,199.0,0.0,1,1,active,2026-10-10,remax_en_vivo
65488,Penthouse Remodelado Doble Altura | La Floresta,La Floresta,departamento,venta,260000.0,239.0,0.0,3,3,active,2026-10-10,remax_en_vivo
65487,VENTA DE CASA EN CONJUNTO VITAH POMASQUI,San Antonio,casa,venta,83000.0,91.0,150.0,3,2,active,2026-10-10,remax_en_vivo
65486,CASA RENTERA O PARA NEGOCIO SECTOR BANDA MUNICIPAL,La Mena,casa,venta,85000.0,327.0,270.0,5,4,active,2026-10-10,remax_en_vivo
65485,Venta departamento con línea blanca - Quito Tennis,Rumipamba,departamento,venta,240000.0,348.0,0.0,4,3,active,2026-10-10,remax_en_vivo
65484,Venta Depto. por estrenar sector Juan Molineros,Comité Del Pueblo,departamento,venta,45000.0,97.95,0.0,3,2,active,2026-10-10,remax_en_vivo
65483,Casa para remodelar en el Centro Histórico,Centro Histórico,inversion,venta,260000.0,1172.04,683.0,0,0,active,2026-10-10,remax_en_vivo
65473,"DEPARTAMENTO DE RENTA, 2 DORMITORIOS, QUICENTRO",Iñaquito,departamento,arriendo,730.0,96.0,0.0,1,1,active,2026-10-10,remax_en_vivo
65471,"DTO DE VENTA, AV12 DE OCTUBRE, EDF PUERTO DE PALOS",Mariscal Sucre,departamento,venta,84900.0,98.0,0.0,2,1,active,2026-10-10,remax_en_vivo
65464,"OPORTUNIDAD, Venta departamento 290 m2 El Bosque,",Quito Tenis,departamento,venta,210000.0,339.59,0.0,3,4,active,2026-10-10,remax_en_vivo
65460,LOCAL COMERCIAL EN RENTA – COTOCOLLAO,Cotocollao,local_comercial,venta,350.0,35.0,0.0,0,1,active,2026-10-10,remax_en_vivo
65457,CASA EN RENTA SECTOR MITAD DEL MUNDO,Cantarillas Alto,casa,arriendo,280.0,105.67,0.0,3,1,active,2026-10-10,remax_en_vivo
65456,Renta departamento amoblado en la Granda Centeno,Iñaquito,departamento,arriendo,650.0,149.0,0.0,2,2,reserved,2026-10-10,remax_en_vivo
65444,DEPARTAMENTO EN VENTA | LA CAROLINA,Iñaquito,departamento,venta,135000.0,135.0,0.0,3,2,active,2026-10-10,remax_en_vivo
65443,VENTA DEPARTEMENTO SECTOR PINAR BAJOM,Cochapamba,casa,venta,179000.0,182.0,502.0,3,3,active,2026-10-10,remax_en_vivo
65441,EN VENTA HERMOSA FINCA EN GUALEA,Gualea,propiedad_agricola,venta,220000.0,0.0,150000.0,0,0,active,2026-10-10,remax_en_vivo
65439,Departamento en venta – Conjunto Loyola,Ponceano,departamento,venta,45000.0,64.3,0.0,3,1,active,2026-10-10,remax_en_vivo
65434,En venta Casa de 210m2 3 dormitorios Cumbaya,Cumbayá,casa,venta,160000.0,253.8,160.0,3,3,active,2026-10-10,remax_en_vivo
65433,"En Venta Suite 61m2  Ed. 12 Parc, sector Swissotel",La Floresta,departamento,venta,93000.0,76.0,0.0,1,1,reserved,2026-10-10,remax_en_vivo
65430,Venta Departamento Duplex Conjunto las Bromelias,Jipijapa,departamento,venta,225000.0,390.45,0.0,4,3,active,2026-10-10,remax_en_vivo
65427,"GALPÓN EN RENTA – CALDERÓN, SECTOR BELLAVISTA",Calderón (Carapungo),galpon,arriendo,700.0,370.0,900.0,0,1,active,2026-10-10,remax_en_vivo
65423,Departamento,San Jose de Moran,departamento,venta,74000.0,73.0,0.0,2,2,active,2026-10-10,remax_en_vivo
65422,Departament 2 dormitorios,Calderón (Carapungo),departamento,venta,73000.0,73.32,0.0,2,2,active,2026-10-10,remax_en_vivo
65421,Departamento 3 dormitorios,Calderón (Carapungo),departamento,venta,85151.0,88.37,0.0,3,2,active,2026-10-10,remax_en_vivo
65420,Dep de 2 dormitorios Calderón,Calderón (Carapungo),departamento,venta,72000.0,73.32,0.0,2,2,active,2026-10-10,remax_en_vivo
65419,Departamento 3 dormitorios,Calderón (Carapungo),departamento,venta,84651.0,88.37,0.0,3,2,active,2026-10-10,remax_en_vivo
65418,"Casa de 158 m²  3 dormitorios en Venta, Tumbaco",Santa Rosa,casa,venta,195000.0,287.0,0.0,3,3,active,2026-10-10,remax_en_vivo
65417,"Casa de 158 m²  3 dormitorios en Venta, Tumbaco",Santa Rosa,casa,venta,204000.0,348.0,0.0,3,3,active,2026-10-10,remax_en_vivo
65416,"Casa de 161 m²  3 dormitorios en Venta, Tumbaco",Santa Rosa,casa,venta,219000.0,397.0,0.0,3,3,active,2026-10-10,remax_en_vivo
65415,"Casa de 174 m²  3 dormitorios en Venta, Tumbaco",Santa Rosa,casa,venta,204000.0,260.0,0.0,3,3,active,2026-10-10,remax_en_vivo
65414,"Casa de 174 m²  3 dormitorios en Venta, Tumbaco",Santa Rosa,casa,venta,195000.0,231.0,0.0,3,3,active,2026-10-10,remax_en_vivo
65413,"Casa de 174 m²  3 dormitorios en Venta, Tumbaco",Santa Rosa,casa,venta,199000.0,243.0,0.0,3,3,active,2026-10-10,remax_en_vivo
65412,"Casa de 174 m²  3 dormitorios en Venta, Tumbaco",Santa Rosa,casa,venta,199000.0,247.0,0.0,3,3,active,2026-10-10,remax_en_vivo
65409,VENDO HERMOSO DEPARTAMENTO COLINAS DEL BATAN,Bellavista,departamento,venta,279000.0,415.0,0.0,3,3,active,2026-10-10,remax_en_vivo
65402,Casa en Venta Patio Privado Conjunto Kairos III,Collas,casa,venta,46900.0,112.0,112.0,2,1,active,2026-10-10,remax_en_vivo
65401,DEPARTAMENTO EN VENTA  SECTOR LA GASCA,La Gasca,departamento,venta,148000.0,283.0,0.0,3,2,active,2026-10-10,remax_en_vivo
65400,VENTA DE TERRENO EN PINTAG,San Francisco de Yira,terreno,venta,180000.0,0.0,7200.0,0,0,active,2026-10-10,remax_en_vivo
65398,RENTA DE LOCAL SELVA ALEGRE,Belisario Quevedo,local_comercial,arriendo,250.0,60.0,0.0,0,1,active,2026-10-10,remax_en_vivo
65387,VENTA DEPARTAMENTO 112M2 CON BALCON-PONCEANO ALTO,Ponciano Alto,departamento,venta,119000.0,128.05,0.0,2,2,active,2026-10-10,remax_en_vivo
65386,"CASA RENTERA EN VENTA, PARQUE CENTRAL PINTAG",Píntag,casa,venta,120000.0,160.0,84.0,2,1,active,2026-10-10,remax_en_vivo
65379,DEPARTAMENTO 2 DORM BALCON / PISCINA ÑAQUITO ALTO,Iñaquito,departamento,venta,117500.0,110.0,0.0,2,2,active,2026-10-10,remax_en_vivo
65362,Casa en Venta por estrenar San José de Morán,San Jose de Moran,casa,venta,70000.0,163.7,163.7,3,3,active,2026-10-10,remax_en_vivo
65359,"TERRENO ESQUIENRO EN VENTA, TENERIAS NORTE DE QUIT",Las Tenerias,terreno,venta,21000.0,0.0,536.0,0,0,active,2026-10-10,remax_en_vivo
65358,Departamento de 216 m² con 3 dormitos en Tumbaco,Tumbaco,departamento,venta,350000.0,315.0,0.0,3,3,active,2026-10-10,remax_en_vivo
65354,TERRENO EN VENTA EN ALANGASI,Alangasí,terreno,venta,60000.0,0.0,459.0,0,0,active,2026-10-10,remax_en_vivo
65352,Vendo Casa en conjunto Las Peñas Conocoto,Conocoto,casa,venta,84000.0,181.6,0.0,3,2,active,2026-10-10,remax_en_vivo
65351,Casa en venta conjunto England Garden C.C. Portal,Calderón (Carapungo),casa,venta,110000.0,222.84,100.0,4,3,active,2026-10-10,remax_en_vivo
65350,Terreno en venta en Ponceano norte de Quito,Marsol,terreno,venta,89000.0,0.0,270.0,0,0,active,2026-10-10,remax_en_vivo
65348,VENTA CASA ESTÍLO RÚSTICO URB CONDADO,Urb. El Condado,casa,venta,230000.0,649.0,570.0,3,4,active,2026-10-10,remax_en_vivo
65347,LOCAL COMERCIAL EN RENTA SECTOR EL BATAN,El Batan,local_comercial,arriendo,300.0,23.0,0.0,0,1,active,2026-10-10,remax_en_vivo
65336,Propiedad con vista espectacular y árboles frutale,Conocoto,quinta,venta,380000.0,530.0,2500.0,4,3,reserved,2026-10-10,remax_en_vivo
65332,"VENDO DEPARTAMENTO REMODELADO, SECTOR EL BOSQUE.",Quito Tenis,departamento,venta,230000.0,334.0,0.0,3,4,active,2026-10-10,remax_en_vivo
65330,CASA RENTERA EN SAN JUAN,El Tejar,casa,venta,195000.0,274.72,128.98,3,3,active,2026-10-10,remax_en_vivo
65329,PENTHOUSE LA FLORESTA | 455 m² + 400 m² TERRAZAS,La Floresta,penthouse,venta,390000.0,455.0,0.0,3,4,active,2026-10-10,remax_en_vivo
65328,EDIFICIO RENTERO EN LA AVENIDA ATAHUALPA,Rumipamba,edificio_completo,venta,553000.0,774.53,394.0,0,0,active,2026-10-10,remax_en_vivo
65326,CASA EN VENTA SECTOR BATAN BAJO,Batan Bajo,casa,venta,280000.0,553.28,351.0,8,4,active,2026-10-10,remax_en_vivo
65313,Departamento con jardin en venta sector el Bosque,Quito Tenis,departamento,venta,128000.0,171.72,0.0,2,2,active,2026-10-10,remax_en_vivo
65308,CASA DE LUJO EN VENTA EN TUMBACO 368m2,Alban,casa,venta,580000.0,368.0,828.0,3,3,active,2026-10-10,remax_en_vivo
65306,Departamento en Venta-Sector Atahualpa,La Magdalena,departamento,venta,110000.0,147.38,0.0,3,2,active,2026-10-10,remax_en_vivo
65305,TERRENO INDEPENDIENTE EN VENTA LA MERCED 4600M2,La Merced,terreno,venta,340000.0,0.0,4600.0,0,0,active,2026-10-10,remax_en_vivo
65304,Departamento en Venta-Sector Atahualpa.,La Magdalena,departamento,venta,88000.0,121.68,0.0,3,2,active,2026-10-10,remax_en_vivo
65297,VENDO TERRENO DE 2520m2 DE OPORTUNIDAD,Guamaní,terreno,venta,209000.0,0.0,2520.0,0,0,reserved,2026-10-10,remax_en_vivo
65296,DEPARTAMENTO EMBAJADA AMERICANA DE 130 MTS,San Isidro 1,departamento,venta,119000.0,150.0,0.0,3,3,active,2026-10-10,remax_en_vivo
65294,"VENDO CASA RENTERA, 3 DEP, 1 SUITE, LA ECUATORIANA",2 De Febrero,casa,venta,134900.0,379.0,180.0,7,4,active,2026-10-10,remax_en_vivo
65292,DEPARTAMENTO EN VENTA – Conjunto Caminos del Norte,Carcelén,departamento,venta,89000.0,196.0,0.0,3,2,active,2026-10-10,remax_en_vivo
65288,CASA RENTERA CON DEPARTAMENTO DÚPLEX,Cotocollao,casa,venta,160000.0,542.0,540.0,6,5,active,2026-10-10,remax_en_vivo
65287,Suite de lujo amoblada edifcio ONE Naciones Unidas,Inaquito,departamento,arriendo,850.0,70.0,0.0,1,1,reserved,2026-10-10,remax_en_vivo
65281,"VENTA DE TERRENO EN LA PAMPA, OPORTUNIDAD",Pomasqui,terreno,venta,123000.0,0.0,533.0,0,0,active,2026-10-10,remax_en_vivo
65274,"OFICINA EN RENTA, AV. 6 DE DICIEMBRE",Bellavista,oficina,arriendo,460.0,30.0,0.0,0,1,active,2026-10-10,remax_en_vivo
65271,Amplio Departamento con Terraza en El Condado,El Condado,departamento,venta,60000.0,178.37,0.0,3,2,active,2026-10-10,remax_en_vivo
65266,EDIFICIO EN RENTA 1140M2 CONST. 5 PISOS 345M2 TERR,Rumipamba,edificio_comercial,arriendo,3500.0,1160.0,345.0,0,0,active,2026-10-10,remax_en_vivo
65265,CASA ADOSADA URBANIZACIÓN EL CONDADO,Urb. El Condado,casa,venta,156000.0,204.0,0.0,3,2,active,2026-10-10,remax_en_vivo
65264,OFICINA CON DIVISIONES AV. CORUÑA Y ORELLANA,La Colon,oficina,arriendo,600.0,109.0,0.0,0,2,reserved,2026-10-10,remax_en_vivo
65262,DEPARTAMENTO EN VENTA EN PONCEANO – QUITO,Marsol,departamento,venta,75000.0,88.0,0.0,2,1,active,2026-10-10,remax_en_vivo
65251,SE VENDE LOTE EN PUEMBO 1404 MTS2,Cumbayá,terreno,venta,290000.0,0.0,1404.0,0,0,active,2026-10-10,remax_en_vivo
65249,ARIENDO LOCAL COMERCIAL DE 300 M² | REINA VICTORIA,Mariscal Sucre,local_comercial,arriendo,1200.0,336.0,0.0,0,2,active,2026-10-10,remax_en_vivo
65248,"CASA EN RENTA, VALLE DE LOS CHILLOS",Alangasí,casa,arriendo,580.0,161.0,205.0,3,3,reserved,2026-10-10,remax_en_vivo
65239,CASA CON PISCINA EN ALQUILER / NAYON TACURI,Tacuri Bajo,casa,arriendo,2500.0,678.2,1626.0,5,6,active,2026-10-10,remax_en_vivo
65238,DEPARTAMENTO AMOBLADO EN RENTA  QUITO TENIS,Chaupicruz,departamento,arriendo,1000.0,120.0,0.0,2,2,active,2026-10-10,remax_en_vivo
65237,VENTA CASA /CALDERON / 3 dormitorios,Sierra Hermosa,casa,venta,85000.0,181.53,0.0,3,2,active,2026-10-10,remax_en_vivo
65235,Vendo Departamento Duplex sector Quitumbe,Intillacta,departamento,venta,50000.0,95.12,0.0,3,1,active,2026-10-10,remax_en_vivo
65227,DEPARTAMENTO DE VENTA CONOCOTO SANTA MONICA ALTA,Conocoto,departamento,venta,63000.0,90.34,0.0,3,2,active,2026-10-10,remax_en_vivo
65222,VENDO CASA RENTERA SUR DE QUITO CERCA CC ATAHUALPA,La Magdalena,casa,venta,79000.0,189.0,145.95,5,3,active,2026-10-10,remax_en_vivo
65217,CASA EN RENTA - 4 HABIT - SAN ANTONIO DE PICHINCHA,El Calvario,casa,arriendo,450.0,197.0,197.0,4,3,active,2026-10-10,remax_en_vivo
65214,departamento 1 dormitorio San Isidro del Inca,San Isidro Del Inca,departamento,arriendo,360.0,76.0,0.0,1,1,active,2026-10-10,remax_en_vivo
65208,CASA EN VENTA - 3 PISOS - SAN ANTONIO DE PICHINCHA,El Calvario,casa,venta,73900.0,197.0,197.0,4,3,active,2026-10-10,remax_en_vivo
65207,SE RENTA CASA EN MASTODONTES - CARCELEN,Mastodontes,casa,arriendo,300.0,161.0,161.0,3,1,active,2026-10-10,remax_en_vivo
65205,VENTA DEPARTAMENTO 2D  MIRAVALLE CUMBAYA,Cumbayá,departamento,venta,197000.0,165.0,0.0,2,2,active,2026-10-10,remax_en_vivo
65204,CASA EN VENTA EN CALDERON,Esperanza Progreso,casa,venta,47900.0,83.9,70.0,2,1,active,2026-10-10,remax_en_vivo
65200,Venta de departamento en Ciudad Jardin,Guamaní,departamento,venta,33000.0,87.73,0.0,3,1,active,2026-10-10,remax_en_vivo
65199,Venta de Departamento en el Sector Quito Tenis,Quito Tenis,departamento,venta,198000.0,248.0,0.0,4,3,active,2026-10-10,remax_en_vivo
65197,VENDO TERRENO ESQUINERO 2 FRENTES -  CONOCOTO,Conocoto,terreno,venta,70000.0,0.0,730.5,0,0,active,2026-10-10,remax_en_vivo
65194,"VENDO DEPARTAMENTO, LA CONCEPCIÓN, PARQUE INGLÉS.",San Pedro Claver I,departamento,venta,85000.0,122.0,0.0,2,2,active,2026-10-10,remax_en_vivo
65191,"Casa en venta - Landázuri, Calderón",Landazuri,casa,venta,67000.0,128.0,65.0,3,2,active,2026-10-10,remax_en_vivo
65190,"CASA COMERCIAL EN VENTA NORTE DE QUITO, COTOCOLLAO",23 De Junio,house_comercial,venta,400000.0,503.97,569.0,10,6,active,2026-10-10,remax_en_vivo
65182,EN VENTA TERRENO PARA PROYECTO INMOBILIARIO,La Macarena III,terreno,venta,580750.0,0.0,5045.0,0,0,active,2026-10-10,remax_en_vivo
65181,CASA DE VENTA ARMENIA 2,Conocoto,casa,venta,110000.0,279.0,135.0,4,2,active,2026-10-10,remax_en_vivo
65176,CASA DE VENTA NAYÓN  URB. TACURI con amplio Jardín,Valle De Nayon,casa,venta,314000.0,894.02,0.0,3,3,active,2026-10-10,remax_en_vivo
65174,CASA EN RENTERA EN VENTA,Conocoto,casa,venta,135000.0,510.0,510.0,6,2,active,2026-10-10,remax_en_vivo
65173,"SUITE DE RENTA - LA CAROLINA,  MALL El JARDÍN",Batan Bajo,departamento,arriendo,530.0,54.54,0.0,1,1,active,2026-10-10,remax_en_vivo
65170,VENDO EXCELENTE TERRENO SECTOR CC. EL JARDIN,Iñaquito,terreno,venta,408000.0,0.0,480.0,0,0,active,2026-10-10,remax_en_vivo
65169,Casa en venta en Ponciano,Contraloria,casa,venta,129900.0,202.1,0.0,4,2,active,2026-10-10,remax_en_vivo
65168,SUITE A ESTRENAR EN VENTA REPÚBLICA DE EL SALVADOR,Iñaquito,departamento,venta,139900.0,70.85,0.0,1,1,active,2026-10-10,remax_en_vivo
65152,SE RENTA SUITE AMOBLADA SECTOR PUENTE 7,Conocoto,departamento,arriendo,250.0,64.0,0.0,1,1,active,2026-10-10,remax_en_vivo
65151,SE RENTA HABITACION $100 AUTOPISTA RUMIÑAHUI,Conocoto,departamento,arriendo,100.0,60.0,0.0,1,1,active,2026-10-10,remax_en_vivo
65148,DEPARTAMENTO EN VENTA EN LA GRANADOS (UDLA),Iñaquito,departamento,venta,55000.0,56.0,0.0,2,1,active,2026-10-10,remax_en_vivo
65146,CASA RENTERA -SANTA TERESA DE PINTAG,Santa Teresa,otro,venta,68000.0,450.0,450.0,5,4,active,2026-10-10,remax_en_vivo
65145,Local comercial de 40 m² en renta – La Ofelia,Pomasqui,local_comercial,arriendo,250.0,40.0,0.0,0,1,active,2026-10-10,remax_en_vivo
65144,VENTA EDIFICIO  ESTRENAR CERCA  PARQUE LA CAROLINA,La Paz,edificio_completo,venta,2800000.0,3177.0,425.0,0,0,active,2026-10-10,remax_en_vivo
65143,Venta Edificio de 4 Departamentos 2 Locales,La Floresta,edificio_completo,venta,195600.0,471.0,200.0,0,0,active,2026-10-10,remax_en_vivo
65142,Local en venta la Primavera Cumbaya,Cumbayá,inversion,venta,93000.0,30.82,0.0,0,1,active,2026-10-10,remax_en_vivo
65137,VENTA O RENTA OFICINA  53 m² SECTOR SANTA PRISCA,Larrea,oficina,venta,32000.0,53.0,0.0,0,1,active,2026-10-10,remax_en_vivo
65121,CASA EN VENTA – LA SANTIAGO ALTO | SUR DE QUITO,Chilibulo,casa,venta,125000.0,457.67,173.83,7,4,active,2026-10-10,remax_en_vivo
65120,DEPARTAMENTO VENTA COTOCOLLAO,Thomas,departamento,venta,55000.0,137.8,0.0,3,1,active,2026-10-10,remax_en_vivo
65116,"LOCAL COMERCIAL DE VENTA  26,81 M2 , ALANGASI",Alangasí,local_comercial,venta,25000.0,28.0,0.0,0,1,active,2026-10-10,remax_en_vivo
65115,DPTO. DÚPLEX | VIVIENDA U OFICINA CORPORATIVA,Rumipamba,departamento,venta,140000.0,252.39,0.0,4,2,active,2026-10-10,remax_en_vivo
65110,VENTA DEPARTAMENTO EN PROYECTO INMOBILIARIO,Benalcazar,departamento,venta,149531.2,72.0,0.0,1,1,active,2026-10-10,remax_en_vivo
65109,VENTA ESTUDIO  EN PROYECTO INMOBILIARIO,Benalcazar,departamento,venta,88054.0,28.0,0.0,1,1,active,2026-10-10,remax_en_vivo
65108,Exclusiva Casa Independiente con Amplio Jardin,Santa Rosa Bajo,casa,venta,200000.0,385.0,51813.0,3,3,active,2026-10-10,remax_en_vivo
65107,"TERRENO DE VENTA, SECTOR PUEMBO",Puembo Cabecera,terreno,venta,750000.0,0.0,5000.0,0,0,active,2026-10-10,remax_en_vivo
65106,Terreno en venta 1.200 m² en Zámbiza,Zámbiza,terreno,venta,90300.0,0.0,1200.0,0,0,active,2026-10-10,remax_en_vivo
65105,Casa en Venta Llano Grande,Calderón (Carapungo),casa,venta,50000.0,89.17,53.05,3,1,active,2026-10-10,remax_en_vivo
65079,TERRENO ESPACIOSO ITCHIMBIA,Julio Moreno,terreno,venta,95000.0,0.0,495.7,0,0,active,2026-10-10,remax_en_vivo
65077,LOCAL COMERCIAL EN ALQUILER – SAN ISIDRO DEL INCA,San Isidro Del Inca,local_comercial,arriendo,650.0,116.0,0.0,0,1,active,2026-10-10,remax_en_vivo
65073,RENTO RESTAURANTE EQUIPADO CON CLIENTES - CALDERON,Calderón (Carapungo),local_comercial,arriendo,1800.0,61.41,0.0,0,1,active,2026-10-10,remax_en_vivo
65072,VENTA HERMOSA PROPIEDAD COMERCIAL EN EL RECREO,Atahualpa,edificio_comercial,venta,500000.0,883.0,551.0,0,0,active,2026-10-10,remax_en_vivo
65064,CASA EN VENTA CONOCOTO  SECTOR  CIUDAD BOSQUE,Ciudad Bosque,casa,venta,115000.0,239.0,200.0,4,3,active,2026-10-10,remax_en_vivo
65063,"Casa Valle de los Chillos, sector Alangasí",Ushimana,casa,venta,250000.0,392.0,1679.0,4,3,active,2026-10-10,remax_en_vivo
65060,TERRENO VENTA PUENTE 4 AUTOPISTA GENERAL RUMIÑAHUI,Conocoto,terreno,venta,38000.0,0.0,252.0,0,0,active,2026-10-10,remax_en_vivo
65058,Casa 3 habitaciones en Conjunto Privado - Puembo,Puembo,casa,arriendo,600.0,135.33,90.0,3,1,reserved,2026-10-10,remax_en_vivo
65054,"VENTA DE CASA CONJ, CALIFORNIA ALTA KENNEDY",La Concepcion,casa,venta,110000.0,145.75,0.0,3,2,active,2026-10-10,remax_en_vivo
65053,TERRENO EN VENTA EN PÍNTAG – SOBRE VÍA PRINCIPAL,Píntag,terreno,venta,80000.0,0.0,3000.0,0,0,active,2026-10-10,remax_en_vivo
65052,PROPIEDAD COMERCIAL EN VENTA – SAN GABRIEL,Alangasí,casa,venta,399000.0,815.0,830.0,6,6,active,2026-10-10,remax_en_vivo
65046,"Casa en venta, FairyLand, Dean Bajo 350 mt²",Dean Bajo,casa,venta,225000.0,350.0,433.0,4,3,active,2026-10-10,remax_en_vivo
65042,Suite - Estudio en Renta - Sector La Mariscal,Mariscal Sucre,departamento,arriendo,180.0,16.0,0.0,1,1,reserved,2026-10-10,remax_en_vivo
65040,CASA EN VENTA EN URBANANIZACION DE 2 HABITACIONES,Atahualpa,casa,venta,105000.0,153.57,205.74,2,2,active,2026-10-10,remax_en_vivo
65039,Local de estreno Plaza Impaqto-Ruta Viva Tumbaco,Tumbaco,local_comercial,arriendo,1011.6,50.58,0.0,0,0,active,2026-10-10,remax_en_vivo
65015,"Casa de 158m²  3 dormitorios en Venta, Tumbaco",Santa Rosa,casa,venta,195000.0,281.0,0.0,3,3,active,2026-10-10,remax_en_vivo
65014,"CASA EN VENTA GONZÁLEZ SUÁREZ, QUITO",Iñaquito,casa,venta,244000.0,300.0,100.0,4,5,active,2026-10-10,remax_en_vivo
65006,Casa en Venta en Urb. sector Nayón - Vía Cumbayá,Tacuri Alto,casa,venta,615000.0,727.18,626.18,5,5,active,2026-10-10,remax_en_vivo
65005,Casa de lujo en Venta en Urbanización,Tacuri Alto,casa,venta,2450000.0,1486.5,1486.5,5,6,active,2026-10-10,remax_en_vivo
65004,Terreno con construcción en Venta en Carcelén Bajo,Carcelén,terreno,venta,37900.0,0.0,170.0,0,0,active,2026-10-10,remax_en_vivo
64997,Edificio con departamentos y locales en Venta,Llano Chico,edificio_completo,venta,260000.0,430.0,0.0,0,0,active,2026-10-10,remax_en_vivo
64978,CASA INDEPENDIENTE EN VENTA | BALCÓN DEL NORTE – C,Carcelén,casa,venta,140000.0,279.32,171.0,3,2,active,2026-10-10,remax_en_vivo
64967,VENTA CASA 4 DORMITORIOS LA ARMENIA CONOCOTO,Conocoto,casa,venta,165000.0,530.0,755.0,4,2,active,2026-10-10,remax_en_vivo
64957,"CASA DE VENTA, CUENTA CON PATIO Y TERRAZA",La Macarena III,casa,venta,99000.0,149.21,0.0,3,2,active,2026-10-10,remax_en_vivo
64955,DEPARTAMENTO EN VENTA | LE PARC – QUITO,Iñaquito,departamento,venta,220000.0,109.74,0.0,2,2,active,2026-10-10,remax_en_vivo
64954,VENTA CASA SECTOR PUSUQUI URB SAN GREG1,Pusuqui Chico,casa,venta,155000.0,331.75,308.08,4,3,active,2026-10-10,remax_en_vivo
64952,Local de estreno Plaza Impaqto-Ruta Viva Tumbaco,Tumbaco,local_comercial,arriendo,3536.0,198.45,0.0,0,3,active,2026-10-10,remax_en_vivo
64950,"Casa de 161 m²  3 dormitorios en Venta, Tumbaco",Santa Rosa,casa,venta,199000.0,291.0,0.0,3,3,active,2026-10-10,remax_en_vivo
64946,VENTA PROPIEDAD DE LUJO URB. ALTOS DEL VALLE,Cumbayá,casa,venta,950000.0,1010.0,1870.0,4,5,active,2026-10-10,remax_en_vivo
64941,TERRENO EN VENTA-SECTOR PROTEC CONDADO (3120m²),El Condado,terreno,venta,85000.0,0.0,3123.95,0,0,active,2026-10-10,remax_en_vivo
64939,SE VENDE TERRENO EN LA PAMPA,Pomasqui,terreno,venta,135000.0,0.0,1016.0,0,0,active,2026-10-10,remax_en_vivo
64938,SE VENDE CASA EN LIRIBAMBA,El calzado 1 de Mayo,casa,venta,61990.0,83.01,66.0,2,2,active,2026-10-10,remax_en_vivo
64937,¡GRAN INVERSIÓN! RESTAURANTE EN FUNCIONAMIENTO,Gonzalez Suarez,inversion,venta,45000.0,740.0,0.0,0,0,active,2026-10-10,remax_en_vivo
64936,"RESTAURANTE POSICIONADO EN FUNCIONAMIENTO, GUÁPULO",Guápulo,inversion,venta,75000.0,176.0,0.0,0,0,active,2026-10-10,remax_en_vivo
64935,"BAR RESTAURANTE EN FUNCIONAMIENTO, SAN FRANCISCO",Centro Histórico,inversion,venta,115000.0,275.0,0.0,0,0,active,2026-10-10,remax_en_vivo
64934,"VENTA DE NEGOCIO GASTRONÓMICO, 4 SUCURSALES, QUITO",Iñaquito,inversion,venta,320000.0,0.0,0.0,0,0,active,2026-10-10,remax_en_vivo
64933,DEPARTAMENTO 3 DORMITORIOS  BELLAVISTA BOSSANO,Bellavista,departamento,venta,130000.0,141.0,0.0,3,2,active,2026-10-10,remax_en_vivo
64932,SE VENDE CASA EN SAN ANTONIO DE PICHINCHA,San Antonio,casa,venta,84999.0,184.0,185.0,3,2,active,2026-10-10,remax_en_vivo
64918,Terreno de 2.000 m² en Landázuri – Calderón,Landazuri,terreno,venta,150000.0,0.0,2000.0,0,0,active,2026-10-10,remax_en_vivo
64917,departamento en venta Solca,El Eden,departamento,venta,79500.0,187.0,0.0,3,2,active,2026-10-10,remax_en_vivo
64916,VENDO HERMOSO DEPARTAMENTO A ESTRENAR,Benalcazar,departamento,venta,130512.0,47.0,0.0,1,1,active,2026-10-10,remax_en_vivo
64915,VENTA HERMOSO DEPARTAMENTO POR ESTRENAR,Benalcazar,departamento,venta,141585.0,58.0,0.0,1,1,active,2026-10-10,remax_en_vivo
64914,VENTA DEPARTAMENTO POR ESTRENAR,Benalcazar,departamento,venta,77728.0,27.4,0.0,1,1,active,2026-10-10,remax_en_vivo
64913,VENTA DE DEPRTAMENTO POR ESTRENAR,Benalcazar,departamento,venta,340115.0,129.0,0.0,3,3,active,2026-10-10,remax_en_vivo
64907,VENTA DE TERRENO SECTOR SANTOSPAMBA TOTAL 395m2,Los Pedestales,terreno,venta,45000.0,0.0,395.0,0,0,active,2026-10-10,remax_en_vivo
64898,Departamento remodelado en Venta la VillaFlora,Villaflora,departamento,venta,64500.0,104.0,0.0,3,1,active,2026-10-10,remax_en_vivo
64893,"Terreno de Venta, Sector Ponceano",Marsol,terreno,venta,90000.0,0.0,270.0,0,0,active,2026-10-10,remax_en_vivo
64889,VENTA CASA RENTERA ESQUINERA  - CARAPUNGO,Puertas del Sol,house_comercial,venta,127000.0,383.0,170.0,9,5,active,2026-10-10,remax_en_vivo
64888,Exclusivo departamento en renta Cumbayá - Tumbaco,Cumbayá,departamento,arriendo,1200.0,117.0,0.0,2,2,active,2026-10-10,remax_en_vivo
64887,Quinta privada de 9.000 m² junto al río Pachijal,Pacto,quinta,venta,240000.0,240.0,9000.0,8,4,active,2026-10-10,remax_en_vivo
64886,Departamento 2 hab amoblado Granda Centeno,Granda Centeno,departamento,arriendo,450.0,80.0,0.0,2,2,reserved,2026-10-10,remax_en_vivo
64885,¡GRAN INVERSIÓN! RESTAURANTE EN FUNCIONAMIENTO,Gonzalez Suarez,venta_negocio,venta,45000.0,740.0,0.0,0,0,active,2026-10-10,remax_en_vivo
64883,"RESTAURANTE POSICIONADO EN FUNCIONAMIENTO, GUÁPULO",Guápulo,venta_negocio,venta,75000.0,176.0,0.0,0,0,active,2026-10-10,remax_en_vivo
64882,"BAR RESTAURANTE EN FUNCIONAMIENTO, SAN FRANCISCO",Centro Histórico,venta_negocio,venta,115000.0,275.0,0.0,0,0,active,2026-10-10,remax_en_vivo
64878,"VENTA DE NEGOCIO GASTRONÓMICO, 4 SUCURSALES, QUITO",Iñaquito,venta_negocio,venta,320000.0,0.0,0.0,0,0,active,2026-10-10,remax_en_vivo
64877,Casa con piscina en urbanización cerca a San Luis,Alangasí,casa,venta,485000.0,990.8,1040.0,7,6,active,2026-10-10,remax_en_vivo
64872,LOCAL COMERCIAL EN RENTA – AV. BRASIL,El Bosque,local_comercial,arriendo,500.0,40.0,0.0,0,1,active,2026-10-10,remax_en_vivo
64866,Se vende departamento 3 dormitorios Bellavista,Gonzalez Suarez,departamento,venta,189000.0,286.5,0.0,3,2,active,2026-10-10,remax_en_vivo
64863,"Renta Consultorio Edificio Ankara, Vozandes",Rumipamba,consultorio,arriendo,450.0,55.0,0.0,0,1,active,2026-10-10,remax_en_vivo
64861,VENTA SUITE DE LUJO 67 m^2 / LA FLORESTA,Guápulo,departamento,venta,93000.0,87.0,0.0,1,1,active,2026-10-10,remax_en_vivo
64857,"Terreno de 1.328m2 en venta, sector Carretas",Comité Del Pueblo,terreno_comercial,venta,264900.0,0.0,1328.0,0,0,active,2026-10-10,remax_en_vivo
64828,"Renta Oficina Edificio Ankara, Vozandes y América",Vozandes,oficina,arriendo,450.0,70.0,0.0,0,1,active,2026-10-10,remax_en_vivo
64825,EDIFICIO COMERCIAL EN RENTA,Iñaquito,edificio_comercial,arriendo,5500.0,720.0,0.0,0,0,active,2026-10-10,remax_en_vivo
64822,Vendo casa sector Los Chillos detrás C.C.San Luis,Alangasí,casa,venta,144000.0,330.0,220.0,3,2,active,2026-10-10,remax_en_vivo
64814,TERRENO EN VENTA DE 4.980 YARUQUÍ,El Tejar,terreno,venta,299900.0,0.0,4980.0,0,0,active,2026-10-10,remax_en_vivo
64813,CASA COMERCIAL EN TURUBAMBA ALTO- AV MORAN VALVERD,Turubamba Alto,casa,venta,74900.0,219.5,90.0,3,2,reserved,2026-10-10,remax_en_vivo
64811,RENTA DEPARTAMENTO – BARRIO LA VICENTINA,La Vicentina,departamento,arriendo,280.0,60.0,0.0,3,1,reserved,2026-10-10,remax_en_vivo
64808,"TERRENO EN VENTA, PACTO-SAN JOSE DE MASHPI.",Pacto,terreno,venta,7500.0,0.0,280.0,0,0,active,2026-10-10,remax_en_vivo
64804,Departamento Duplex en Venta,Cochapamba,departamento,venta,155000.0,173.37,0.0,4,4,active,2026-10-10,remax_en_vivo
64801,Casa Rentera de Venta en El Tejar Quito,El Tejar,casa,venta,199500.0,820.11,208.0,8,6,active,2026-10-10,remax_en_vivo
64800,LOCAL COMERCIAL EN RENTA SECTOR LA CAROLINA,Iñaquito,local_comercial,arriendo,2200.0,155.0,0.0,0,2,reserved,2026-10-10,remax_en_vivo
64798,Oportunidad departamento Norte de Quito,Bellavista Carretas,departamento,venta,85500.0,186.8,0.0,2,2,active,2026-10-10,remax_en_vivo
64797,VENTA TERRENO 5000 METROS URBANIZACION LA PAMPA,La Pampa,terreno,venta,419000.0,0.0,5000.0,0,0,active,2026-10-10,remax_en_vivo
64795,EN VENTA | CASA DE 4 PLANTAS,Iñaquito,casa,venta,500000.0,875.0,400.0,5,6,active,2026-10-10,remax_en_vivo
64792,Hermosa casa  en venta  conjunto Kedra Dean Bajo,Dean Bajo,casa,venta,250000.0,383.11,0.0,3,4,active,2026-10-10,remax_en_vivo
64781,Estrena en Cumbayá: 142m² y terraza propia de 66m²,Tumbaco,departamento,venta,224000.0,227.0,0.0,2,2,active,2026-10-10,remax_en_vivo
64769,ESTUDIO EN RENTA– REPÚBLICA DEL SALVADOR,Iñaquito,departamento,arriendo,670.0,40.0,0.0,1,1,active,2026-10-10,remax_en_vivo
64764,VENTA DEPARTAMENTO SECTOR SAN PEDRO CLAVER,Cotocollao,departamento,venta,41000.0,93.0,0.0,3,1,active,2026-10-10,remax_en_vivo
64749,Lote en Venta en Pifo,Primavera Centro,terreno,venta,24000.0,0.0,204.08,0,0,active,2026-10-10,remax_en_vivo
64748,Exclusivo depto de 135 m² junto al C.C. El Bosque,Rumipamba,departamento,venta,135000.0,104.0,0.0,2,2,active,2026-10-10,remax_en_vivo
64747,Lote Económico en Venta Cerca del Centro de Pifo,Primavera Centro,terreno,venta,24000.0,0.0,200.0,0,0,active,2026-10-10,remax_en_vivo
64734,Local Comercial en Renta en Tumbaco,Tolagasi,local_comercial,arriendo,2250.0,127.1,0.0,0,1,active,2026-10-10,remax_en_vivo
64713,Edificio en Venta,Union Nacional,edificio_comercial,venta,372807.0,905.66,497.48,0,0,active,2026-10-10,remax_en_vivo
64711,Casa con alto potencial residencial y comercial,Calderón (Carapungo),casa,venta,580000.0,446.63,1950.63,3,3,active,2026-10-10,remax_en_vivo
64710,OFICINA EN VENTA,Mariscal Sucre,oficina,venta,22000.0,38.15,0.0,0,1,active,2026-10-10,remax_en_vivo
64709,Terreno en venta SAN JUAN ALTO DE CUMBAYA,San Juan Alto,terreno,venta,195000.0,0.0,973.0,0,0,active,2026-10-10,remax_en_vivo
64708,PROPIEDAD COMERCIAL AV 10 DE AGOSTO,Mariscal Sucre,local_comercial,venta,1315000.0,1683.53,1250.0,0,4,active,2026-10-10,remax_en_vivo
64707,DEPARTAMENTO LUJO 2 DORMITORIOS CUMBAYA,Cumbaya Cabecera,departamento,venta,292000.0,182.96,0.0,2,2,active,2026-10-10,remax_en_vivo
64701,RENTA LOCAL 42m2 LLANO GRANDE,Calderón (Carapungo),local_comercial,arriendo,250.0,97.0,0.0,0,2,active,2026-10-10,remax_en_vivo
64700,"Terreno en venta en Conocoto, Huertos Familiares",Hospital Militar,terreno,venta,35000.0,0.0,961.0,0,0,active,2026-10-10,remax_en_vivo
64698,DEPARTAMENTO EN VENTA – CENTRO HISTÓRICO DE QUITO,Itchimbia,departamento,venta,40000.0,89.0,0.0,3,1,active,2026-10-10,remax_en_vivo
64697,DEPARTAMENTO EN RENTA SAN ISIDRO DEL INCA,San Isidro Del Inca,departamento,arriendo,500.0,100.0,0.0,3,2,reserved,2026-10-10,remax_en_vivo
64696,"ARMENIA 2, CASA VENTA 5 DORMITORIOS 3 BAÑOS 2 PARQ",Armenia 2,casa,venta,159000.0,222.28,169.21,5,3,active,2026-10-10,remax_en_vivo
64690,CASA EN VENTA 2 PISOS PISULI TWINZA,Pisuli,casa,venta,53999.0,208.55,201.2,3,2,active,2026-10-10,remax_en_vivo
64689,SE VENDE HERMOSA CASA EN EL BATAN,Iñaquito,casa,venta,339000.0,325.92,504.0,3,3,active,2026-10-10,remax_en_vivo
64685,SE VENDE RENTERA CON 5 DEPARTAMENTOS PRECIO FIJO,San Bartolo,casa,venta,99000.0,437.0,135.0,8,6,active,2026-10-10,remax_en_vivo
64684,CASA CON PARQUEADERO PROPIO Y TERRAZA,Turubamba,casa,venta,55000.0,133.0,59.0,3,2,active,2026-10-10,remax_en_vivo
64683,CASA REMODELADA A ESTRENAR CON PARQUEADERO PROPIO,Turubamba,casa,venta,40000.0,93.0,41.0,3,2,active,2026-10-10,remax_en_vivo
64682,CASA EN VENTA CARCELEN,Carcelen,casa,venta,80000.0,181.51,23345.0,3,2,active,2026-10-10,remax_en_vivo
64673,SUITE EN VENTA PONCEANO UN DORMITORIO Y ESTUDIO,Ponceano,departamento,venta,48900.0,82.0,0.0,2,1,active,2026-10-10,remax_en_vivo
64672,VENTA TERRENO NAYON,Central,terreno,venta,75000.0,0.0,492.0,0,0,active,2026-10-10,remax_en_vivo
64667,CASA DE DOS PISOS EN VENTA CERCA DE QUITUMBE,Quitumbe,casa,venta,65000.0,98.53,98.54,3,1,active,2026-10-10,remax_en_vivo
64666,SUITE EN VENTA – SECTOR LA PAZ,Benalcazar,departamento,venta,83500.0,81.0,0.0,1,1,active,2026-10-10,remax_en_vivo
64663,Casa de Venta Sector 12 de Octubre,Mariscal Sucre,casa,venta,398500.0,348.0,351.0,4,4,active,2026-10-10,remax_en_vivo
64643,Se vende departamento 3 dormitorios en Carcelén,Carcelén,departamento,venta,75000.0,90.0,0.0,3,2,active,2026-10-10,remax_en_vivo
64639,"TERRENO EN VENTA, SECTOR CATZUQUI DE VELAZCO TENER",Las Tenerias,terreno,venta,26000.0,0.0,819.38,0,0,active,2026-10-10,remax_en_vivo
64637,VENTA SUITE SECTOR PINAR BAJO,El Pinar Alto,departamento,venta,75000.0,92.0,0.0,1,1,active,2026-10-10,remax_en_vivo
64630,AMPLIO DEPARTAMENTO 3D EN VENTA – URB EL CONDADO,El Condado,departamento,venta,110000.0,195.0,0.0,3,2,active,2026-10-10,remax_en_vivo
64627,CASA DE 3 DORMITORIOS+PATIO EN VENTA EN CARCELEN,Carcelén,casa,venta,64500.0,151.0,0.0,3,2,active,2026-10-10,remax_en_vivo
64626,"CASA EN VENTA CUMBAYA, URBANIZACION VALLE 2 Y 3",Cumbayá,casa,venta,320000.0,340.71,512.1,4,3,active,2026-10-10,remax_en_vivo
64625,DEPARTAMENTO EN VENTA SECTOR PINAR ALTO,El Pinar Alto,departamento,venta,75000.0,91.26,0.0,3,2,active,2026-10-10,remax_en_vivo
64614,Se Vende Casa en Tumbaco Sector Hilacril,Tumbaco,casa,venta,295000.0,1933.0,1933.0,4,2,active,2026-10-10,remax_en_vivo
64609,Venta departamento 3 d Jardines del Batan,Iñaquito,departamento,venta,165000.0,142.0,0.0,3,2,active,2026-10-10,remax_en_vivo
64600,casa rentera en venta,De las Familias,casa,venta,50000.0,13359.0,200.0,4,2,active,2026-10-10,remax_en_vivo
64585,"CASA INDEPENDIENTE EN VENTA PONCEANO, 3 DORMITORI",Ponceano,casa,venta,95000.0,188.92,188.92,3,2,reserved,2026-10-10,remax_en_vivo
64580,VENTA CASA 402 m² TANDA | 3 HAB CON BAÑO PRIVADO |,Nayón,casa,venta,255000.0,410.0,400.0,3,4,active,2026-10-10,remax_en_vivo
64571,Casa Venta - Llano Grande,Calderón (Carapungo),casa,venta,68900.0,128.0,0.0,3,2,active,2026-10-10,remax_en_vivo
64562,VENTA DE DEPARTAMENTO  A ESTRENAR (VIP),Carcelén,departamento,venta,86000.0,118.42,0.0,3,2,active,2026-10-10,remax_en_vivo
64559,Casa en Venta | Conjunto Pomasqui Gardens,Pomasqui,departamento,venta,69000.0,121.0,0.0,3,2,active,2026-10-10,remax_en_vivo
64558,Oficina en Renta-Norte de Quito,Iñaquito,oficina,arriendo,1810.0,429.0,0.0,0,0,active,2026-10-10,remax_en_vivo
64553,Renta departamento con línea blanca - Quito Tennis,Rumipamba,departamento,arriendo,1200.0,348.0,0.0,4,3,active,2026-10-10,remax_en_vivo
64548,EDIFICIO OBRA GRIS EN VENTA PUENTE 2 827m2,Balcon Del Valle,edificio_completo,venta,385000.0,898.0,260.0,0,0,active,2026-10-10,remax_en_vivo
64547,CASA COMERCIAL EN VENTA SUR DE QUITO 856m2,Carlos EF Mendez,house_comercial,venta,499000.0,856.0,613.0,12,12,active,2026-10-10,remax_en_vivo
64546,DEPARTAMENTO EN VENTA SECTOR LA PAZ 101m2,La Paz,departamento,venta,145000.0,116.0,0.0,2,2,active,2026-10-10,remax_en_vivo
64545,TERRENO EN VENTA 800m2 EN URBANIZACION CERRADA,Gonzalez Suarez,terreno,venta,69900.0,0.0,800.0,0,0,active,2026-10-10,remax_en_vivo
64544,TERRENO EN VENTA LA HOSPITALARIA VALLE 1865m2,Hospitalaria,terreno,venta,160000.0,0.0,1865.0,0,0,active,2026-10-10,remax_en_vivo
64542,Renta de Local en la Avenida Simón Bolivar.,Lomas Puengasi,local_comercial,arriendo,500.0,200.0,0.0,0,1,active,2026-10-10,remax_en_vivo
64541,Alquiler de Local Avenida Simón Bolivar,Lomas Puengasi,local_comercial,arriendo,400.0,120.0,0.0,0,2,active,2026-10-10,remax_en_vivo
64538,Se renta casa con gran terreno en Guayllabamba,Guayllabamba,casa,arriendo,300.0,180.0,3600.0,2,2,active,2026-10-10,remax_en_vivo
64536,Casa en venta Cumbayá.,La Praga,casa,venta,300000.0,470.0,510.0,6,6,active,2026-10-10,remax_en_vivo
64532,Arriendo Local Comercial en Llano Grande.,Calderón (Carapungo),local_comercial,arriendo,180.0,55.0,0.0,0,1,active,2026-10-10,remax_en_vivo
64523,VENDO CASA CON AMPLIO JARDIN LA ARMENIA 2,Armenia 2,casa,venta,140000.0,200.0,300.0,3,3,active,2026-10-10,remax_en_vivo
64518,SUITE DÚPLEX POR ESTRENAR EN ZONA CENTRICA QUITO,Iñaquito,departamento,venta,98000.0,158.88,0.0,1,2,active,2026-10-10,remax_en_vivo
64510,DEPARTAMENTO 3 DOM URB EL CONDADO,El Condado,departamento,venta,95000.0,154.48,0.0,3,2,active,2026-10-10,remax_en_vivo
64501,VENTA QUINTA YUNGUILLA,Calacalí,quinta,venta,135000.0,250.0,1748.0,5,3,active,2026-10-10,remax_en_vivo
64472,En Venta casa Rentera Nayon frente al estadio,Nayón,edificio_completo,venta,172000.0,295.0,255.0,0,0,active,2026-10-10,remax_en_vivo
64471,LOCAL EN RENTA DE 83m2 SECTOR CALDERÓN,Calderón (Carapungo),local_comercial,arriendo,350.0,83.0,0.0,0,1,active,2026-10-10,remax_en_vivo
64470,"Edificio en Obra Gris con 915,60m² de Construcción",Pueblo Unido,casa,venta,120000.0,915.6,300.0,8,4,active,2026-10-10,remax_en_vivo
64469,TERRENO 300m² EN VENTA QUITUMBE - PUEBLO UNIDO,Pueblo Unido,terreno,venta,30000.0,0.0,300.0,0,0,active,2026-10-10,remax_en_vivo
64467,RENTA LOCAL COMERCIAL - AV. DIEGO DE ALMAGRO Y WHY,Iñaquito,local_comercial,arriendo,1200.0,150.0,0.0,0,2,reserved,2026-10-10,remax_en_vivo
64462,CASA DE VENTA .URB. SAN JOSE DEL VALLE . CONOCOTO,Conocoto,casa,venta,278000.0,526.0,1094.0,3,3,active,2026-10-10,remax_en_vivo
64461,VENDO DEP 2 DOR. SECTOR ESTADIO OLIMPICO PISO 9,Batan Alto,departamento,venta,95900.0,101.0,0.0,2,2,active,2026-10-10,remax_en_vivo
64459,"SE ARRIENDA DEPARTAMENTO 215M2, 4D, EL BOSQUE",El Bosque,departamento,arriendo,690.0,460.0,0.0,4,3,reserved,2026-10-10,remax_en_vivo
64453,Vendo Duplex - 3 dormitorios - La Carolina,Batan Bajo,departamento,venta,158000.0,251.2,0.0,3,3,reserved,2026-10-10,remax_en_vivo
64446,Venta departamento cerca de la ESMIL,El Condado,departamento,venta,79900.0,216.6,0.0,3,3,active,2026-10-10,remax_en_vivo
64445,Renta departamento sector La Gasca,Belisario Quevedo,departamento,arriendo,430.0,122.11,0.0,2,2,reserved,2026-10-10,remax_en_vivo
64436,DEPARTAMENTO EN VENTA 3HAB SECTOR EL DORADO,Itchimbia,departamento,venta,85000.0,100.0,0.0,3,2,reserved,2026-10-10,remax_en_vivo
64422,Terreno 1.000 m² en Venta | Calderón – Landázuri,Landazuri,terreno,venta,85000.0,0.0,1000.0,0,0,active,2026-10-10,remax_en_vivo
64421,OFICINA EN VENTA SECTOR IÑAQUITO,Iñaquito,oficina,venta,110000.0,134.0,500.0,0,2,reserved,2026-10-10,remax_en_vivo
64418,"CASA RENTERA EN VENTA EN LA MENA 2, QUITO SUR",La Mena,casa,venta,145000.0,311.56,215.0,8,4,active,2026-10-10,remax_en_vivo
64417,Suite en venta,La Carolina,departamento,venta,74000.0,56.7,0.0,1,1,reserved,2026-10-10,remax_en_vivo
64416,DEPARTAMENTO EN PLANTA BAJA EN VENTA - PONCEANO,Ponceano,departamento,venta,105000.0,142.0,0.0,3,2,active,2026-10-10,remax_en_vivo
64415,VENDO DEPARTAMENTO DIEGO DE VASQUEZ,Carcelén,departamento,venta,56000.0,97.0,0.0,3,2,active,2026-10-10,remax_en_vivo
64405,VENDO TERRENO PARA TRES CASAS EN PUEMBO,Puembo,terreno,venta,248000.0,0.0,1225.0,0,0,active,2026-10-10,remax_en_vivo
64402,Venta casa Sector San Isidro del inca,San Isidro Del Inca,casa,venta,288000.0,420.0,515.0,3,3,active,2026-10-10,remax_en_vivo
64401,CASA EN VENTA ENEL PINAR ALTO,Cochapamba,casa,venta,105000.0,189.1,0.0,3,3,active,2026-10-10,remax_en_vivo
64400,"CASA EN VENTA SAN ISIDRO DEL INCA 2 HAB, PATIO",Buenos Aires,casa,venta,62000.0,111.11,67.95,2,2,active,2026-10-10,remax_en_vivo
64399,CASA CON AMPLIO TERRENO EN VENTA EN LA OCCIDENTAL,San Vicente De La Florida,casa,venta,298000.0,450.0,650.0,3,2,active,2026-10-10,remax_en_vivo
64396,Departamento en Venta en Urb. Jardines de Amagasí,Jardines de amagasi,departamento,venta,115000.0,78.5,0.0,2,2,active,2026-10-10,remax_en_vivo
64395,CASA EN VENTA ARMENIA,Conocoto,casa,venta,80000.0,125.0,85.0,3,3,active,2026-10-10,remax_en_vivo
64394,VENTA DEPARTAMENTO SECTOR CARCLEN,Carcelén,departamento,venta,79000.0,132.0,0.0,3,2,active,2026-10-10,remax_en_vivo
64384,PRECIO MEJORADO!!! TERRENO BOSMEDIANO,Bellavista,terreno,venta,238000.0,0.0,780.0,0,0,active,2026-10-10,remax_en_vivo
64382,DEPARTAMENTO EN VENTA,Nazareth,departamento,venta,68000.0,86.4,0.0,3,2,active,2026-10-10,remax_en_vivo
64369,TERRENO EN VENTA EN URBANIZACIÓN – CARCELÉN ALTO,Carcelén,terreno,venta,29900.0,0.0,90.0,0,0,active,2026-10-10,remax_en_vivo
64367,"Terreno Esquinero en Venta Sobre La E35, Itulcachi",Itulcachi,terreno_comercial,venta,247000.0,0.0,5489.53,0,0,active,2026-10-10,remax_en_vivo
64359,"Terreno 480m2 sector la Armenia, Los Arupos",Los Arupos,terreno,venta,72000.0,0.0,480.0,0,0,active,2026-10-10,remax_en_vivo
64357,Departamento 3 habitaciones Torres Mañosca,Rumipamba,departamento,venta,89900.0,134.0,0.0,3,2,active,2026-10-10,remax_en_vivo
64347,Casa espaciosa en el Condado,El Condado,casa,venta,175000.0,163.0,262.0,3,3,active,2026-10-10,remax_en_vivo
64346,Arriendo Departamento en la González Suárez,Iñaquito,departamento,arriendo,750.0,90.0,0.0,2,2,reserved,2026-10-10,remax_en_vivo
64345,VENDO DEPARTAMENTO EL BOSQUE,Cochapamba,departamento,venta,179000.0,385.0,0.0,4,3,active,2026-10-10,remax_en_vivo
64336,VENDO TERRENO EN LA FLORIDA,La Viña del Ceviche,casa,venta,110000.0,130.0,269.0,3,2,reserved,2026-10-10,remax_en_vivo
64335,VENTA DE CASA PINAR BAJO,Chaupicruz (La Concepcion),terreno_comercial,venta,250000.0,720.0,496.0,0,0,active,2026-10-10,remax_en_vivo
64328,DEPARTAMENTO EN VENTA,Inaquito Alto,departamento,venta,115000.0,153.0,0.0,2,2,active,2026-10-10,remax_en_vivo
64326,VENTA DE DPTO PINAR ALTO,El Pinar Alto,departamento,venta,67900.0,106.0,0.0,3,2,reserved,2026-10-10,remax_en_vivo
64325,Venta de Terreno Derechos y Acciones Guayllabamba,Patria Libre,terreno,venta,20.0,0.0,3000.0,0,0,active,2026-10-10,remax_en_vivo
64324,VENTA CASA JARDINES DEL BOSQUE AV. OCCIDENTAL,Cochapamba Norte,casa,venta,73900.0,155.0,0.0,3,1,active,2026-10-10,remax_en_vivo
64323,Departamento en Venta 3Hab 3.5B Balcon Bellavista,Bellavista,departamento,venta,429500.0,210.68,0.0,3,3,active,2026-10-10,remax_en_vivo
64320,Casa de Venta  sector Chimbacalle - Sur de Quito,Chimbacalle,casa,venta,189900.0,582.0,370.0,3,3,active,2026-10-10,remax_en_vivo
64315,En Venta Departamento a Estrenar La Coruña,La Paz,departamento,venta,143000.0,77.91,0.0,2,2,active,2026-10-10,remax_en_vivo
64299,LOCAL COMERCIAL EN RENTA EN LA FLORESTA,Mariscal Sucre,local_comercial,arriendo,350.0,48.24,0.0,0,1,active,2026-10-10,remax_en_vivo
64288,VENTA DEPARTAMENTO AMPLIO -PINAR ALTO,El Pinar Alto,departamento,venta,99000.0,155.0,0.0,3,2,reserved,2026-10-10,remax_en_vivo
64283,"VENDO DEPARTAMENTO DUPLEX, LAS BROMELIAS",Monteserrin,casa,venta,195000.0,305.0,482.0,3,3,active,2026-10-10,remax_en_vivo
64280,CASA EN VENTA SECTOR CUMBAYA,Santa Lucía,casa,venta,230000.0,308.76,308.0,3,4,active,2026-10-10,remax_en_vivo
64279,CASA INDEPENDIENTE EN VENTA CUMBAYA SAN JUAN BAJO,San Juan Bajo,casa,venta,180000.0,635.0,504.0,5,2,active,2026-10-10,remax_en_vivo
64278,DEPARTAMENTO EN VENTA QUITO TENIS,Quito Tenis,departamento,venta,270000.0,566.97,0.0,4,4,active,2026-10-10,remax_en_vivo
64276,"VENDO DEPARTAMENTO 3 DORMITORIOS, LAS BROMELIAS",Monteserrin,casa,venta,185000.0,445.0,482.0,3,3,active,2026-10-10,remax_en_vivo
64269,"VENDO CASA RENTERA, SECTOR AMÉRICA  DE 341M2 CONST",America,house_comercial,venta,122500.0,351.0,295.0,8,5,reserved,2026-10-10,remax_en_vivo
64257,TERRENO EN VENTA-USHIMANA,Ushimana,terreno,venta,83000.0,0.0,1071.65,0,0,active,2026-10-10,remax_en_vivo
64254,PROPIEDAD EN VENTA SECTOR POMASQUI,Campo Alegre,otro,venta,230000.0,1013.0,1001.0,8,8,active,2026-10-10,remax_en_vivo
64250,EDIFICIO EN VENTA EN LA  CIUDADELA  IBARRA,Quitumbe,edificio_completo,venta,200000.0,656.0,180.0,12,6,active,2026-10-10,remax_en_vivo
64246,CASA EN RENTA AL NORTE DE QUITO,Llano Chico,casa,arriendo,400.0,147.0,0.0,3,2,active,2026-10-10,remax_en_vivo
64234,LOCAL DE RENTA PLAZA DE TOROS 60M2  EN   PB,El Batan,local_comercial,arriendo,370.0,60.0,0.0,0,2,reserved,2026-10-10,remax_en_vivo
64233,CASA VENTA EN CONJ. 109M2 SECTOR NORTE COTOCOLLAO,Los Tulipanes,casa,venta,64900.0,99.0,120.0,3,2,reserved,2026-10-10,remax_en_vivo
64232,ARRIENDO LOCAL COMERCIAL EN EXCELENTE UBICACIÓN,Union Nacional,local_comercial,arriendo,300.0,35.0,0.0,0,1,active,2026-10-10,remax_en_vivo
64228,VENDO TERRENO 1193M2SECTOR PUENTE PIEDRA LA SALLE,Puente de Piedra,terreno_comercial,venta,205555.0,0.0,1193.0,0,0,active,2026-10-10,remax_en_vivo
64227,Terreno en venta en Guayllamba,La Sofia,terreno,venta,245000.0,0.0,7333.0,0,0,active,2026-10-10,remax_en_vivo
64219,DEPARTAMENTO EN VENTA,El Condado,departamento,venta,93000.0,135.0,0.0,3,2,active,2026-10-10,remax_en_vivo
64217,RENTA LOCAL COMERCIAL 70M2 AV. MARISCAL SUCRE,Mariscal Ayacucho,local_comercial,arriendo,500.0,70.0,0.0,0,0,active,2026-10-10,remax_en_vivo
64216,CASA CON AMPLIO TERRENO,Conocoto,casa,venta,239900.0,1233.0,1130.0,5,4,active,2026-10-10,remax_en_vivo
64215,Suite en Venta a estrenar Sector Coruña,La Paz,departamento,venta,108400.0,47.78,0.0,1,1,active,2026-10-10,remax_en_vivo
64211,VENTA OFICINA 54 M2 EDIFICIO MUTUALISTA PICHINCHA,San Juan,oficina,venta,28000.0,54.0,0.0,0,1,active,2026-10-10,remax_en_vivo
64199,Departamento 2 Dormitorios Quito Tenis,Quito Tenis,departamento,venta,132000.0,115.0,0.0,2,2,active,2026-10-10,remax_en_vivo
64198,GALPONES EN VENTA SECTOR GUAMANI FERIA DE AUTOS,Guamaní,galpon,venta,790000.0,3726.0,3670.0,0,1,active,2026-10-10,remax_en_vivo
64195,"Casa Rentera en Venta ""San Fernando""",San Fernando,house_comercial,venta,250000.0,468.81,473.48,7,4,active,2026-10-10,remax_en_vivo
64192,DEPARTAMENTO DE VENTA CONOCOTO SANTA MONICA ALTA,Conocoto,departamento,venta,59000.0,84.7,0.0,3,2,active,2026-10-10,remax_en_vivo
64186,Terreno en Venta/San Antonio de Pichincha/2.830 m²,San Antonio,terreno,venta,183950.0,0.0,2830.0,0,0,active,2026-10-10,remax_en_vivo
64184,SUITE EN VENTA SECTOR LA CAROLINA,La Paz,departamento,venta,96000.0,76.5,0.0,1,1,reserved,2026-10-10,remax_en_vivo
64155,Vendo Propiedad Comercial. Av G Rumiñahui P5,Empresa Electrica,terreno,venta,145000.0,0.0,450.0,0,0,active,2026-10-10,remax_en_vivo
64154,Depar 3 habitaciones con balcón en Quito Tenis,Rumipamba,departamento,arriendo,1300.0,294.96,0.0,3,3,active,2026-10-10,remax_en_vivo
64145,Terrenos en Venta Illaló,Tumbaco,terreno,venta,153000.0,0.0,6108.07,0,0,active,2026-10-10,remax_en_vivo
64143,"Monteserrin, Departamento 2 habitaciones",Monteserrin,departamento,arriendo,540.0,93.0,0.0,2,2,active,2026-10-10,remax_en_vivo
64142,"QUITO TEIS, 2 DORMITORIOS DE RENTA",Rumipamba,departamento,arriendo,410.0,85.0,0.0,2,1,active,2026-10-10,remax_en_vivo
64141,"DEPARTAMENTO 3 DORMITORIO,  ESTUDIO Y PATIO",Granda Centeno,departamento,venta,180000.0,289.0,0.0,3,2,active,2026-10-10,remax_en_vivo
63821,TERRENO COMERCIAL EN VENTA AMAGUAÑA,Amaguaña,terreno_comercial,venta,160000.0,0.0,2300.0,0,0,active,2026-10-10,remax_en_vivo
63801,TERRENO CON CASA DE VENTA GRANDA CENTENO 511 M2,Granda Centeno,terreno,venta,285000.0,0.0,511.0,0,0,active,2026-10-10,remax_en_vivo
63800,TUMBACO TERRENO DE VENTA 1011 M2 EN URBANIZACIÓN,Collaqui,terreno,venta,199000.0,0.0,1011.0,0,0,active,2026-10-10,remax_en_vivo
63799,CASA EN VENTA CARAPUNGO - GALO PLAZA LASSO,Carapungo,casa,venta,55000.0,111.31,72.0,5,2,reserved,2026-10-10,remax_en_vivo
63784,¡Se vende amplia casa en La Gasca!,La Gasca,casa,venta,115000.0,220.0,120.0,4,2,active,2026-10-10,remax_en_vivo
63783,"TERRENO DE VENTA, EN LA MARCA",San Antonio,terreno,venta,52000.0,0.0,490.0,0,0,active,2026-10-10,remax_en_vivo
63778,Propiedad comercial,Turubamba,edificio_comercial,venta,580000.0,840.0,720.0,0,3,active,2026-10-10,remax_en_vivo
63772,CASA RENTERA FERROVIARIA BAJA SECTOR CHAGUARQUINGO,La Ferroviaria,casa,venta,115000.0,524.0,336.0,10,7,active,2026-10-10,remax_en_vivo
63770,CASA SECTOR PUENTE 4 VALLE DE LOS CHILLOS CONOCOTO,Conocoto,casa,venta,89000.0,134.52,134.52,3,2,active,2026-10-10,remax_en_vivo
63765,"VENDO DEPARTAMENTO/ESTUDIO – CUMBAYÁ, LA PRIMAVERA",La Primavera,departamento,venta,68000.0,30.69,0.0,1,1,active,2026-10-10,remax_en_vivo
63754,Departamento en venta sector Ia Coruña,La Paz,departamento,venta,219000.0,164.0,0.0,3,2,active,2026-10-10,remax_en_vivo
63752,CASA EN RENTA SECTOR UIDE HERMOSA VISTA PANORÁMICA,Conocoto,casa,arriendo,450.0,160.0,100.0,3,2,reserved,2026-10-10,remax_en_vivo
63743,"CASA EN VENTA CONJUNTO PALERMO, POMASQUI",Pomasqui,casa,venta,74900.0,138.0,70.0,3,2,active,2026-10-10,remax_en_vivo
63730,DEPARTAMENTO EN VENTA BOSMEDIANO Y GONZÁLEZ SUÁREZ,Bellavista,departamento,venta,350000.0,235.0,0.0,3,3,active,2026-10-10,remax_en_vivo
63725,DEPARTAMENTO EN VENTA  EN EL SUR DE QUITO,Turubamba,departamento,venta,31500.0,53.0,0.0,3,1,active,2026-10-10,remax_en_vivo
63723,TERRENO EN VENTA SECTOR LOS LAURELES 693m2.  QUITO,Los Laureles,terreno,venta,179000.0,0.0,693.82,0,0,active,2026-10-10,remax_en_vivo
63720,VENTA DE CASA RENTERA EL CONDADO,El Condado,casa,venta,382000.0,798.51,271.0,3,2,reserved,2026-10-10,remax_en_vivo
63714,SE VENDE PALCO ESTADIO RODRIGO PAZ DELGADO,El Condado,otro,venta,6200.0,1.0,0.0,0,0,active,2026-10-10,remax_en_vivo
63713,ALQUILO CENTRO EDUCATIVO SECTOR LA ARGELIA,La Argelia,local_comercial,arriendo,350.0,400.0,0.0,0,4,active,2026-10-10,remax_en_vivo
63711,ESTUDIO EN VENTA EN LA CAROLINA,La Republica,departamento,venta,72000.0,30.87,0.0,1,1,active,2026-10-10,remax_en_vivo
63704,TERRENO DE 650 M² EN VENTA | LA ARMENIA 2,Conocoto,terreno,venta,65000.0,0.0,650.0,0,0,active,2026-10-10,remax_en_vivo
63699,VENTA DE OFICINA AMZAONAS PARC,Iñaquito,oficina,venta,68000.0,63.0,0.0,0,1,active,2026-10-10,remax_en_vivo
63696,Venta terreno La Gasca – Occidental,La Gasca,terreno,venta,180000.0,0.0,538.0,0,0,active,2026-10-10,remax_en_vivo
63690,CASA EN VENTA TERMINAL QUITUMBE 3 DORMITORIOS,Quitumbe,casa,venta,55000.0,109.0,27528.0,3,2,active,2026-10-10,remax_en_vivo
63681,VENTA CASA MASTODONTES - CARCELEN,Mastodontes,casa,venta,69900.0,160.0,0.0,3,1,active,2026-10-10,remax_en_vivo
63671,"LOCAL COMERCIAL DE 67M2, UBICADA EN LA PLANTA BAJA",Bellavista,local_comercial,arriendo,990.0,67.0,0.0,0,2,active,2026-10-10,remax_en_vivo
63668,Rento propiedad en El Inga | Vivienda o empresa,Pifo,casa,arriendo,1800.0,298.0,4000.0,4,2,active,2026-10-10,remax_en_vivo
63664,Local Comercial en Venta-Norte de Quito,Belisario Quevedo,local_comercial,venta,30000.0,14.56,0.0,0,0,active,2026-10-10,remax_en_vivo
63663,CASA EN VENTA SAN JOSE DE MORAN,San Jose,casa,venta,45000.0,120.0,78.0,3,2,active,2026-10-10,remax_en_vivo
63662,CASA EN VENTA URBANIZACIÓN JARDINES DE CARCELÉN,Carcelén,casa,venta,155000.0,390.22,0.0,4,4,active,2026-10-10,remax_en_vivo
63658,SE VENDE CASA EN CONJUNTO SECTOR QUITUMBE,Quitumbe,casa,venta,77000.0,128.0,40.0,3,2,active,2026-10-10,remax_en_vivo
63657,SE VENDE CASA - LAARGELIA - 208m2,La Argelia,casa,venta,79000.0,208.0,208.0,6,3,active,2026-10-10,remax_en_vivo
63656,Se Vende Departamento Sector El Bosque,Rumipamba,departamento,venta,230000.0,295.0,0.0,4,3,active,2026-10-10,remax_en_vivo
63655,SE VENDE CASA RENTERA CARCELEN BAJO,Carcelen Bajo,casa,venta,135000.0,398.0,398.0,16,7,active,2026-10-10,remax_en_vivo
63654,"Se Vende Casa, Valle de Los Chillos",Alangasí,casa,venta,240000.0,350.0,350.0,4,3,active,2026-10-10,remax_en_vivo
63653,SE VENDE CASA RENTERA CARCELEN BAJO,Carcelen Bajo,casa,venta,136000.0,441.0,441.0,14,7,active,2026-10-10,remax_en_vivo
63652,OFICINA AMOBLADA EN VTA SECTOR LA MARISCAL,Mariscal Sucre,oficina,venta,57000.0,71.81,0.0,0,1,active,2026-10-10,remax_en_vivo
63648,SE VENDE QUINTA EN PARROQUIA TABABELA EN QUITO,Tababela,quinta,venta,200000.0,225.0,830.0,3,2,active,2026-10-10,remax_en_vivo
63639,Departamento grande y moderno Ponceano,Cotocollao,departamento,venta,110000.0,93.0,0.0,3,2,active,2026-10-10,remax_en_vivo
63637,VENDO DEPA DE 2HB EN EL EXCLUSIVO EDIFICIO LEPARC,Iñaquito,departamento,venta,269000.0,107.53,0.0,2,2,active,2026-10-10,remax_en_vivo
63636,FINCAS PRODUCTIVAS /TULIPE /51.000 M2,Gualea,propiedad_agricola,venta,120000.0,0.0,51000.0,0,0,active,2026-10-10,remax_en_vivo
63633,CASA EN VENTA - SECTOR MIRAFLORES (280m²),San Juan,casa,venta,100000.0,282.8,209.0,3,2,active,2026-10-10,remax_en_vivo
63632,"Suite en Venta de 61,69 m² – Bosmediano",Bellavista,departamento,venta,72000.0,84.0,0.0,1,1,reserved,2026-10-10,remax_en_vivo
63631,VENTA CASA URB. HUERTOS DE NAYON -TANDA,Huerto de Nayón,casa,venta,490000.0,735.0,735.0,4,4,active,2026-10-10,remax_en_vivo
63630,EXCLUSIVA RESIDENCIA EN EL PINAR ALTO,El Pinar Alto,casa,venta,135000.0,207.95,207.95,3,3,active,2026-10-10,remax_en_vivo
63629,TERRENO DE VENTA  PINAR ALTO,El Pinar Alto,terreno,venta,550000.0,0.0,2143.29,0,0,active,2026-10-10,remax_en_vivo
63626,VENTA DEPARTAMENTO EN EL QUITO TENIS,Quito Tenis,departamento,venta,185000.0,245.99,0.0,3,2,active,2026-10-10,remax_en_vivo
63625,EN ARRIENDO EXCLUSIVA PROPIEDAD PARA RESTAURANTE,La Armenia 1,otro,arriendo,8000.0,1411.58,0.0,0,0,active,2026-10-10,remax_en_vivo
63619,En Renta Oficina 48m2+4 m2 balcón sector Portugal,Estadio Atahualpa,oficina,arriendo,700.0,116.0,0.0,0,1,active,2026-10-10,remax_en_vivo
63615,OFICINA EN VENTA – EDIFICIO MODELO | 10 DE AGOSTO,Las Casas Bajo,oficina,venta,22000.0,40.0,0.0,0,1,active,2026-10-10,remax_en_vivo
63614,Departamento en venta con patio privado y BBQ,Granda Centeno,departamento,venta,155000.0,175.0,0.0,3,2,active,2026-10-10,remax_en_vivo
63613,ARRIENDO CONSULTORIO MEDICO FRENTE AL AXXIS,Rumipamba,consultorio,arriendo,300.0,33.0,0.0,1,1,active,2026-10-10,remax_en_vivo
63611,URB SAN ISIDRO 2 EN TANDA MIRAVALLE,Nayón,casa,arriendo,2400.0,777.0,777.0,3,3,reserved,2026-10-10,remax_en_vivo
63610,TERRENO EN VENTA PARA PROYECTO LAS CASAS,Belisario Quevedo,terreno,venta,260000.0,0.0,788.0,0,0,active,2026-10-10,remax_en_vivo
63609,VENTA DEPART 3 HABT. PISO 3 NO ASCENSOR ITCIMBIA,La Alameda,departamento,venta,47900.0,69.0,0.0,3,1,active,2026-10-10,remax_en_vivo
63600,TERRENO EN VENTA,Conocoto,terreno,venta,68000.0,0.0,600.0,0,0,active,2026-10-10,remax_en_vivo
63585,SE VENDE CASA EN CONJUNTO PORTAL DE PICHINCHA,Condominios Pichincha,casa,venta,87000.0,157.48,50.0,4,2,active,2026-10-10,remax_en_vivo
63584,CASA RENTERA EN VENTA SECTOR CIUDADELA IBARRA,Chillogallo,casa,venta,95000.0,300.0,180.0,9,4,active,2026-10-10,remax_en_vivo
63583,CASA EN VENTA CONOCOTO,Conocoto,casa,venta,115000.0,315.72,600.0,3,2,active,2026-10-10,remax_en_vivo
63573,DEPARTAMENTO 2D AMOBLADO SECTOR RIO COCA EN RENTA,El Inca,departamento,arriendo,570.0,135.75,0.0,2,2,active,2026-10-10,remax_en_vivo
63569,SE RENTA LOCAL COMERCIAL EN CALDERON.,Calderón (Carapungo),local_comercial,arriendo,400.0,72.0,0.0,0,1,active,2026-10-10,remax_en_vivo
63568,VENTA DEPARTAMENTO 2 HABITACIONES BELLAVISTA ALTO,Bellavista,departamento,venta,90000.0,62.0,0.0,2,2,reserved,2026-10-10,remax_en_vivo
63567,VENTA SUITE SECTOR LA CAROLINA,Benalcazar,departamento,venta,105000.0,68.0,0.0,1,1,active,2026-10-10,remax_en_vivo
63566,SUITE DE VENTA - AV. GRANDA CENTENO,Iñaquito,departamento,venta,89000.0,79.0,0.0,1,1,active,2026-10-10,remax_en_vivo
63561,DEPARTAMENTO 3 DORMITORIOS CON TERRAZA - CALDERON,Jose Teran,departamento,venta,71900.0,182.42,0.0,3,2,active,2026-10-10,remax_en_vivo
63545,VENTA AMPLIA CASA JARDINES DEL VALLE,Cumbayá,casa,venta,650000.0,554.77,1140.0,6,4,active,2026-10-10,remax_en_vivo
63542,"Casa  ubicación estratégica, altamente comercial",La Granja,casa,venta,390000.0,581.0,372.0,4,3,active,2026-10-10,remax_en_vivo
63540,LOCALES COMERCIALES EN VENTA QUITO NORTE,Cotocollao,local_comercial,venta,237000.0,295.0,232.0,4,4,active,2026-10-10,remax_en_vivo
63520,DEPARTAMENTO 2D EN LA PRENSA Y FERNANDEZ SALVADOR,Chaupicruz (La Concepcion),departamento,arriendo,240.0,65.0,0.0,2,1,active,2026-10-10,remax_en_vivo
63514,CASA RENTERA SECTOR MALL EL CONDADO ROI 11%,Ponceano,house_comercial,venta,150000.0,458.0,400.0,10,5,reserved,2026-10-10,remax_en_vivo
63512,DEPARTAMENTO EN VENTA URBANIZACION URABA -CARCELEN,Carcelén,departamento,venta,128000.0,166.0,0.0,3,3,active,2026-10-10,remax_en_vivo
63511,CASA CON TERRENO EN RENTA PIFO SECTOR LA LIBERTAD,Libertad De Pifo,otro,arriendo,600.0,1200.0,1200.0,2,1,active,2026-10-10,remax_en_vivo
63484,TERRENO EN VENTA - TUMBACO,Tumbaco,terreno,venta,75000.0,0.0,1736.0,0,0,active,2026-10-10,remax_en_vivo
63480,SE VENDE CASA PUEBLO BLANCO 2,Sierra Hermosa,casa,venta,50000.0,104.6,121.6,3,3,reserved,2026-10-10,remax_en_vivo
63470,VENTA CASA RENTERA SECTOR LA LOMA CENTRO HISTORICO,La Loma,casa,venta,65000.0,300.0,172.0,5,5,active,2026-10-10,remax_en_vivo
63469,VENTA CASA SECTOR MONTESERRIN,Zámbiza,casa,venta,140000.0,193.0,120.0,3,2,active,2026-10-10,remax_en_vivo
63468,VENTA CASA DE LUJO SECTOR PINAR BAJO,El Pinar Bajo,casa,venta,435000.0,939.0,616.0,3,4,active,2026-10-10,remax_en_vivo
63467,VENTA CASA SECTOR URB LA PAMPA 1,La Pampa,casa,venta,235000.0,567.0,420.0,3,3,active,2026-10-10,remax_en_vivo
63466,VENTA TERRENO URB JARDINES DE PIFO,Chaupi Molino,terreno,venta,115000.0,0.0,872.0,0,0,active,2026-10-10,remax_en_vivo
63465,VENTA CASA SECTOR SANGOLQUI,Amaguaña,casa,venta,95000.0,213.0,90.0,3,3,active,2026-10-10,remax_en_vivo
63462,Terreno Industrial Esquinero de Alta Exposición,Poder Judicial,terreno,venta,360000.0,0.0,2400.87,0,0,active,2026-10-10,remax_en_vivo
63461,"TERRENO EN VENTA, AUTOPISTA GENERAL RUMIÑAHUI",Puengasí,terreno,venta,250000.0,0.0,2218.0,0,0,active,2026-10-10,remax_en_vivo
63460,Terreno 3280 Metros - San Antonio de Pichincha,San Antonio,terreno_comercial,venta,217000.0,0.0,3280.0,0,0,active,2026-10-10,remax_en_vivo
63445,CASA EN VENTA CON PISCINA VALLE DE LOS CHILLOS,Alangasí,casa,venta,389000.0,736.0,1679.0,5,4,active,2026-10-10,remax_en_vivo
63439,"Departamento en Venta, Pinar Alto",San Fernando,departamento,venta,90000.0,136.04,0.0,3,2,active,2026-10-10,remax_en_vivo
63436,Venta Casa Rentera - San Antonio De Pichincha,Santo Domingo Alto,house_comercial,venta,155000.0,482.86,355.87,11,7,active,2026-10-10,remax_en_vivo
63435,OFICINA - CONSULTORIO EN RENTA SECTOR EL EJIDO,San Juan,consultorio,arriendo,250.0,32.0,0.0,0,1,active,2026-10-10,remax_en_vivo
63417,Edificio en Venta - Unión Nacional,Union Nacional,edificio_completo,venta,372000.0,905.66,497.48,0,0,active,2026-10-10,remax_en_vivo
63411,Casa Rentera en Venta – San Isidro del Inca,San Isidro Del Inca,house_comercial,venta,155000.0,367.24,180.0,11,7,active,2026-10-10,remax_en_vivo
63404,Suite en Arriendo en Tumbaco Sector Santa Rosa,Santa Rosa,departamento,arriendo,350.0,42.0,0.0,1,1,active,2026-10-10,remax_en_vivo
63403,Casa Esquinera por Estrenar en Calderón,El Cajon,casa,venta,90000.0,116.0,100.9,3,2,active,2026-10-10,remax_en_vivo
63397,OPORTUNIDAD VENTA DE MACROLOTE CENTRO DE CALACALI,Calacalí,terreno_comercial,venta,375000.0,0.0,17649.5,0,0,active,2026-10-10,remax_en_vivo
63396,VENTA TERRENO / ALANGASI ALTA PLUSVALIA,Alangasí,terreno,venta,99900.0,0.0,1029.0,0,0,active,2026-10-10,remax_en_vivo
63393,¡Terreno de 2.000 m² en venta – Guayllabamba!,Huertos Familiares,terreno,venta,140000.0,0.0,2140.0,0,0,active,2026-10-10,remax_en_vivo
63392,EDIFICIO SECTOR LA PRENSA 3 PISOS 1085M2 5 LOCALES,Andalucia,edificio_comercial,venta,460000.0,1145.0,615.0,0,6,active,2026-10-10,remax_en_vivo
63391,CASA EN VENTA EL CONDADO 3 DORMITORIOS EN CJTO.,El Condado,casa,venta,79000.0,134.0,60.0,3,2,active,2026-10-10,remax_en_vivo
63389,VENTA DEPARTAMENTO KENNEDY 3 DORMITORIOS,Julio Matovelle,departamento,venta,89000.0,95.49,0.0,3,2,active,2026-10-10,remax_en_vivo
63383,Venta Casa Independiente 5 Dormitorios | El Pinar,El Pinar Bajo,casa,venta,196000.0,330.0,386.0,5,3,active,2026-10-10,remax_en_vivo
63382,Edificio Corporativo en Renta | 579 m² A Estrenar,Quitumbe,edificio_comercial,arriendo,2700.0,669.0,747.0,0,0,active,2026-10-10,remax_en_vivo
63376,En Venta Terreno 3.786 m² San Isidro del Inca,Buenos Aires,terreno_comercial,venta,1200000.0,0.0,3786.0,0,0,active,2026-10-10,remax_en_vivo
63375,Se vende Departamento Estudio,La Carolina,departamento,venta,139000.0,44.0,0.0,1,1,active,2026-10-10,remax_en_vivo
63367,"CASA DE VENTA - SECTOR NAZARETH, PONCEANO",Nazareth,casa,venta,70000.0,102.0,0.0,3,1,active,2026-10-10,remax_en_vivo
63366,LOCALES COMERCIALES NUEVOS EN RENTA,Cotocollao,edificio_comercial,arriendo,1790.0,295.0,230.0,0,0,active,2026-10-10,remax_en_vivo
63364,Estudio en Venta Sector República del Salvador,Iñaquito,departamento,venta,105000.0,37.0,0.0,1,1,active,2026-10-10,remax_en_vivo
63363,DEPARTAMENTO EN VENTA EL EDEN,El Eden,departamento,venta,68500.0,104.3,0.0,3,2,active,2026-10-10,remax_en_vivo
63362,"DEPARTAMENTO EN VENTA 2 DORMITORIOS ""EL EDEN""",El Eden,departamento,venta,118000.0,159.73,0.0,2,2,active,2026-10-10,remax_en_vivo
63358,OFICINA EN VENTA EDIFICIO ROYAL PACIFIC MARISCAL,La Colon,oficina,venta,65000.0,69.9,0.0,0,1,active,2026-10-10,remax_en_vivo
63354,"Casa en venta – Conjunto KENDARI, Ponceano Alto",Nazareth,casa,venta,138000.0,237.04,0.0,3,2,active,2026-10-10,remax_en_vivo
63349,EDIFICIO COMERCIAL,El Inca,edificio_comercial,arriendo,6000.0,840.0,511.0,0,0,active,2026-10-10,remax_en_vivo
63348,"Venta de Negocio Rentable ""Estética""",Mariscal Sucre,venta_negocio,venta,155000.0,309.0,0.0,0,8,active,2026-10-10,remax_en_vivo
63346,VENTA OFICINA EN ALMAGRO PLAZA,La Pradera,oficina,venta,93000.0,53.0,0.0,0,1,active,2026-10-10,remax_en_vivo
63339,Galpón/Bodega en Renta - Calderón,San Jose Alto,galpon,arriendo,2800.0,1125.0,0.0,0,1,active,2026-10-10,remax_en_vivo
63337,VENTA LOCAL COMERCIAL PLAZA REAL CALDERON,Candelaria 1,local_comercial,venta,42000.0,22.32,0.0,0,0,active,2026-10-10,remax_en_vivo
63336,PROPIEDAD COMERCIAL EN VENTA VILLAFLORA,Villaflora,edificio_comercial,venta,480000.0,1015.0,360.0,0,0,reserved,2026-10-10,remax_en_vivo
63334,DEPARTAMENTO EN VENTA- GONZALEZ SUAREZ 3D- 255m2,Gonzalez Suarez,departamento,venta,220000.0,290.9,0.0,3,4,active,2026-10-10,remax_en_vivo
63333,Edificio comercial en venta en la Villaflora,Villaflora,edificio_comercial,venta,217000.0,512.84,117.0,0,0,active,2026-10-10,remax_en_vivo
63331,Galpón en alquiler frente al Hospital de Calderón,Sierra Hermosa,galpon,arriendo,1800.0,675.0,0.0,0,1,active,2026-10-10,remax_en_vivo
63330,VENTA DEPARTAMENTO SEC AGUA CLARA (REAL AUDIENCIA),Ponceano,departamento,venta,64900.0,139.57,0.0,3,2,active,2026-10-10,remax_en_vivo
63319,Departamento Lujo en Venta 2 Hab 2.5 Baños Balcon,Bellavista,departamento,venta,208634.0,93.0,0.0,2,2,active,2026-10-10,remax_en_vivo
63309,ARRIENDO LOCAL COMERCIAL - PLAYA CHICA,Alangasí,local_comercial,arriendo,550.0,48.0,0.0,0,1,active,2026-10-10,remax_en_vivo
63303,VENTA DEPARTAMETO 3 DORM.  ELOY ALFARO EDF EQUSS,Iñaquito,departamento,venta,118000.0,121.0,0.0,3,3,active,2026-10-10,remax_en_vivo
63302,VENDO CASA AMPLIA POMASQUI - ALCAZAR DE TOLEDO 1,Barrio Herlinda,casa,venta,105000.0,232.99,232.99,3,2,active,2026-10-10,remax_en_vivo
63284,Terreno en Venta con Galpón en Carcelén Industrial,Cristiania 2,terreno_comercial,venta,450000.0,0.0,2500.0,0,0,active,2026-10-10,remax_en_vivo
63283,"Terreno en Venta, San Antonio de Pichincha, Quito",Huertos Huaspungo,terreno_comercial,venta,170000.0,0.0,3020.0,0,0,active,2026-10-10,remax_en_vivo
63282,RENTA OFICINAS CON TERRENO CRISTIANIA,Cristiania 2,terreno_comercial,venta,650000.0,400.0,2600.0,0,0,active,2026-10-10,remax_en_vivo
63273,"Casa comercial Av. Occidental, cerca CC El Bosque",Cochapamba,house_comercial,venta,590000.0,656.0,1211.0,20,1,active,2026-10-10,remax_en_vivo
63272,"Casa comercial Av. Occidental, cerca CC El Bosque",El Bosque,house_comercial,arriendo,3000.0,656.0,1211.0,20,1,active,2026-10-10,remax_en_vivo
63265,Oficina amoblada sector  Plataforma Gubernamental,Inaquito,oficina,arriendo,1500.0,149.0,0.0,0,2,reserved,2026-10-10,remax_en_vivo
63262,VENTA TERRENO CUMBAYA 446MT DENTRO URBANIZACION,Cumbayá,terreno,venta,160000.0,0.0,446.0,0,0,active,2026-10-10,remax_en_vivo
63261,VENTA CASA 3 DORMITORIOS. San Juan de Cumbayá POR,Cumbayá,casa,venta,345000.0,395.0,0.0,3,3,active,2026-10-10,remax_en_vivo
63260,VENTA CASA 3 DORMITORIOS. San Juan de Cumbayá,Cumbayá,casa,venta,324000.0,290.0,0.0,3,3,active,2026-10-10,remax_en_vivo
63259,Mansion de Venta en Campo Verde - La Viña,La Viña,casa,venta,0.0,1040.0,2500.0,5,8,active,2026-10-10,remax_en_vivo
63256,SE VENDE DEPARTAMENTO 3 DORMITORIOS QUITO TENIS,Quito Tenis,departamento,venta,320000.0,432.0,0.0,3,3,active,2026-10-10,remax_en_vivo
63250,CASA EN VENTA 3 DORMITORIOS  REMODELADA– CARAPUNGO,Carapungo,casa,venta,60000.0,96.0,59.0,3,1,active,2026-10-10,remax_en_vivo
63249,CASA RENTERA EN VENTA SECTOR EL CAJON LLANO GRANDE,Landazuri,casa,venta,138000.0,133.0,704.0,3,2,active,2026-10-10,remax_en_vivo
63248,TERRENO COMERCIAL EN VENTA,Cotocollao,terreno_comercial,venta,6144500.0,0.0,12289.0,0,0,active,2026-10-10,remax_en_vivo
63247,GRAN TERRENO COMERCIAL EN VENTA,Cotocollao,terreno_comercial,venta,15331500.0,0.0,30663.0,0,0,active,2026-10-10,remax_en_vivo
63246,OFICINA  /  BODEGA DE RENTA,Llano Chico,oficina,arriendo,250.0,130.0,300.0,0,2,active,2026-10-10,remax_en_vivo
63243,CASA RENTERA EN VENTA EN CHIMBACALLE,La Argelia,casa,venta,145000.0,280.0,280.0,8,6,active,2026-10-10,remax_en_vivo
63240,"EN VENTA TERRENO 237 MT2, EN CHILLOGALLO",Chillogallo,terreno,venta,59000.0,0.0,237.0,0,0,active,2026-10-10,remax_en_vivo
63238,EDIFICIO COMERCIAL CON GALPÓN INDUSTRIAL EN VENTA,San Isidro Del Inca,galpon,venta,579000.0,1150.0,900.0,0,2,active,2026-10-10,remax_en_vivo
63236,Casa independiente de venta en sector la Brasil,Rumipamba,casa,venta,280000.0,530.0,325.0,3,3,active,2026-10-10,remax_en_vivo
63235,VENTA LOCAL COMERCIAL TUMBACO,La Morita,local_comercial,venta,88400.0,54.0,0.0,0,1,active,2026-10-10,remax_en_vivo
63233,VENTA DEPARTAMENTO 2 HABITACIONES TUMBACO,La Morita,departamento,venta,88328.0,81.0,0.0,2,2,active,2026-10-10,remax_en_vivo
63225,Suite 71 m² Amoblada Luxury Amenities Bellavista,Bellavista,departamento,arriendo,674.0,71.57,0.0,1,1,active,2026-10-10,remax_en_vivo
63223,VENTA CASA 277m² REMODELADA CONJUNTO VALLE-CHILLOS,Conocoto,departamento,venta,112000.0,277.03,0.0,3,2,active,2026-10-10,remax_en_vivo
63222,CASA POR ESTRENAR DE VENTA EN TUMBACO -LA CERÁMICA,Rumihuayco,casa,venta,257000.0,288.21,266.4,3,3,active,2026-10-10,remax_en_vivo
63218,DEPARTAMENTO EN VENTA GRANDA CENTENO,Granda Centeno,departamento,venta,210000.0,264.0,0.0,3,2,active,2026-10-10,remax_en_vivo
63197,Se vende casa Valle los Chillos 3 dor. Puente 5,Conocoto,casa,venta,120000.0,197.0,197.0,3,2,active,2026-10-10,remax_en_vivo
63194,OFICINA DE 70 M2 JUAN LEON MERA,Mariscal Sucre,oficina,venta,49000.0,72.0,0.0,0,2,active,2026-10-10,remax_en_vivo
63192,Flamante departamento 3 dorm edificio moderno,Mariscal Sucre,departamento,venta,176000.0,106.0,0.0,3,2,active,2026-10-10,remax_en_vivo
63189,ARRIENDO DEPARTAMENTO AV.AMERICA Y VILLALENGUA,Rumipamba,departamento,arriendo,550.0,280.0,0.0,3,2,active,2026-10-10,remax_en_vivo
63188,"OFICINA en RENTA, AVE. DIEGO de ALMAGRO",Iñaquito,oficina,arriendo,600.0,55.0,0.0,0,1,active,2026-10-10,remax_en_vivo
63176,Terreno en Venta | Santa Teresa de Píntag,Santa Teresa,terreno,venta,55000.0,0.0,8059.78,0,0,active,2026-10-10,remax_en_vivo
63166,Casa de 3 Dorm. con Patio en Urbanización Privada,La Concepcion,casa,venta,105000.0,274.72,274.72,3,2,active,2026-10-10,remax_en_vivo
63165,Casa de 3 habitaciones con terraza en urbanización,La Concepcion,casa,venta,95000.0,223.77,223.77,3,2,active,2026-10-10,remax_en_vivo
63153,"Departamento  Norte de Quito,  Consejo Provincial",Consejo Provincial,departamento,venta,0.0,66.0,0.0,3,1,active,2026-10-10,remax_en_vivo
63150,Vendo Casa de una planta - La Magdalena,Los Dos Puentes,casa,venta,95000.0,159.49,202.31,3,1,active,2026-10-10,remax_en_vivo
63147,"SE VENDE CASA RENTERA CON ROI DE 7%, COTOCOLLAO",Quito Norte,casa,venta,142000.0,352.0,248.0,7,3,active,2026-10-10,remax_en_vivo
63145,"SE VENDE CASA RENTERA CON ROI DE 7%, COTOCOLLAO",Quito Norte,inversion,venta,142000.0,352.0,248.0,7,3,active,2026-10-10,remax_en_vivo
63144,EDIFICIO EN VENTA 1140M2 CONST. 5 PISOS 345M2 TERR,Rumipamba,edificio_comercial,venta,627481.0,1160.0,345.0,0,0,active,2026-10-10,remax_en_vivo
63141,"Local Comercial en Renta, Sector Iñaquito",Inaquito,local_comercial,arriendo,3500.0,850.0,0.0,0,2,active,2026-10-10,remax_en_vivo
63131,Terreno en venta en Cumbayá,Cumbayá,terreno,venta,237585.0,0.0,1011.0,0,0,active,2026-10-10,remax_en_vivo
63128,TERRENO EN VENTA PLANO 743m2 TUMBACO,Tumbaco,terreno,venta,99000.0,0.0,743.0,0,0,reserved,2026-10-10,remax_en_vivo
63122,Casa en Venta en Sector Conocoto La Salle,San Jose Salle,casa,venta,78000.0,180.56,0.0,3,3,active,2026-10-10,remax_en_vivo
63118,"TERRENO EN VENTA, PUEMBO, URBANIZACIÓN DE LUJO",Puembo,terreno,venta,195518.0,0.0,674.2,0,0,active,2026-10-10,remax_en_vivo
63117,LOTE EN VENTA 680.69m2 PUEMBO UBANIZACIÓN DE LUJO,Puembo,terreno,venta,197400.0,0.0,680.69,0,0,active,2026-10-10,remax_en_vivo
63116,"LOTE DE TERRENO, PUEMBO 676.85 m2 URBANIZACIÓN DE",Puembo,terreno,venta,196286.0,0.0,676.85,0,0,active,2026-10-10,remax_en_vivo
63115,"PUEMBO LOTE DE TERRNO 901,77 m2 URB. DE LUJO",Puembo,terreno,venta,261513.0,0.0,901.77,0,0,active,2026-10-10,remax_en_vivo
63114,"LOTE EN VENTA 542,22 m2 PUEMBO URBANIZACIÓN DE LUJ",Puembo,terreno,venta,158113.0,0.0,545.22,0,0,active,2026-10-10,remax_en_vivo
63112,"LOTE DE TERRENO EN VENTA PUEMBO, URB. DE LUJO",Puembo,terreno,venta,182731.0,0.0,630.11,0,0,active,2026-10-10,remax_en_vivo
63111,"TERRENO EN VENTA 700,72 m2 URB. DE LUJO PUEMBO",Puembo,terreno,venta,203208.0,0.0,700.72,0,0,active,2026-10-10,remax_en_vivo
63110,"TERRENO EN VENTA 544,98 m PUEMBO URB. DE LUJO",Puembo,terreno,venta,158044.0,0.0,544.98,0,0,active,2026-10-10,remax_en_vivo
63109,"TERRENO EN VENTA, PUEMBO 629,82 m2 URB. DE LUJO",Puembo,terreno,venta,182647.0,0.0,629.82,0,0,active,2026-10-10,remax_en_vivo
63106,"TERRENO EN VENTA 576,60 m2 PUEMBO URB DE LUJO",Puembo,terreno,venta,164604.0,0.0,576.6,0,0,active,2026-10-10,remax_en_vivo
63104,Terreno comercial de venta en Pifo,San Francisco 1,terreno_comercial,venta,2144085.0,0.0,13000.0,0,0,active,2026-10-10,remax_en_vivo
63102,Casa de venta en San Carlos,San Carlos Vencen,casa,venta,110000.0,160.0,0.0,3,2,active,2026-10-10,remax_en_vivo
63094,Venta de Terrenos de Guayllabamba,Patria Libre,terreno,venta,16000.0,0.0,2000.0,0,0,active,2026-10-10,remax_en_vivo
63093,Venta de Terrenos de Guayllabamba,Patria Libre,terreno,venta,24000.0,0.0,2000.0,0,0,active,2026-10-10,remax_en_vivo
63092,Venta de Terrenos de Guayllabamba,Patria Libre,terreno,venta,24630.0,0.0,2000.0,0,0,active,2026-10-10,remax_en_vivo
63089,EN VENTA / CASA EN POMASQUI – URB. SAN IGNACIO,Pomasqui,casa,venta,75000.0,140.12,0.0,2,2,reserved,2026-10-10,remax_en_vivo
63074,"CASA DE VENTA, CONJUNTO PASEOS DE LA ANDALUCIA",Cotocollao,casa,venta,80000.0,121.0,0.0,4,3,active,2026-10-10,remax_en_vivo
63061,CASA EN VENTA CENTRO NORTE DE QUITO,Itchimbia,casa,venta,110000.0,143.0,143.0,3,2,active,2026-10-10,remax_en_vivo
63060,RENTA CASA AMOBLADA EN POMASQUI EN CONJUNTO,La Erlinda,casa,arriendo,480.0,144.54,0.0,3,2,active,2026-10-10,remax_en_vivo
63059,Departamento en Venta en Calderón,Barrio Central,departamento,venta,53000.0,89.0,0.0,3,1,active,2026-10-10,remax_en_vivo
63058,ARRIENDO Casa uso Residencial o Corporativo,Prados Del Este,house_comercial,arriendo,990.0,359.07,451.7,5,3,active,2026-10-10,remax_en_vivo
63046,EN VENTA CASA DE 2 DORMITORIOS EN CALDERÓN,San Jose Alto,casa,venta,43000.0,94.25,60.0,2,1,reserved,2026-10-10,remax_en_vivo
63044,SUITE EN VENTA EN CONOCOTO 71M2,Conocoto,departamento,venta,64900.0,88.0,0.0,1,1,active,2026-10-10,remax_en_vivo
63043,NEGOCIO RENTABLE EN FUNCIONAMIENTO SOLANDA CALLE J,Solanda,venta_negocio,venta,45000.0,60.0,60.0,3,0,active,2026-10-10,remax_en_vivo
63041,CASA EN VENTA EN LLANO GRANDE 179M2,Calderón (Carapungo),casa,venta,75000.0,179.0,0.0,3,2,active,2026-10-10,remax_en_vivo
63040,EN VENTA TERRENO EN LA VÍA PIFO PAPALLACTA 5.850M2,Pifo,terreno_comercial,venta,580000.0,0.0,5852.0,0,0,active,2026-10-10,remax_en_vivo
63038,CASA INDEPENDIENTE EN VENTA PUENTE 2 VALLE 466m2,Conocoto,casa,venta,190000.0,466.0,990.0,5,3,active,2026-10-10,remax_en_vivo
63036,"VENDO TERRENO INDEPENDIENTE, SECTOR MIRANADA",Miranda,terreno,venta,73000.0,0.0,1000.0,0,0,active,2026-10-10,remax_en_vivo
63035,"VENDO CASA EN CONJUNTO, SECTOR LA SALLE",Conocoto,casa,venta,68000.0,132.0,40.0,3,3,active,2026-10-10,remax_en_vivo
63033,"VENDO CASA EN CONJUNTO, SECTOR LA SALLE",Conocoto,casa,venta,64500.0,116.0,45.0,3,3,active,2026-10-10,remax_en_vivo
63032,"VENDO CASA ESQIUNERA, EN LA ARMENIA 2",Armenia 2,casa,venta,155000.0,802212.0,150.0,3,3,active,2026-10-10,remax_en_vivo
63026,CASAS A ESTRENAR SECTOR MARIANITAS CALDERON,Calderón (Carapungo),casa,venta,94990.0,252.0,0.0,3,3,active,2026-10-10,remax_en_vivo
63022,Bodega en Renta Pusuquí Sector 4 Esquinas,Pusuqui 1,baulera,arriendo,400.0,85.0,0.0,0,1,active,2026-10-10,remax_en_vivo
63008,VENTA TERRENO PLANO EN QUITUMBE,Chillogallo,terreno,venta,28000.0,0.0,193.44,0,0,active,2026-10-10,remax_en_vivo
63007,"TERRENO EN VENTA - SECTOR BEATERIO, SUR DE QUITO",Turubamba,terreno,venta,35000.0,0.0,234.74,0,0,active,2026-10-10,remax_en_vivo
63006,VENTA DE TERRENO PLANO EN QUITUMBE,Chillogallo,terreno,venta,28000.0,0.0,193.44,0,0,active,2026-10-10,remax_en_vivo
63003,VENTA DEPARTAMENTO,Conocoto,departamento,venta,70000.0,95.0,0.0,3,2,active,2026-10-10,remax_en_vivo
63001,Se renta casa de tres dormitorios en Calderón,Calderón (Carapungo),casa,arriendo,250.0,92.0,150.0,3,1,active,2026-10-10,remax_en_vivo
63000,CASA POR ESTRENAR DE VENTA EN TUMBACO,Rumihuayco,casa,venta,230000.0,242.71,224.37,3,3,active,2026-10-10,remax_en_vivo
62997,Se vende departamento 3 dormitorios El Bosque,El Bosque,departamento,venta,159900.0,169.0,0.0,3,2,active,2026-10-10,remax_en_vivo
62990,Casa en venta en Guayllabamba,Guayllabamba,casa,venta,129900.0,258.25,0.0,3,2,active,2026-10-10,remax_en_vivo
62989,Terreno en venta - Norte de Quito - Mastodontes,Mastodontes,terreno,venta,95000.0,0.0,504.0,0,0,active,2026-10-10,remax_en_vivo
62988,Terreno en Venta - Norte de Quito - Mastodontes,Mastodontes,terreno,venta,145000.0,0.0,504.0,0,0,active,2026-10-10,remax_en_vivo
62985,DEPARTAMENTO  EN VENTA SECTOR CONOCOTO,Conocoto,departamento,venta,73000.0,88.0,0.0,3,2,active,2026-10-10,remax_en_vivo
62972,VENTA CASA RENTERA EN PUSUQUI,Calacalí,casa,venta,87900.0,272.34,200.0,6,6,active,2026-10-10,remax_en_vivo
62970,SE ARRIENDA CASA COMERCIAL - Valle de los Chillos,Alangasí,casa,arriendo,3500.0,420.0,1178.51,6,4,active,2026-10-10,remax_en_vivo
62967,"CASAS DE UNA PLANTA EN VENTA, DEAN BAJO, CONOCOTO",Conocoto,casa,venta,106000.0,148.51,147.5,3,3,active,2026-10-10,remax_en_vivo
62951,SUITE AMOBLADA EN RENTA,Bellavista,departamento,arriendo,574.0,71.0,0.0,1,1,active,2026-10-10,remax_en_vivo
62943,DEPARTAMENTO EN VENTA,El Comin,departamento,venta,31000.0,52.0,0.0,2,1,active,2026-10-10,remax_en_vivo
62942,CASA DE LUJO EN VENTA-SECTOR INTERCAMBIO CARCELEN,Camino Eucalipto,casa,venta,250000.0,609.0,520.0,4,5,active,2026-10-10,remax_en_vivo
62940,Vendo oficina de 109m2 República e Inglaterra,Iñaquito,oficina,venta,90000.0,121.0,0.0,0,1,active,2026-10-10,remax_en_vivo
62934,VENDO CASA RENTERA AL SUR 3 DEPA 1 LOCAL COMERCIAL,Quitumbe,edificio_comercial,venta,179000.0,360.0,201.11,0,0,active,2026-10-10,remax_en_vivo
62933,RESIDENCIA LUXURY EN VENTA,S. Antonio Tolagasi,casa,venta,835000.0,629.0,1100.0,4,6,active,2026-10-10,remax_en_vivo
62931,VENDO HERMOSA CASA EN LA GRANDA CENTENO,Rumipamba,casa,venta,425000.0,596.49,522.0,4,3,active,2026-10-10,remax_en_vivo
62930,"Tu departamento en $35,000 negociables",Turubamba,departamento,venta,32900.0,60.0,0.0,2,1,active,2026-10-10,remax_en_vivo
62928,"SE VENDE CASA RENTERA CON ROI DE 7%, COTOCOLLAO",Quito Norte,house_comercial,venta,142000.0,352.0,248.0,7,3,active,2026-10-10,remax_en_vivo
62925,CASA EN VENTA/CONOCOTO/LA ARMENIA 2/CONJ TIVANTTA,S. Diego Conocoto,casa,venta,65000.0,112.0,0.0,3,2,active,2026-10-10,remax_en_vivo
62921,DEPARTAMENTO ED. TERRANOVA,Iñaquito,departamento,venta,600000.0,1084.45,0.0,5,5,active,2026-10-10,remax_en_vivo
62914,SE VENDE CASA ESQUINERA PARA INVERSIONISTAS,Mariscal Sucre,casa,venta,289000.0,479.95,240.0,3,3,active,2026-10-10,remax_en_vivo
62913,CASA SECTOR LA VILLAFLORA,Chimbacalle,casa,venta,98000.0,153.81,220.0,6,2,active,2026-10-10,remax_en_vivo
62906,VENDO CASA RENTERA CON 2 LOCALES Y 2 DEPARTAMENTOS,Turubamba,edificio_comercial,venta,100000.0,300.95,300.0,0,0,reserved,2026-10-10,remax_en_vivo
62900,TERRENO EN VENTA SECTOR SAN MIGUEL DE ZAMBIZA,Zámbiza,terreno,venta,108000.0,0.0,1204.0,0,0,active,2026-10-10,remax_en_vivo
62896,TERRENO EN GRANDA CENTENO 3007M2,Rumipamba,terreno_comercial,venta,1124000.0,0.0,3007.0,0,0,active,2026-10-10,remax_en_vivo
62893,"OFICINA AMOBLADA EN VENTA, AV REPUBLICA Y PRADERA",Batan Bajo,oficina,venta,50000.0,72.15,0.0,0,1,active,2026-10-10,remax_en_vivo
62882,CASA VENTA CALDERÓN 55m2,Carapungo,casa,venta,25500.0,75.0,0.0,1,1,active,2026-10-10,remax_en_vivo
62881,TERRENO EN VENTA VALLE DE LOS CHILLOS,Alangasí,terreno,venta,160000.0,0.0,1017.0,0,0,reserved,2026-10-10,remax_en_vivo
62873,"Morán, barrio Nuevo Amancer cómoda casa de un piso",Nuevo Amanecer,casa,venta,50000.0,11759.0,0.0,4,1,active,2026-10-10,remax_en_vivo
62871,LOCAL COMERCIAL DE 50m2 PONCEANO,Ponciano Alto,local_comercial,arriendo,600.0,50.0,0.0,0,1,active,2026-10-10,remax_en_vivo
62869,RENTA DE HERMOSA CASA EN PIFO,Libertad De Pifo,casa,arriendo,600.0,149.53,0.0,3,2,active,2026-10-10,remax_en_vivo
62867,DEPARTAMENTO EDIFICIO DINALCO,Rumipamba,departamento,venta,170000.0,191.0,0.0,3,2,active,2026-10-10,remax_en_vivo
62863,En venta departamento amoblado 3D sector La Coruña,La Paz,departamento,venta,158000.0,132.0,0.0,3,2,active,2026-10-10,remax_en_vivo
62861,Hermoso Terreno En Pifo 15.833M2 Para Urbanizacion,San Francisco 1,terreno,venta,1850000.0,0.0,15833.0,0,0,active,2026-10-10,remax_en_vivo
62859,"MODERNA CASA 160M2, 3 DORMITORIOS,CONJUNTO TUMBACO",Tumbaco,casa,venta,169000.0,220.0,140.0,3,2,active,2026-10-10,remax_en_vivo
62858,VENTA DEPARTAMENTO ESTRENAR 105M2 GONZALEZ SUAREZ,Gonzalez Suarez,departamento,venta,225000.0,105.0,0.0,2,2,active,2026-10-10,remax_en_vivo
62857,VENDO MAGNIFICO PENT HOUSE DUPLEX SECTOR EL BATÁN,Batan Alto,penthouse,venta,289000.0,575.0,0.0,5,4,active,2026-10-10,remax_en_vivo
62856,SE RENTA CONSULTORIO 30M2 SECTOR U. CENTRAL,Belisario Quevedo,otro,arriendo,253.0,30.0,30.0,1,0,active,2026-10-10,remax_en_vivo
62845,"VENDO CASA AMPLIA, SECTOR LAS CASAS BAJO.",Las Casas Bajo,casa,venta,165000.0,454.0,243.0,8,4,active,2026-10-10,remax_en_vivo
62836,DEPARTAMENTO 2D AMOBLADO SECTOR RIO COCA EN RENTA,El Inca,departamento,arriendo,570.0,135.75,0.0,2,2,active,2026-10-10,remax_en_vivo
62828,TERRENO EN VENTA - CARCELEN (190m²),Carcelen,terreno,venta,240000.0,0.0,1005.0,0,0,active,2026-10-10,remax_en_vivo
62823,VENTA DEPARTAMENTO SECTOR  LA CAROLINA,Iñaquito,departamento,venta,305000.0,322.0,0.0,3,4,active,2026-10-10,remax_en_vivo
62821,Venta Negocio | Pub Cerveza Artesanal | Pomasqui,Complejo Contraloria,venta_negocio,venta,34900.0,210.0,0.0,0,0,active,2026-10-10,remax_en_vivo
62820,CASA DE VENTA CONJUNTO MARBELLA SECTOR SANTA LUCIA,Kennedy,casa,venta,108000.0,187.61,0.0,3,2,active,2026-10-10,remax_en_vivo
62816,"Venta de Bodega Industrial de 1.653,7 m²",Cristiania,otro,venta,599900.0,1690.85,0.0,3,6,active,2026-10-10,remax_en_vivo
62814,DEPARTAMENTO EN VENTA SAN ISIDRO DEL INCA QUITO,Kennedy,departamento,venta,76000.0,122.0,0.0,3,2,negotiation,2026-10-10,remax_en_vivo
62808,DEPARTAMENTO EN VENTA REAL AUDIENCIA Y BELLAVISTA,Ponceano,departamento,venta,61000.0,92.45,0.0,3,2,active,2026-10-10,remax_en_vivo
62804,TERRENO DE VENTA EN URBANIZACION EN PUEMBO,Puembo,terreno,venta,249000.0,0.0,1167.0,0,0,active,2026-10-10,remax_en_vivo
62802,CASA RENTERA ESTRATÉGICA EN VÍA PRINCIPAL: ZAVALA,Calderón (Carapungo),casa,venta,139000.0,312.0,227.0,8,5,active,2026-10-10,remax_en_vivo
62796,"Casa comercial en venta, Urb. 23 de Junio",23 De Junio,house_comercial,venta,230000.0,894.56,452.0,11,5,active,2026-10-10,remax_en_vivo
62793,"Departamento 2 hab., República del Salvador",La Carolina,departamento,arriendo,1250.0,85.0,0.0,2,2,active,2026-10-10,remax_en_vivo
62790,"Suite de Venta, Sector Quito Tenis",Quito Tenis,departamento,venta,107000.0,101.02,0.0,1,1,active,2026-10-10,remax_en_vivo
62779,SE RENTA CASA COMERCIAL SECTOR CAROLINA,La Carolina,house_comercial,arriendo,2300.0,332.0,400.0,4,4,active,2026-10-10,remax_en_vivo
62775,Venta Departamento Remodelado 3D Río Coca,Los Laureles,departamento,venta,82000.0,107.4,0.0,3,2,active,2026-10-10,remax_en_vivo
62774,VENTA DEPARTAMENT0 340m² INCLUYE SUITE PARA RENTAR,Colegio Montufar,departamento,venta,73000.0,340.05,0.0,3,2,active,2026-10-10,remax_en_vivo
62770,"CASA RENTERA EN LA ECUATORIANA, SAN FRANCISCO",San Francisco Sur,casa,venta,170000.0,611.0,555.0,8,8,active,2026-10-10,remax_en_vivo
62768,VENTA DE TERRENO EL MORLAN RESIDENCIAL O COMERCIAL,Kennedy,terreno,venta,850000.0,0.0,3422.0,0,0,active,2026-10-10,remax_en_vivo
62766,VENTA DEPARTAMENTO 3 HAB TUMBACO LA MORITA,La Morita,departamento,venta,119500.0,122.0,0.0,3,3,active,2026-10-10,remax_en_vivo
62764,"VENTA DEPARTAMENTO EN CONJUNTO PRIVADO, TUMBACO",El Carrizal,departamento,venta,80000.0,90.24,0.0,3,2,active,2026-10-10,remax_en_vivo
62763,VENTA CASA AMPLIA EN PUSUQUI,Pusuqui 1,casa,venta,110000.0,238.0,147.0,5,2,active,2026-10-10,remax_en_vivo
62760,casa comercial  renta Cumbaya la Primavera,La Primavera,house_comercial,arriendo,1500.0,460.0,500.0,4,4,active,2026-10-10,remax_en_vivo
62753,CASA EN VENTA SECTOR CARRETAS CERCA AL C.C PORTAL,Comité Del Pueblo,casa,venta,190000.0,834.94,500.0,9,3,active,2026-10-10,remax_en_vivo
62749,RENTA LOCAL 100m2 BATAN ALTO CALLE MOTILONES $1200,Analuisa,local_comercial,arriendo,1000.0,100.0,0.0,0,1,active,2026-10-10,remax_en_vivo
62744,DEPARTAMENTO 3D+AMPLIA TERRAZA EN CONOCOTO,Conocoto,departamento,venta,67500.0,161.0,0.0,3,1,active,2026-10-10,remax_en_vivo
62716,En Venta casa en Puembo,Puembo,departamento,venta,142000.0,159.0,0.0,3,2,active,2026-10-10,remax_en_vivo
62713,Terreno de Venta en Puembo,Puembo,terreno,venta,625000.0,0.0,5000.0,0,0,active,2026-10-10,remax_en_vivo
62710,TERRENO EN VENTA EN CONOCOTO,Conocoto,terreno,venta,149000.0,0.0,1157.0,0,0,active,2026-10-10,remax_en_vivo
62709,CASA EN VENTA EN MIRASIERRA,Alangasí,casa,venta,114900.0,244.0,150.0,4,2,active,2026-10-10,remax_en_vivo
62698,Local comercial 57m² con parqueadero en renta,La Carolina,local_comercial,arriendo,500.0,69.0,0.0,0,1,negotiation,2026-10-10,remax_en_vivo
62694,LOCAL COMERCIAL EN VENTA CONOCOTO VIA PRINCIPAL,Conocoto,local_comercial,venta,57000.0,43.92,0.0,0,1,reserved,2026-10-10,remax_en_vivo
62691,Casa rentera en Venta | Duplex + 2 Mini Dptos.,Magdalena Alta,casa,venta,149000.0,406.0,222.19,7,5,active,2026-10-10,remax_en_vivo
62688,Departamento en venta en la Kennedy,Las Acacias,departamento,venta,64900.0,107.0,0.0,2,2,active,2026-10-10,remax_en_vivo
62683,"VENDO EDIFICIO COMERCIAL 4 PISOS, SECTOR ATUCUCHO",El Bosque,casa,venta,185000.0,636.0,456.0,17,12,active,2026-10-10,remax_en_vivo
62682,"VENDO EDIFICIO COMERCIAL 4 PISOS, SECTOR ATUCUCHO",El Bosque,edificio_completo,venta,185000.0,636.0,456.0,0,0,active,2026-10-10,remax_en_vivo
62681,"VENDO EDIFICIO COMERCIAL 4 PISOS, SECTOR ATUCUCHO",El Bosque,inversion,venta,185000.0,636.0,456.0,0,0,active,2026-10-10,remax_en_vivo
62680,"VENDO EDIFICIO COMERCIAL 4 PISOS, SECTOR ATUCUCHO",El Bosque,house_comercial,venta,185000.0,636.0,456.0,17,12,active,2026-10-10,remax_en_vivo
62679,"OFICINA AMOBLADA, EDIF. AMAZONAS PLAZA (MARISCAL)",Mariscal Sucre,inversion,venta,88000.0,91.0,0.0,0,2,active,2026-10-10,remax_en_vivo
62678,"VENDO CASA RENTERA CON AMPLIO TERRENO, QUITO NORTE",Quito Norte,inversion,venta,280000.0,495.0,495.0,6,3,active,2026-10-10,remax_en_vivo
62677,"VENDO CASA RENTERA CON AMPLIO TERRENO, QUITO NORTE",Quito Norte,house_comercial,venta,280000.0,495.0,495.0,6,3,active,2026-10-10,remax_en_vivo
62676,VENTA CASA SECTOR LA VIÑA,Tumbaco,casa,venta,539000.0,346.68,900.0,3,3,active,2026-10-10,remax_en_vivo
62671,Venta Departamento Urb Jardines de Amagas,Jardines de amagasi,departamento,venta,94000.0,101.0,0.0,2,2,active,2026-10-10,remax_en_vivo
62670,CASA PARA REMODELAR EN VENTA KENNEDY DAMER II,Kennedy,casa,venta,175000.0,606.5,325.08,5,3,active,2026-10-10,remax_en_vivo
62667,Local Comercial en Renta – Vía Intervalles Tumbaco,Tolagasi,local_comercial,arriendo,1200.0,66.1,0.0,0,1,active,2026-10-10,remax_en_vivo
62662,"Oficina en Venta, Sector Quito Tenis",Chaupicruz,oficina,venta,99900.0,82.41,0.0,0,2,active,2026-10-10,remax_en_vivo
62660,"Oficina en Venta, Sector Quito Tenis",Chaupicruz,oficina,venta,82500.0,65.73,0.0,0,2,active,2026-10-10,remax_en_vivo
62646,VENDO TERRENO DE 1108 METROS EN CHIVIQUI,Tumbaco,terreno,venta,149580.0,0.0,1108.0,0,0,reserved,2026-10-10,remax_en_vivo
62643,"Casa en venta, sector La Bretania",Turubamba,casa,venta,100000.0,341.0,91.0,8,5,active,2026-10-10,remax_en_vivo
62641,TERRENO EN VENTA - SECTOR CALDERON (406m2),Calderón (Carapungo),terreno,venta,55000.0,0.0,406.0,0,0,active,2026-10-10,remax_en_vivo
62640,CASA DE 2 DEPARTAMENTOS+SUITE+5PARQUEOS EN VENTA,El Condado,casa,venta,180000.0,486.92,0.0,7,4,active,2026-10-10,remax_en_vivo
62635,Casa en venta 4 dormitorios. Urbanización La Pampa,Pomasqui,casa,venta,260000.0,396.0,557.0,4,4,active,2026-10-10,remax_en_vivo
62615,"Casa de Venta Puerta del Valle, Sector Conocoto",Puerta Del Valle,casa,venta,110000.0,148.71,0.0,3,2,active,2026-10-10,remax_en_vivo
62614,Propiedad rentera en el Centro Histórico,Centro Histórico,inversion,venta,155000.0,848.32,336.0,11,5,active,2026-10-10,remax_en_vivo
62596,VENTA CASA SECTOR URB. CONDADO,El Condado,casa,venta,239500.0,292.0,405.0,4,4,active,2026-10-10,remax_en_vivo
62595,"CASA DE VENTA, LA PRIMAVERA, CUMBAYA",La Primavera,casa,venta,399000.0,393.0,760.0,4,3,active,2026-10-10,remax_en_vivo
62593,TERRENO VENTA VOZANDES,Vozandes,terreno,venta,870000.0,0.0,1153.0,0,0,active,2026-10-10,remax_en_vivo
62591,Terrenos en Venta Illaló,Tumbaco,terreno,venta,179000.0,0.0,7135.07,0,0,active,2026-10-10,remax_en_vivo
62585,Departamento en Venta Sector Divino Niño,Bellavista Sur,departamento,venta,25000.0,53.76,0.0,2,1,reserved,2026-10-10,remax_en_vivo
62584,DEPARTAMENTO O LOCAL EN OBRA BLANCA EN VENTA,Calderón (Carapungo),departamento,venta,59900.0,49.0,0.0,2,2,active,2026-10-10,remax_en_vivo
62580,Casa en venta sector san isidro del inca,San Isidro Del Inca,casa,venta,93000.0,144.29,122.13,3,2,active,2026-10-10,remax_en_vivo
62579,Casa Rentera en Venta – oportunidad de inversión,Turubamba,casa,venta,106000.0,347.0,200.0,10,6,active,2026-10-10,remax_en_vivo
62578,CASA EN VENTA LLANO GRANDE,Calderón (Carapungo),casa,venta,70000.0,126.04,0.0,3,2,reserved,2026-10-10,remax_en_vivo
62576,VENTA DPTO 99M2 – SOLCA Ubicado en la calle Guill,Chaupicruz (La Concepcion),departamento,venta,75000.0,123.0,0.0,2,2,reserved,2026-10-10,remax_en_vivo
62575,Departamento en Venta Poceano  Quito  107 m² PB,Ponceano,departamento,venta,54900.0,107.0,0.0,3,1,active,2026-10-10,remax_en_vivo
62574,Casa en Venta – Llano Grande,Calderón (Carapungo),casa,venta,49900.0,119.0,106.0,2,1,negotiation,2026-10-10,remax_en_vivo
62570,OFICINA DE VENTA ALPALLANA Y MARTÍN CARRION,La Pradera,oficina,venta,108000.0,77.0,0.0,0,2,active,2026-10-10,remax_en_vivo
62557,"Departamento de Venta, Sector La Mariscal",Mariscal Sucre,departamento,venta,83000.0,124.6,0.0,3,1,active,2026-10-10,remax_en_vivo
62555,Departamento en Venta en El Inca,El Inca,departamento,venta,84990.0,123.0,0.0,3,2,active,2026-10-10,remax_en_vivo
62548,TERRENO DE VENTA ALTO IMPACTO NORTE DE QUITO,Comité Del Pueblo,terreno,venta,1034000.0,0.0,3842.0,0,0,active,2026-10-10,remax_en_vivo
62547,VENTA DUPLEX  2D A ESTRENAR SECTOR ISAAC ALVENIZ,Kennedy,departamento,venta,113000.0,107.0,0.0,2,1,active,2026-10-10,remax_en_vivo
62545,VENTA CASA DE LUJO CON PISCINA URB EL GUARANGAL,Guayllabamba,house_comercial,venta,350000.0,270.0,3500.0,2,3,active,2026-10-10,remax_en_vivo
62543,VENTA DEPARTAMENTO 3D EDIFICIO SUSTENTABLE,Chaupicruz (La Concepcion),departamento,venta,168500.0,136.0,0.0,3,2,active,2026-10-10,remax_en_vivo
62542,Departamento en venta en Cotocollao,Los Tulipanes,departamento,venta,61000.0,119.0,0.0,3,2,active,2026-10-10,remax_en_vivo
62541,VENTA CASA DE LUJO TUMBACO 3 HABITACIONES Y PISCIN,Tumbaco,casa,venta,338000.0,340.0,420.0,3,4,active,2026-10-10,remax_en_vivo
62521,Venta local/oficina en la Av. Brasil,Rumipamba,local_comercial,venta,45000.0,65.72,0.0,0,1,active,2026-10-10,remax_en_vivo
62519,Local Comercial Universidad Catolica de 440 m,Mariscal Sucre,local_comercial,venta,330000.0,440.0,0.0,0,5,active,2026-10-10,remax_en_vivo
62515,RENTA DE LOCAL COMERCIAL EN LA MITAD DEL MUNDO,San Antonio,local_comercial,arriendo,400.0,200.0,0.0,0,2,active,2026-10-10,remax_en_vivo
62513,VENTA DUPLEX2D SECTOR PONCEANO ALTO,Marsol,departamento,venta,139900.0,205.0,0.0,2,2,active,2026-10-10,remax_en_vivo
62510,"Rento Oficina | 42,50 m² | Av. Portugal",Bellavista,oficina,arriendo,550.0,55.5,0.0,0,1,reserved,2026-10-10,remax_en_vivo
62505,VENTA DEPARTAMENTO EDIFICIO BOSQUE REAL,Union Nacional,departamento,venta,161000.0,197.0,0.0,3,3,active,2026-10-10,remax_en_vivo
62495,VENDO SUITE NUEVA EN SANTA LUCIA,Sta. Lucia Alta,departamento,venta,55000.0,66.65,0.0,1,1,active,2026-10-10,remax_en_vivo
62468,Casa rentera en venta en la Lucha de los Pobres,Lucha De Los Pobres Bajo,house_comercial,venta,110000.0,590.99,277.0,7,4,active,2026-10-10,remax_en_vivo
62425,CASA EN VENTA SECTOR SAN CARLOS,San Carlos,casa,venta,170000.0,290.0,0.0,4,3,active,2026-10-10,remax_en_vivo
62424,VENTA CASA 3D CONJUNTO PUEBLO BLANCO - LA ARMENIA,La Armenia 1,casa,venta,65000.0,92.39,50.0,3,2,active,2026-10-10,remax_en_vivo
62423,DEPARTAMENTO SECTOR DIVINO NIÑO,Guamaní,departamento,venta,23000.0,84.0,0.0,2,1,active,2026-10-10,remax_en_vivo
62422,"Venta Casa Rentera 4pisos, Comite del Pueblo",Comité Del Pueblo,casa,venta,115000.0,297.0,85.0,10,5,active,2026-10-10,remax_en_vivo
62421,2 CASAS CON 5 DEP. EN VENTA - ORIENTE QUITEÑO,Hierba Buena 2,casa,venta,155000.0,457.0,311.17,13,7,active,2026-10-10,remax_en_vivo
62419,Venta Departamento Ponceano,El Rocio,departamento,venta,38000.0,112.0,0.0,3,1,reserved,2026-10-10,remax_en_vivo
62416,"Terreno 1.174 m Urbanización Los Arrayanes, Puembo",Puembo,terreno,venta,560000.0,0.0,1174.0,0,0,active,2026-10-10,remax_en_vivo
62402,Renta departamento 3 dor. Prados de San Mateo,Altos del Valle,departamento,arriendo,550.0,90.0,0.0,3,2,active,2026-10-10,remax_en_vivo
62391,Terreno Comercial en Venta - Av Amazonas y Gaspar,Jipijapa,terreno_comercial,venta,690000.0,0.0,612.7,0,0,active,2026-10-10,remax_en_vivo
62390,Departamento en Venta - Ponceano,Ponceano,departamento,venta,154500.0,152.15,0.0,3,2,active,2026-10-10,remax_en_vivo
62386,DEPARTAMENTO DE 2 D Y TERRAZA EN GRANDA CENTENO,Rumipamba,departamento,venta,115000.0,96.0,0.0,2,2,active,2026-10-10,remax_en_vivo
62349,CASA EN VENTA ARMENIA,Conocoto,casa,venta,80000.0,125.0,85.0,3,3,active,2026-10-10,remax_en_vivo
62345,TERRENO EN VENTA SAN ANTONIO DE PICHINCHA,San Luis Alto,terreno,venta,589990.0,0.0,6513.0,0,0,active,2026-10-10,remax_en_vivo
62341,VENTA OFICINA COMERCIAL,Iñaquito,oficina,venta,330000.0,445.0,0.0,0,3,active,2026-10-10,remax_en_vivo
62314,DEPARTAMENTO 2 DORMITORIOS UNION NACIONAL BOSQUE,Union Nacional,departamento,venta,106000.0,127.0,0.0,2,2,active,2026-10-10,remax_en_vivo
62312,Ponceano Alto venta departamento,Tumbaco,departamento,venta,95000.0,154.98,0.0,3,2,active,2026-10-10,remax_en_vivo
62310,Departamento en Venta Sector Quito Tenis,Quito Tenis,departamento,venta,190000.0,276.0,0.0,3,3,active,2026-10-10,remax_en_vivo
62302,CASA EN VENTA EN CUMBAYA,Cumbayá,casa,venta,330000.0,370.0,410.0,4,4,reserved,2026-10-10,remax_en_vivo
62299,Vendo Casa Remodelada Esquinera en Bellavista,Bellavista,casa,venta,279000.0,267.36,257.88,4,2,active,2026-10-10,remax_en_vivo
62298,"Terreno Esquinero 180 m² para Proyecto, La Bota",La Bota,terreno,venta,39900.0,0.0,180.0,0,0,active,2026-10-10,remax_en_vivo
62296,"VENDO CASA RENTERA CON AMPLIO TERRENO, QUITO NORTE",Quito Norte,casa,venta,280000.0,495.0,495.0,6,3,active,2026-10-10,remax_en_vivo
62292,TERRENO DE 456M2 Y CASA  EN EL SECTOR DE MARIANA,Rumipamba,casa,venta,209000.0,303.0,456.0,3,2,active,2026-10-10,remax_en_vivo
62291,"VENDO EDIFICIO COMERCIAL 4 PISOS, SECTOR ATUCUCHO",El Bosque,edificio_comercial,venta,185000.0,636.0,456.0,0,0,active,2026-10-10,remax_en_vivo
62289,Venta Terreno 504m2 Jipijapa,Jipijapa,terreno,venta,295000.0,0.0,504.0,0,0,active,2026-10-10,remax_en_vivo
62287,Rento local Dúplex - Centro Norte - 6 de diciembre,La Paz,local_comercial,arriendo,800.0,97.0,0.0,0,1,reserved,2026-10-10,remax_en_vivo
62285,"SUITE DE VENTA EN  BELLAVISTA, 69 M2 PISCINA",Bellavista,departamento,venta,139000.0,69.0,0.0,1,1,active,2026-10-10,remax_en_vivo
62284,Departamento Venta  4to piso - El Morlan / El Inca,El Inca,departamento,venta,62000.0,102.0,0.0,3,2,active,2026-10-10,remax_en_vivo
62261,RENTO  TERRENO CON CASA  PONCEANO ALTO,Ponciano Alto,terreno_comercial,arriendo,1980.0,0.0,907.0,0,0,active,2026-10-10,remax_en_vivo
62236,Renta Oficina Corporativa - Edificio L'port III,Batan Alto,oficina,arriendo,300.0,50.0,0.0,0,1,active,2026-10-10,remax_en_vivo
62232,"OFICINA AMOBLADA, EDIF. AMAZONAS PLAZA (MARISCAL)",Mariscal Sucre,oficina,venta,88000.0,91.0,0.0,0,2,active,2026-10-10,remax_en_vivo
62231,"EN VENTA CASA PARA REMODELAR, CHIMBACALLE",Los Andes,casa,venta,12900.0,136.0,60.0,1,1,reserved,2026-10-10,remax_en_vivo
62229,SE VENDE CASA PATRIMONIAL CON RESTAURANTE,Mariscal Sucre,otro,venta,350000.0,592.0,308.0,0,2,active,2026-10-10,remax_en_vivo
62226,DEPARTAMENTO EN VENTA-CARCELÉN,Carcelén,departamento,venta,49500.0,111.45,0.0,3,1,active,2026-10-10,remax_en_vivo
62222,SE VENDE CASA A ESTRENAR URB LDU - POMASQUI,Liga Universitaria,casa,venta,156000.0,268.0,130.0,4,3,active,2026-10-10,remax_en_vivo
62221,VENTA CASAS VIP - CONOCOTO EN CONJUNTO,Conocoto,casa,venta,71500.0,115.7,90.0,3,2,active,2026-10-10,remax_en_vivo
62220,Propiedad Comercial en renta Sector Rumiñahui,Cotocollao,edificio_comercial,arriendo,1800.0,560.0,800.0,0,0,active,2026-10-10,remax_en_vivo
62217,Amplio departamento en venta sector Jipijapa,Jipijapa,departamento,venta,124900.0,205.0,0.0,3,2,active,2026-10-10,remax_en_vivo
62206,Suite en Venta Sector Granados,El Inca,departamento,venta,100000.0,94.0,0.0,1,1,active,2026-10-10,remax_en_vivo
62203,VENTA DE AMPLIO DEPARTAMENTO EN EL SUR DE QUITO,Recreo Clemencia,departamento,venta,46000.0,95.05,0.0,3,2,active,2026-10-10,remax_en_vivo
62197,Casa en Venta Frente al Colegio La Dolorosa,Iñaquito,casa,venta,199000.0,320.35,200.0,4,2,active,2026-10-10,remax_en_vivo
62189,Vendo Casa con Jardín - 3 dormitorios - Tumbaco,Tola Chica,casa,venta,165000.0,288.26,250.0,3,2,reserved,2026-10-10,remax_en_vivo
62171,CASA RENTERA EN VENTA – SECTOR LAS CUADRAS,Solanda,casa,venta,215000.0,367.0,250.0,10,5,active,2026-10-10,remax_en_vivo
62170,Se Vende de Oportunidad Terreno de 490 m2,San Antonio,terreno,venta,37000.0,0.0,490.0,0,0,active,2026-10-10,remax_en_vivo
62169,Terreno en Puembo - Sector Nápoles Mangahuantag,Napoles Managhua,terreno,venta,240000.0,0.0,1175.77,0,0,active,2026-10-10,remax_en_vivo
62168,TERRENO DE VENTA EN PUENGASÍ,Puengasí,terreno,venta,33900.0,0.0,300.0,0,0,reserved,2026-10-10,remax_en_vivo
62164,EN VENTA DEPARTAMENTO 2D - EL CONDADO,Santa Isabel,departamento,venta,82767.0,117.18,0.0,2,1,active,2026-10-10,remax_en_vivo
62139,Terreno en venta al sur de Quito sector ciudad fut,Quitumbe,terreno,venta,28500.0,0.0,41.0,0,0,active,2026-10-10,remax_en_vivo
62136,LOCAL COMERCIAL VENTA CENTRO COMERCIAL UNICORNIO,La Carolina,local_comercial,venta,36500.0,17.0,0.0,0,1,reserved,2026-10-10,remax_en_vivo
62135,"SUITE EN VENTA, IDEAL PARA RENTA O AIRBNB",Iñaquito,penthouse,venta,75000.0,48.69,0.0,1,1,reserved,2026-10-10,remax_en_vivo
62126,DEPARTAMENTO DUPLEX - 214M2 - LA CORUÑA,La Floresta,departamento,venta,153000.0,213.92,0.0,3,3,reserved,2026-10-10,remax_en_vivo
62125,CASA EN VENTA | LA VICENTINA – SECTOR EL OBELISCO,La Vicentina,casa,venta,119999.0,300.0,160.0,4,3,active,2026-10-10,remax_en_vivo
62117,"CASA DE VENTA, SECTOR LA ARMENIA",Conocoto,casa,venta,125000.0,213.0,53.0,4,2,active,2026-10-10,remax_en_vivo
62116,SUITE AMOBLADA CON BALCON POR ESTRENAR EL BOSQUE,El Bosque,departamento,arriendo,480.0,65.0,0.0,1,1,active,2026-10-10,remax_en_vivo
62105,SUITE EN LA MORITA TUMBACO,La Morita,departamento,venta,71940.0,64.0,0.0,1,1,active,2026-10-10,remax_en_vivo
62101,CASA EN VENTA,Cochapamba,casa,venta,130000.0,338.0,0.0,3,2,active,2026-10-10,remax_en_vivo
62094,"TERRENO VENTA 1000 M2 EN GUAYLLABAMBA, CASA 150M2",Chaquibamba,casa,venta,105000.0,151.0,1000.0,4,3,active,2026-10-10,remax_en_vivo
62087,VENTA DE TERRENO EN YARUQUI (SECTOR OYAMBARILLO),Yaruquí,terreno,venta,350000.0,0.0,7000.0,0,0,active,2026-10-10,remax_en_vivo
62066,VENTA DE CASA EN GUAMANI $55.000,Guamaní,casa,venta,54500.0,143.0,0.0,3,2,active,2026-10-10,remax_en_vivo
62038,DEPARTAMENTO DUPLEX POR ESTRENAR,Pomasqui,departamento,venta,117555.0,203.0,0.0,3,2,active,2026-10-10,remax_en_vivo
62037,CASA 597M2 INDEPENDIENTE GUANGUILTAGUA,Bellavista,casa,venta,290000.0,697.63,396.2,5,6,reserved,2026-10-10,remax_en_vivo
62030,OPORTUNIDAD DE INVERSIÓN | CASA RENTERA COTOCOLLAO,El Condado,casa,venta,234000.0,364.39,200.0,12,5,active,2026-10-10,remax_en_vivo
62029,CASA DE VENTA EN CUMBAYA 3 HABITACIONES - 205 M2,Cumbayá,casa,venta,219000.0,283.0,0.0,3,2,reserved,2026-10-10,remax_en_vivo
62027,VENTA DEPARTAMENTO EXCELENTE UBICACIÓN,Iñaquito,departamento,venta,82000.0,103.23,0.0,2,2,negotiation,2026-10-10,remax_en_vivo
62026,"VENTA CASA RENTERA 5 DEPARTAMENTOS, RANCHO BAJO",Rancho Bajo,casa,venta,185000.0,587.91,248.0,11,6,active,2026-10-10,remax_en_vivo
62025,VENTA CASA CONJUNTO BALCONES DEL RECREO,La Magdalena,casa,venta,75000.0,95.48,0.0,3,2,negotiation,2026-10-10,remax_en_vivo
62024,CASA TERRENO DE VENTA QUITO TENIS 1.148 M2,Quito Tenis,terreno_comercial,venta,583000.0,0.0,1148.0,0,0,active,2026-10-10,remax_en_vivo
61969,SE VENDE TERRENO,Calderón (Carapungo),terreno,venta,390000.0,0.0,4347.0,0,0,active,2026-10-10,remax_en_vivo
61968,Departamento espacioso con mucha luz natural,San Isidro Del Inca,departamento,venta,55000.0,112.0,0.0,3,3,active,2026-10-10,remax_en_vivo
61935,Suite Amoblada en Renta sector Carretas,Carretas,departamento,arriendo,350.0,80.0,0.0,1,1,active,2026-10-10,remax_en_vivo
61934,Oficina en venta 7mo piso Eloy Alfaro y Shirys,Iñaquito,oficina,venta,120000.0,208.2,208.2,0,2,active,2026-10-10,remax_en_vivo
61932,VENTA DEPARTAMENTO CAMPO ALEGRE,Jipijapa,casa,venta,320000.0,271.0,357.0,4,5,active,2026-10-10,remax_en_vivo
61931,Venta de local comercial en av. principal,Mariscal Sucre,local_comercial,venta,480000.0,401.0,249.0,0,1,active,2026-10-10,remax_en_vivo
61929,DEPARTAMENTO EN VENTA | AV. AMAZONAS Y COLÓN,Mariscal Sucre,departamento,venta,129000.0,100.0,0.0,2,1,active,2026-10-10,remax_en_vivo
61927,MANSIÓN DE LUJO EN CUMBAYÁ en Urbanización Cumbre,Cumbayá,casa,venta,2400000.0,1688.0,1688.0,7,10,active,2026-10-10,remax_en_vivo
61926,PROPIEDAD DE LUJO EN LA INTERVALLES GUANGOPOLO,Guangopolo,casa,venta,7900000.0,3009.0,90000.0,15,20,active,2026-10-10,remax_en_vivo
61925,Venta de Terreno – Pifo,Pifo,terreno,venta,3071000.0,0.0,83000.0,0,0,active,2026-10-10,remax_en_vivo
61923,VENTA DE GALPON Y TERRENO COMERCIAL,Calderón (Carapungo),galpon,venta,1780000.0,2100.0,9664.0,0,4,active,2026-10-10,remax_en_vivo
61922,Venta edificio Centro de Cumbaya,Cumbayá,edificio_completo,venta,1500000.0,948.41,485.2,0,0,active,2026-10-10,remax_en_vivo
61914,DEPARTAMENTO EN VENTA | LA PRIMAVERA – CUMBAYÁ,La Primavera,departamento,venta,135000.0,115.6,0.0,2,2,active,2026-10-10,remax_en_vivo
61911,ESPECTACULAR TERRENO  182 M2 EN CONOCOTO,Cornejo Alto,terreno,venta,35000.0,0.0,191.32,0,0,active,2026-10-10,remax_en_vivo
61908,TERRENO COMERCIAL EN VENTA LA SALLE CONOCOTO,Conocoto,terreno_comercial,venta,289000.0,0.0,4675.0,0,0,negotiation,2026-10-10,remax_en_vivo
61894,CASA COMERCIAL EN VENTA SOLANDA CALLE J 210M2,Solanda,casa,venta,105000.0,210.0,92.0,3,2,active,2026-10-10,remax_en_vivo
61893,VENTA DE TERRENO,Las Peñas,terreno,venta,545000.0,0.0,4530.0,0,0,active,2026-10-10,remax_en_vivo
61892,VENTA DE TERRENO,Las Peñas,terreno,venta,350000.0,0.0,2890.55,0,0,active,2026-10-10,remax_en_vivo
61888,VENTA CASA SECTOR MEXTERIOR LA CONCEPCION,Mexterior,casa,venta,295000.0,442.82,0.0,4,2,active,2026-10-10,remax_en_vivo
61885,ALQUILO CENTRO INFANTIL O GUARDERIA,La Argelia,local_comercial,arriendo,350.0,400.0,0.0,0,4,active,2026-10-10,remax_en_vivo
61880,Se renta Local Comercial,Calderón (Carapungo),local_comercial,arriendo,500.0,120.0,0.0,0,2,active,2026-10-10,remax_en_vivo
61871,SE VENDE TERRENO SECTOR CARCELEN LA JOSEFINA,Carcelén,terreno,venta,45000.0,0.0,250.0,0,0,active,2026-10-10,remax_en_vivo
61863,CASA EN VENTA EN MARIANITAS,Calderón (Carapungo),casa,venta,41900.0,93.45,93.42,3,2,reserved,2026-10-10,remax_en_vivo
61835,"CASA MODERNA 3 PISOS EN VENTA EN CONJUNTO, TUMBACO",Tumbaco (Cabecera),casa,venta,228000.0,408.28,424.14,4,4,active,2026-10-10,remax_en_vivo
61826,SE VENDE DEPARTAMENTO - DIVINO NIÑO,Bellavista Sur,departamento,venta,23000.0,80.0,0.0,2,1,active,2026-10-10,remax_en_vivo
61805,Departamento - Cjto. Residencial Plaza del Bosque,Union Nacional,departamento,venta,105000.0,83.08,0.0,2,2,active,2026-10-10,remax_en_vivo
61802,OFICINA EN VENTA 279m2 EDIF.CONCORDE AV.12 OCTUBRE,La Floresta,oficina,venta,275000.0,279.05,220.4,0,4,active,2026-10-10,remax_en_vivo
61782,"RENTO TERRENO COMERCIAL, ESQUINERO",Playa Chica 2,terreno_comercial,arriendo,650.0,0.0,410.0,0,0,reserved,2026-10-10,remax_en_vivo
61780,Casa de Venta por Estrenar en Llano Chico,Llano Chico,casa,venta,123500.0,205.92,0.0,3,2,active,2026-10-10,remax_en_vivo
61773,VENTA OFICINA SIN PARQUEADERO EDIFICIO ESPAÑA,Mariscal Sucre,oficina,arriendo,350.0,50.0,0.0,0,3,active,2026-10-10,remax_en_vivo
61762,OFICINA  EN RENTA – CALLE ALPALLANA,Batan Bajo,oficina,arriendo,800.0,132.0,0.0,0,4,active,2026-10-10,remax_en_vivo
61761,CASA EN VENTA EN LA  KENNEDY  CONJUNTO BRASILIA II,Kennedy,casa,venta,95000.0,115.0,58.0,3,1,active,2026-10-10,remax_en_vivo
61748,Vendo Suite con estudio - El Batán,Bellavista,departamento,venta,79500.0,95.35,0.0,2,1,active,2026-10-10,remax_en_vivo
61747,Vendo casa sector La Merced,La Merced,casa,venta,165000.0,300.0,500.0,4,4,active,2026-10-10,remax_en_vivo
61743,URB EUCALIPTO CUMBAYA SECTOR COLEGIO MENOR,Cumbayá,casa,venta,460000.0,348.0,688.0,3,3,active,2026-10-10,remax_en_vivo
61742,OFICINA DE 70 M2 JUAN LEON MERA,Mariscal Sucre,oficina,arriendo,300.0,72.0,0.0,0,2,active,2026-10-10,remax_en_vivo
61731,DEPARTAMENTO POR $31.990 / 2 Hab / Sector Puengasí,Puengasí,departamento,venta,31990.0,55.25,0.0,2,1,active,2026-10-10,remax_en_vivo
61729,VENTA HERMOSO DEPARTAMENTO URBNIZACION EL CONDADO,El Condado,departamento,venta,229000.0,309.54,0.0,3,3,active,2026-10-10,remax_en_vivo
61724,VENTA TERRENO COMERCIAL ELOY ALFARO COLLALOMA,Collaloma,terreno_comercial,venta,1850000.0,0.0,8393.0,0,0,active,2026-10-10,remax_en_vivo
61723,VENTA CASA 3 PISOS 265M2 SUR QUITO,Ciudad Futura,casa,venta,69000.0,265.0,210.0,5,2,active,2026-10-10,remax_en_vivo
61696,VENTA DEPT. 7B CONJUNTO AMADEUS PANAMERICANA NORTE,Cotocollao,departamento,venta,66781.09,82.15,0.0,2,2,active,2026-10-10,remax_en_vivo
61695,VENTA DEPT. 3B CONJUNTO AMADEUS PARAMERICANA NORTE,Cotocollao,departamento,venta,72922.08,89.26,0.0,3,2,active,2026-10-10,remax_en_vivo
61694,VENTA DEPT. 4B CONJUNTO AMADEUS PANAMERICANA NORTE,Cotocollao,departamento,venta,64043.19,79.59,0.0,2,2,active,2026-10-10,remax_en_vivo
61693,VENTA DEPT. 3D CONJUNTO AMADEUS PANAMERICANA NORTE,Cotocollao,departamento,venta,72741.87,88.7,0.0,3,2,active,2026-10-10,remax_en_vivo
61692,VENTA DEPT. 2D CONJUNTO AMADEUS PANAMERICANA NORTE,Cotocollao,departamento,venta,65290.83,80.37,0.0,3,2,active,2026-10-10,remax_en_vivo
61691,VENTA DEPT. 7D CONJUNTO AMADEUS PANAMERICANA NORTE,Cotocollao,departamento,venta,66587.97,81.82,0.0,2,2,active,2026-10-10,remax_en_vivo
61690,VENTA DEPT. 4D CONJUNTO AMADEUS PANAMERICANA NORTE,Cotocollao,departamento,venta,63734.44,78.63,0.0,2,2,active,2026-10-10,remax_en_vivo
61689,VENTA DEPT. 3F CONJUNTO AMADEUS PANAMERICANA NORTE,Cotocollao,departamento,venta,72741.87,88.7,0.0,3,2,active,2026-10-10,remax_en_vivo
61688,VENTA DEPT. 5B CONJUNTO AMADEUS PANAMERICANA NORTE,Cotocollao,departamento,venta,69034.89,85.1,0.0,2,2,active,2026-10-10,remax_en_vivo
61687,VENTA DEPT. 1B CONJUNTO AMADEUS PANAMERICANA NORTE,Cotocollao,departamento,venta,72073.22,7620.52,0.0,3,2,active,2026-10-10,remax_en_vivo
61686,VENTA DEPT. 6B  COJUNTO AMADEUS PANAMERICANA NORTE,Cotocollao,departamento,venta,72079.68,88.6,0.0,3,2,active,2026-10-10,remax_en_vivo
61685,VENTA DEPT. 7F CONJUNTO AMADEUS PANAMERICANA NORTE,Cotocollao,departamento,venta,66742.35,82.3,0.0,2,2,active,2026-10-10,remax_en_vivo
61682,Arriendo Edificio de Oficinas-Ideal instituciones,La Magdalena,edificio_comercial,arriendo,1850.0,620.0,400.0,0,0,active,2026-10-10,remax_en_vivo
61679,VENTA CASA EN LA MORITA TUMBACO,La Morita,casa,venta,135150.0,169.0,169.0,3,3,active,2026-10-10,remax_en_vivo
61669,VENTA CASA AV LOS LIBERTADORES SECTOR NUEVA AURORA,La Libertad,casa,venta,45000.0,123.74,123.74,3,1,reserved,2026-10-10,remax_en_vivo
61666,EDIFICIO COMERCIAL EN VENTA SECTOR IÑAQUITO,Rumipamba,edificio_comercial,venta,2999000.0,2448.31,0.0,0,0,active,2026-10-10,remax_en_vivo
61663,RENTO DEPARTAMENTO QUITO TENNIS,Iñaquito,departamento,arriendo,1200.0,300.0,0.0,3,2,active,2026-10-10,remax_en_vivo
61659,Oficina en renta - lista para trabajar,Vozandes,oficina,arriendo,800.0,101.0,0.0,0,2,active,2026-10-10,remax_en_vivo
61658,"Oficina corporativa en renta, lista para potenciar",Granda Centeno,oficina,arriendo,2300.0,293.0,0.0,0,3,active,2026-10-10,remax_en_vivo
61657,local de venta sector San Isidro del Inca,Buenos Aires,local_comercial,venta,69900.0,73.0,0.0,0,0,active,2026-10-10,remax_en_vivo
61650,DUPLEX DE RENTA EN SECTOR QUITO TENIS BAJO,Rumipamba,departamento,arriendo,1200.0,320.0,0.0,3,2,active,2026-10-10,remax_en_vivo
61648,GALPÓN INDUSTRIAL VENTA  CALACALÍ ZONA I3 3500M2,Calacalí,galpon,venta,840000.0,3500.0,2500.0,0,4,active,2026-10-10,remax_en_vivo
61632,Departamento en Venta. Sector Bella Vista alto,Bellavista,departamento,venta,119000.0,126.81,0.0,2,2,active,2026-10-10,remax_en_vivo
61631,LOCAL COMERCIAL EN CONCESIÓN EN SOLANDA 134M2,Solanda,local_comercial,arriendo,2316.0,134.24,134.24,0,1,active,2026-10-10,remax_en_vivo
61627,TERRENO EN VENTA LA ARGELIA 880M2,La Argelia,terreno,venta,53000.0,0.0,880.0,0,0,active,2026-10-10,remax_en_vivo
61623,CASA EN VENTA EN TUMBACO 3 DORMI MÁS ESTUDIO,Tumbaco,casa,venta,127000.0,156.22,0.0,3,2,active,2026-10-10,remax_en_vivo
61618,"Casa de Venta en Calderón, Sector Candelaria 1",Candelaria 1,casa,venta,99000.0,238.12,0.0,3,3,active,2026-10-10,remax_en_vivo
61601,Departamento en venta Ponceano,Marsol,departamento,venta,96000.0,150.0,0.0,4,2,active,2026-10-10,remax_en_vivo
61600,CASA RENTERA EN VENTA CIUDADELA EL EJERCITO,Quitumbe,house_comercial,venta,129999.0,321.0,200.0,9,4,active,2026-10-10,remax_en_vivo
61591,DEPARTAMENTO EN VENTA AUTOPISTA GENERAL RUMIÑAHUI,La Chorrera,departamento,venta,70000.0,174.0,0.0,3,2,active,2026-10-10,remax_en_vivo
61588,TERRENO RENTA 1500 M2 IDEAL PARA HOSPEDAJE CANINO,Nayón,terreno,arriendo,1500.0,185.0,1500.0,3,2,active,2026-10-10,remax_en_vivo
61587,CASA DE RENTA EN CUMBAYA DE 3D AMOBLADA O NO,Cumbayá,casa,arriendo,1300.0,240.0,240.0,3,2,reserved,2026-10-10,remax_en_vivo
61586,CASA O TERRENO DE VENTA SECTOR UNION NACIONAL,Union Nacional,casa,venta,250000.0,575.0,500.0,3,3,active,2026-10-10,remax_en_vivo
61582,VENTA OFICINA SECTOR CAROLINA,La Carolina,oficina,venta,340000.0,442.05,0.0,0,3,active,2026-10-10,remax_en_vivo
61579,CASA EN VENTA EN CONOCOTO BARRIO LA CANDELARIA II,Conocoto,casa,venta,420000.0,2511.0,2511.0,3,3,active,2026-10-10,remax_en_vivo
61577,CASA EN VENTA CARRETAS DE CARCELEN,Bellavista Carretas,casa,venta,89600.0,175.0,60.0,3,2,active,2026-10-10,remax_en_vivo
61575,"DEPARTAMENTO+SUITE INDEPENDIENTE EN VENTA, PINAR",Cochapamba,departamento,venta,187500.0,352.27,0.0,5,5,active,2026-10-10,remax_en_vivo
61568,DPTO. 3 HAB.  A LADO DEL MEGAMAXI PORTUGAL,Bellavista,departamento,venta,179000.0,99.0,0.0,3,2,active,2026-10-10,remax_en_vivo
61551,"CASA INDEPENDIENTE EN RENTA, PONCEANO 270M2 $750",Ponciano Alto,casa,arriendo,750.0,270.0,200.0,4,3,active,2026-10-10,remax_en_vivo
61546,Casa de Venta por Estrenar en Llano Chico,La Delicia,casa,venta,104000.0,181.28,0.0,3,2,active,2026-10-10,remax_en_vivo
61545,Casa de Venta por Estrenar en Llano Chico,La Delicia,casa,venta,123800.0,206.95,0.0,3,2,active,2026-10-10,remax_en_vivo
61543,Casa de Venta por Estrenar en Llano Chico,La Delicia,casa,venta,123500.0,205.92,0.0,3,2,active,2026-10-10,remax_en_vivo
61542,VENTA LOCAL COMERCIAL EN EL C.C. EL BOSQUE,Quito Tenis,local_comercial,venta,330000.0,87.0,0.0,0,1,active,2026-10-10,remax_en_vivo
61538,Venta Departamento | Carcelén,Corazon De Jesus,departamento,venta,67000.0,98.4,0.0,3,2,active,2026-10-10,remax_en_vivo
61534,CASA EN VENTA - SAN ANTONIO - NORTE DE QUITO,Santo Domingo Alto,casa,venta,49000.0,124.0,124.0,3,2,reserved,2026-10-10,remax_en_vivo
61531,"VENTA 2 CASAS, VISTA ESPECTACULAR EN SAN ANTONIO",La Marca,casa,venta,250000.0,388.63,516.0,8,4,active,2026-10-10,remax_en_vivo
61523,CASA COMERCIAL EN VENTA TURUBAMBA SUR QUITO 590M2,El Comercio,casa,venta,160000.0,590.0,372.0,5,3,active,2026-10-10,remax_en_vivo
61520,VENTA DEP 3 DOR CONJ VIVE CITY CLUB SAN ISIDRO INC,San Isidro Del Inca,departamento,venta,69900.0,84.78,0.0,3,2,active,2026-10-10,remax_en_vivo
61500,Terreno comercial - Quinta en renta en Yaruqui,Yaruquí,terreno_comercial,arriendo,1000.0,0.0,3900.0,0,0,active,2026-10-10,remax_en_vivo
61470,Casa por Estrenar en Llano Chico,La Delicia,casa,venta,123500.0,210.25,0.0,3,2,active,2026-10-10,remax_en_vivo
61463,RENTA OFICINA A ESTRENAR MARIANA DE JESUS,Belisario Quevedo,oficina,arriendo,540.0,79.31,0.0,0,1,reserved,2026-10-10,remax_en_vivo
61460,Venta Departamento Conjunto Terrasol Av Occidental,Cochapamba,departamento,venta,83900.0,135.56,0.0,3,2,active,2026-10-10,remax_en_vivo
61432,DEPARTAMENTO EN VENTA EN EL INCA,San Miguel de Amagasi,departamento,venta,44900.0,52.84,0.0,2,1,active,2026-10-10,remax_en_vivo
61431,TERRENO EN VENTA EN VIA A NONO,El Condado,terreno,venta,28900.0,0.0,310.0,0,0,active,2026-10-10,remax_en_vivo
61423,Vendo Dpto. Duplex 2 dormitorios -  La Kennedy,Rodriguez Aguirre,departamento,venta,52000.0,76.92,0.0,2,2,active,2026-10-10,remax_en_vivo
61422,CASA EN VENTA A ESTRENAR  VALLE DE LOS CHILLOS,Miranda,casa,venta,85000.0,170.22,170.22,3,2,active,2026-10-10,remax_en_vivo
61421,Oportunidad de INVERSIÓN - Motel en Venta,Comité Del Pueblo,inversion,venta,2300000.0,2318.0,2995.0,30,30,active,2026-10-10,remax_en_vivo
61414,Casa de una Planta de venta  en Conocoto,Conocoto,casa,venta,60000.0,143.0,170.0,3,2,active,2026-10-10,remax_en_vivo
61412,Vendo Dpto. 3 dormitorios - Sector La Kennedy,Rodriguez Aguirre,departamento,venta,55000.0,81.59,0.0,3,2,active,2026-10-10,remax_en_vivo
61404,VENTA EN CASA A ESTRENAR  VALLE DE LOS CHILLOS,Miranda,casa,venta,85000.0,170.22,170.22,3,2,active,2026-10-10,remax_en_vivo
61401,"EDIFICIO ONE SECTOR LA CAROLINA DEP. 4 HAB, 3 PARQ",Benalcazar,departamento,venta,540000.0,326.0,0.0,4,2,active,2026-10-10,remax_en_vivo
61395,CASA EN VENTA 348m2 Urb. Balcón del Norte–Carcelén,Carcelén,casa,venta,185000.0,348.44,185.37,4,2,active,2026-10-10,remax_en_vivo
61381,"Quinta productiva y recreativa, S Vicente–Yaruquí",San Vicente,quinta,venta,450000.0,235.0,9502.0,3,3,active,2026-10-10,remax_en_vivo
61345,CASA RENTERA/FAMILIAR/COMERCIAL,Vista Hermosa,casa,venta,71900.0,197.35,0.0,6,3,active,2026-10-10,remax_en_vivo
61334,VENTA CASA Y TERRENO,La Merced,casa,venta,280000.0,614.09,2161.31,4,3,active,2026-10-10,remax_en_vivo
61330,SE VENDE CASA DUPLEX EN CIUDAD JARDIN PRECIO FIJO,Turubamba,casa,venta,45000.0,81.6,0.0,3,2,active,2026-10-10,remax_en_vivo
61329,SUITE EN VENTA DE OPORTUNIDAD EN LA GASCA,Belisario Quevedo,departamento,venta,55000.0,67.0,0.0,1,1,active,2026-10-10,remax_en_vivo
61293,DEPARTAMENTO 2D EDIFICIO MAGIC PONCEANO ALTO,Ponciano Alto,departamento,venta,119900.0,94.12,0.0,2,2,active,2026-10-10,remax_en_vivo
61287,DEPARTAMENTO EN RENTA EJECUTIVOS O EXTRANJEROS,Iñaquito,departamento,arriendo,900.0,141.64,0.0,3,3,active,2026-10-10,remax_en_vivo
61285,OFICINA PREMIUM EN VENTA EN IÑAQUITO EDIF 705 OPAL,Iñaquito,oficina,venta,105688.0,60.57,0.0,0,1,active,2026-10-10,remax_en_vivo
61284,"OFICINA DE VENTA, EDIFICIO TORRE ELEMENTO AQUA",Iñaquito,oficina,venta,125000.0,100.6,0.0,0,1,active,2026-10-10,remax_en_vivo
61276,CASA EN VENTA - NORTE DE QUITO - CARCELEN,Carcelén,casa,venta,79000.0,206.0,206.0,4,2,reserved,2026-10-10,remax_en_vivo
61275,RENTO  OFICINA/LOCAL COMERCIAL  FRENTE SWISSHOTEL,Mariscal Sucre,oficina,arriendo,2150.0,342.0,0.0,0,3,active,2026-10-10,remax_en_vivo
61270,CASA AMPLIA 3 PISOS EN VENTA SANTIAGO II CHILIBULO,Santiago Alto,casa,venta,95000.0,241.95,180.5,6,3,active,2026-10-10,remax_en_vivo
61269,LOCAL COMERCIAL SAN JOSE DE MORAN - PLAZA COMERCIA,San Jose de Moran,local_comercial,arriendo,1180.0,120.0,0.0,0,1,active,2026-10-10,remax_en_vivo
61267,VENDO TERRENO EN MONTESERRIN,Monteserrin,terreno,venta,128000.0,0.0,402.0,0,0,active,2026-10-10,remax_en_vivo
61265,Vendo departamento Sector Gaspar de Villarroel,Iñaquito,departamento,venta,115000.0,139.5,0.0,3,2,active,2026-10-10,remax_en_vivo
61264,Venta de terreno esquinero en Guayllabamba 1751 mt,Guayllabamba,terreno,venta,122570.0,0.0,1751.0,0,0,active,2026-10-10,remax_en_vivo
61230,"CASA EN VENTA, 3D, SECTOR SAN GABRIEL, LOS CHILLOS",San Gabriel,casa,venta,98000.0,173.0,0.0,3,2,active,2026-10-10,remax_en_vivo
61229,VENTA DEPARTAMENTO CUMBAYA 2 HABITACIONES TERRAZA,Cumbayá,departamento,venta,219000.0,182.0,0.0,2,2,active,2026-10-10,remax_en_vivo
61225,VENTA TERRENO COMERCIAL OYAMBARO PIFO 6 HAS,Tumbaco,terreno_comercial,venta,1790000.0,0.0,60000.0,0,0,active,2026-10-10,remax_en_vivo
61223,SUITE AMOBLADA RENTA SECTOR REP SALVADOR,Benalcazar,departamento,arriendo,550.0,63.0,0.0,1,1,reserved,2026-10-10,remax_en_vivo
61216,TERRENO EN VENTA CONOCOTO DENTRO DE URB 600M2,Conocoto,terreno,venta,65000.0,0.0,600.0,0,0,active,2026-10-10,remax_en_vivo
61214,Venta departamento Urb. El Condado,El Condado,departamento,venta,126000.0,219.74,0.0,3,2,active,2026-10-10,remax_en_vivo
61213,CASA INDEPENDIENTE 259 M2 EN CONOCOTO,Conocoto,casa,venta,129000.0,284.34,221.0,5,2,active,2026-10-10,remax_en_vivo
61212,"TERRENO EN VENTA DE 2,198.54M2 EL CONDADO",El Condado,terreno,venta,27000.0,0.0,2198.54,0,0,active,2026-10-10,remax_en_vivo
61210,VENTA DEPARTAMENTO 2 DORMITORIOS - JARDIN CUMBAYA,Cumbayá,departamento,venta,154000.0,159.34,0.0,2,2,active,2026-10-10,remax_en_vivo
61209,VENTA CASA URBANIZACION LA COMARCA CUMBAYA,La Comarca,casa,venta,498500.0,430.04,627.33,4,4,active,2026-10-10,remax_en_vivo
61207,CASA RENTERA EN VENTA SECTOR MIRAFLORES - UTE,Miraflores,casa,venta,200000.0,427.27,282.0,4,3,active,2026-10-10,remax_en_vivo
61199,VENTA DEPARTAMENTO CATALINA PARC CON BALCON,Bellavista,departamento,venta,218000.0,232.81,0.0,3,3,active,2026-10-10,remax_en_vivo
61183,"SE VENDE DEPARTAMENTO, EDIFICIO SECTOR LA KENNEDY",California Bonanza,departamento,venta,85000.0,101.0,0.0,3,2,active,2026-10-10,remax_en_vivo
61182,DEPARTAMENTO DE 2 DORMITORIOS CON AMPLIA TERRAZA,Chillogallo,departamento,venta,30000.0,48.75,0.0,2,1,active,2026-10-10,remax_en_vivo
61175,BODEGA-OFICINA 120 M2 MAS TERRENO 825 M2,San Antonio,galpon,arriendo,850.0,120.0,825.0,0,2,reserved,2026-10-10,remax_en_vivo
61173,"VENDO TERRENO CUMBAYA, LUMBISI. URB PRIVADA",Lumbisi,terreno,venta,189000.0,0.0,630.0,0,0,active,2026-10-10,remax_en_vivo
61170,Terreno en venta  - Sector Nayón,Nayón,terreno,venta,1750000.0,0.0,8716.0,0,0,active,2026-10-10,remax_en_vivo
61169,VENDO CASA DE TANDA CONJ 4D 437M2 CONSTR 3 PISO,San Francisco de Tanda,casa,venta,299900.0,437.0,437.0,4,4,active,2026-10-10,remax_en_vivo
61162,CASA EN VENTA SAN JOSÉ DEL VALLE-CONOCOTO,San Jose Del Valle,casa,venta,81000.0,118.0,107.0,2,2,active,2026-10-10,remax_en_vivo
61159,"Privacidad, confort y una vista inigualable",23 De Junio,casa,venta,175000.0,375.11,528.63,3,3,active,2026-10-10,remax_en_vivo
61149,RENTA LOCAL COMERCIAL ESQUINERO ALTO TRAFICO,La Republica,otro,arriendo,950.0,292.0,0.0,0,0,reserved,2026-10-10,remax_en_vivo
61142,Venta casa rentera barrio Lucha de los pobres,La Argelia,casa,venta,78000.0,180.0,180.0,8,6,active,2026-10-10,remax_en_vivo
61141,VENTA DE CASA CONOCOTO 4H,Dean Bajo,casa,venta,100000.0,234.67,0.0,4,3,active,2026-10-10,remax_en_vivo
61140,CASA EN VENTA EN COCHAPAMBA,San Fernando,casa,venta,195000.0,548.0,300.0,4,3,active,2026-10-10,remax_en_vivo
61139,VENTA DE TERRENO EN ALANGASÍ – VALLE DE LOS CHILLO,Alangasí,terreno,venta,81990.0,0.0,1000.0,0,0,active,2026-10-10,remax_en_vivo
61138,VENTA DE TERRENO EN ALANGASÍ – VALLE DE LOS CHILLO,Alangasí,terreno,venta,91990.0,0.0,1125.0,0,0,active,2026-10-10,remax_en_vivo
61133,VENTA CASA EN LA MITAD DEL MUNDO 3 Dormitorios,Santo Domingo Bajo,casa,venta,49000.0,99.45,0.0,3,1,reserved,2026-10-10,remax_en_vivo
61129,HERMOSA CASA INDEPENDIENTE EN VENTA EN PUEMBO,Puembo,casa,venta,279000.0,320.0,300.0,3,3,active,2026-10-10,remax_en_vivo
61127,VENDO TERRENO PUEMBO,Puembo,terreno,venta,255000.0,0.0,1128.0,0,0,active,2026-10-10,remax_en_vivo
61126,RENTO LOCAL COMERCIAL PARA CAFETERIA COWORKING,Iñaquito,local_comercial,arriendo,3000.0,329.0,0.0,0,2,active,2026-10-10,remax_en_vivo
61125,RENTO OFICINAS AMPLIAS EN EL SECTOR DEL ESTADIO,Bellavista,oficina,arriendo,1800.0,200.0,0.0,0,1,active,2026-10-10,remax_en_vivo
61124,RENTO LOCAL COMERCIAL IDEAL RESTAURANT EXPOSICION,Cumbayá,local_comercial,arriendo,6595.0,439.0,0.0,0,2,active,2026-10-10,remax_en_vivo
61119,VENDO LUJOSA CASA,Puembo,casa,venta,890000.0,1200.0,1200.0,3,4,active,2026-10-10,remax_en_vivo
61117,VENTA DE DEPARTAMENTO DUPLEX,California Bonanza,departamento,venta,52000.0,76.77,0.0,3,1,active,2026-10-10,remax_en_vivo
61109,Arriendo local en Plaza Comercial parque Cumbaya,Cumbayá,local_comercial,arriendo,3000.0,250.0,0.0,0,3,active,2026-10-10,remax_en_vivo
61103,"Departamento en Tumbaco 3 Habitaciones, Piscina",Tumbaco,departamento,venta,129000.0,148.0,0.0,3,2,active,2026-10-10,remax_en_vivo
61080,Local Comercial en Venta en Tumbaco Intervalles,Tolagasi,local_comercial,venta,296000.0,127.1,0.0,0,1,active,2026-10-10,remax_en_vivo
61079,Venta Local Comercial Cumbayá – Tumbaco,Tolagasi,local_comercial,venta,172000.0,64.4,0.0,0,1,active,2026-10-10,remax_en_vivo
61078,Local Comercial en Venta – Vía Intervalles Tumbaco,Tolagasi,local_comercial,venta,176000.0,66.1,0.0,0,1,active,2026-10-10,remax_en_vivo
61072,CASA EN VENTA - SECTOR CENTRO HISTORICO (430m²),Centro Histórico,casa,venta,50000.0,430.6,1020.0,8,3,active,2026-10-10,remax_en_vivo
61070,VENTA OFICINA EDIFICIO ESPAÑA,Mariscal Sucre,oficina,venta,48000.0,50.0,0.0,0,3,active,2026-10-10,remax_en_vivo
61069,VENDO TERRENO ALANGASI,Alangasí,terreno,venta,85000.0,0.0,2000.0,0,0,active,2026-10-10,remax_en_vivo
61064,"Venta casa en Vista Colina, San Juan de Cumbayá",Cumbayá,casa,venta,250000.0,277.0,277.0,3,2,active,2026-10-10,remax_en_vivo
61055,LOCAL EN RENTA ESQUINA AV PRINCIPAL,Iñaquito,local_comercial,arriendo,1690.0,175.0,0.0,0,3,active,2026-10-10,remax_en_vivo
61050,DEPARTAMENTO CALDERÓN CONJUNTO EL EDÉN,Calderón (Carapungo),departamento,venta,79000.0,193.44,0.0,3,2,active,2026-10-10,remax_en_vivo
61048,VENDO AMPLIA OFICINA CON BALCON SECTOR LA PRADERA,La Pradera,oficina,venta,160000.0,175.0,0.0,0,3,active,2026-10-10,remax_en_vivo
60996,OFICINA POR ESTRENAR AV 12 DE OCTUBRE,Mariscal Sucre,oficina,venta,135000.0,246.0,0.0,0,2,active,2026-10-10,remax_en_vivo
60990,Dpto 2 habitaciones y balcón Lomas Monteserrin,Lomas de Monteserrin,departamento,venta,129500.0,144.06,0.0,2,2,active,2026-10-10,remax_en_vivo
60988,"VENDO EDIFICIO CORPORATIVO, SECTOR CENTRO NORTE",Belisario Quevedo,edificio_completo,venta,529900.0,1356.0,270.0,0,0,active,2026-10-10,remax_en_vivo
60985,CASA EN VENTA CALDERON 4 HAB ENTRADA INDEPENDIENTE,Calderón (Carapungo),casa,venta,70000.0,7944.78,148.0,4,2,active,2026-10-10,remax_en_vivo
60983,VENTA CASA + SUITE SECTOR PUSUQUI /CONDADO,Pusuqui Chico,casa,venta,163000.0,339.0,300.0,4,3,active,2026-10-10,remax_en_vivo
60982,"TERRENO EN VENTA 522M2, TENERIAS E1",Las Tenerias,terreno,venta,12500.0,0.0,522.0,0,0,active,2026-10-10,remax_en_vivo
60981,Quinta de 9.264 m² ubicación estrategica Tumbaco,Tumbaco (Cabecera),terreno,venta,1991760.0,10699.78,9264.0,5,4,active,2026-10-10,remax_en_vivo
60980,Quinta de 9.264 m² ubicación estrategica Tumbaco,Tumbaco (Cabecera),terreno_comercial,venta,1991760.0,10699.78,9264.0,5,4,active,2026-10-10,remax_en_vivo
60971,VENDO CASA AMPLIA URB. LA MARCA,San Antonio,casa,venta,199000.0,267.32,0.0,4,3,active,2026-10-10,remax_en_vivo
60969,COMPLEJO DE EDIFICIOS EN RENTA O VENTA,Belisario Quevedo,edificio_comercial,venta,1250000.0,1358.0,1050.0,0,0,active,2026-10-10,remax_en_vivo
60968,Quinta de 9.264 m² ubicación estrategica Tumbaco,Tumbaco (Cabecera),quinta,venta,1991760.0,10699.78,9264.0,5,4,active,2026-10-10,remax_en_vivo
60966,EN VENTA CASA 2 PLANTAS  SECTOR SAN JOSE DE MORAN,San Jose de Moran,casa,venta,40000.0,74.75,66.75,2,1,active,2026-10-10,remax_en_vivo
60949,OFICINA CON DIVISIONES SECTOR MALL EL JARDÍN,La Republica,oficina,arriendo,2200.0,295.0,0.0,0,4,active,2026-10-10,remax_en_vivo
60948,EDIFICIO COMERCIAL AVENIDA DE LOS SHYRIS,La Carolina,edificio_completo,venta,1500000.0,1200.0,325.0,0,0,active,2026-10-10,remax_en_vivo
60942,CASA EN VENTA DEAN BAJO CONOCOTO 147m2,Dean Bajo,casa,venta,95000.0,199.0,150.0,4,2,active,2026-10-10,remax_en_vivo
60929,"DEPARTAMENTO DE VENTA 3D, BICENTENARIO/LA FLORIDA",Cochapamba,departamento,venta,84900.0,98.0,0.0,3,2,active,2026-10-10,remax_en_vivo
60928,"Casa Unifamiliar en Venta, Turubamba Alto",Turubamba Alto,casa,venta,79900.0,192.0,192.0,7,3,active,2026-10-10,remax_en_vivo
60926,VENTA DE CASA CHILLOGALLO $52.000,Chillogallo,casa,venta,50000.0,109.63,109.63,4,2,active,2026-10-10,remax_en_vivo
60914,VENTA CASA SAN ANTONIO DE PICHINCHA MITAD DEL MUND,Ciudad Mitad Del Mundo,casa,venta,38000.0,86.0,100.0,3,1,reserved,2026-10-10,remax_en_vivo
60911,Departamento en venta en Cumbaya  2 dormitorios,La Catolica,departamento,venta,136900.0,100.04,0.0,2,1,active,2026-10-10,remax_en_vivo
60909,SE VENDE DEPARTAMENTO URBANIZACION EL CONDADO,Urb. El Condado,departamento,venta,135000.0,147.0,0.0,3,2,active,2026-10-10,remax_en_vivo
60908,Departamento en venta en Tumbaco en Conjunto 3d,Tumbaco,departamento,venta,154900.0,143.43,0.0,3,2,active,2026-10-10,remax_en_vivo
60907,Casa en venta en Tumbaco en Conjunto esquinera,Tumbaco,casa,venta,225900.0,272.69,0.0,3,2,active,2026-10-10,remax_en_vivo
60906,Departamento en venta en Tumbaco en Conjunto 3d,Tumbaco,departamento,venta,158900.0,159.42,0.0,3,2,active,2026-10-10,remax_en_vivo
60905,Departamento en venta en Tumbaco en Conjunto 3d,Tumbaco,departamento,venta,150900.0,135.18,0.0,3,2,active,2026-10-10,remax_en_vivo
60903,DEPARTAMENTO INDEPENDIENTE CON DOMÓTICA - SOLCA,El Eden,departamento,venta,55000.0,101.55,0.0,2,2,active,2026-10-10,remax_en_vivo
60901,Departamento en venta en Tumbaco en Conjunto 2d,Tumbaco,departamento,venta,124900.0,91.87,0.0,2,2,active,2026-10-10,remax_en_vivo
60900,Casa en venta en Tumbaco en Conjunto,Tumbaco,casa,venta,185000.0,230.29,0.0,3,2,active,2026-10-10,remax_en_vivo
60898,Suite en venta en Cumbaya en planos,La Catolica,departamento,venta,98900.0,74.57,0.0,1,1,active,2026-10-10,remax_en_vivo
60890,TERRENO EN NAYON MONTEAROMO,Nayón,terreno,venta,752000.0,0.0,752000.0,0,0,active,2026-10-10,remax_en_vivo
60889,URBANIZACION MONTEAROMO 1289 M2,Nayón,terreno,venta,245000.0,0.0,1289.0,0,0,active,2026-10-10,remax_en_vivo
60888,TERRENO DE VENTA URB MONTEAROMO,Nayón,terreno,venta,191000.0,0.0,1002.0,0,0,active,2026-10-10,remax_en_vivo
60887,TERRENO DE 1007 M2 URB MONTEAROMO NAYON,Nayón,terreno,venta,192000.0,0.0,1007.0,0,0,active,2026-10-10,remax_en_vivo
60886,TERRENO 586 M2 URB MONTEAROMO,Nayón,terreno,venta,112000.0,0.0,586.0,0,0,active,2026-10-10,remax_en_vivo
60885,Oficina en Venta – Calderón | Conjunto San Luis,Calderón (Carapungo),oficina,venta,26000.0,33.0,0.0,0,1,active,2026-10-10,remax_en_vivo
60884,Oficina en Venta – Calderón | Conjunto San Luis,Calderón (Carapungo),oficina,venta,22000.0,26.0,0.0,0,1,active,2026-10-10,remax_en_vivo
60883,CASA CON 3 DEPARTAMENTOS DE VENTA EN URB.URABA,Carcelen Libre,casa,venta,500000.0,760.0,384.0,10,6,active,2026-10-10,remax_en_vivo
60882,LA PRIMAVERA CASA INDEPENDIENTE,Cumbayá,casa,venta,499000.0,389.0,727.0,4,3,active,2026-10-10,remax_en_vivo
60878,SUITE EN RENTA LA FLORIDA,Cochapamba,departamento,arriendo,180.0,50.0,0.0,1,1,reserved,2026-10-10,remax_en_vivo
60877,Departamento Amoblado en Renta 2 Dorm. Quicentro,La Carolina,departamento,arriendo,575.0,91.0,0.0,2,2,reserved,2026-10-10,remax_en_vivo
60857,Venta de Casa Centro de Amaguaña,Amaguaña,house_comercial,venta,120000.0,297.0,294.0,5,2,active,2026-10-10,remax_en_vivo
60847,TERRENO EN VENTA - SECTOR CALDERON (630m²),Calderón (Carapungo),terreno,venta,48000.0,0.0,630.05,0,0,active,2026-10-10,remax_en_vivo
60809,Departamento en Venta 85m² | San Juan Alto Cumbayá,San Juan Alto,departamento,venta,138900.0,97.5,0.0,2,2,active,2026-10-10,remax_en_vivo
60808,"Departamento en Venta 102m², San Juan Alto Cumbayá",San Juan Alto,departamento,venta,177900.0,118.0,0.0,2,2,active,2026-10-10,remax_en_vivo
60806,LOCAL COMERCIAL EN RENTA – PONCEANO ALTO,Contraloria,local_comercial,arriendo,350.0,43.0,0.0,0,1,active,2026-10-10,remax_en_vivo
60804,"HERMOSO DEPARTAMENTO DÚPLEX - 289,76 M2",Kennedy,departamento,venta,130000.0,289.76,0.0,5,3,active,2026-10-10,remax_en_vivo
60802,CASA EN VENTA SUR DE QUITO ORQUIDEAS DEL SUR,Quitumbe,casa,venta,45000.0,124.0,19467.0,3,2,active,2026-10-10,remax_en_vivo
60800,DEPARTAMENTO DUPLEX EN VENTA QUITUMBE,Quitumbe,departamento,venta,47000.0,99.61,0.0,3,2,active,2026-10-10,remax_en_vivo
60798,SE RENTA OFICINA AV. AMERICA,Iñaquito,oficina,arriendo,2800.0,300.0,0.0,0,6,active,2026-10-10,remax_en_vivo
60790,CASA RENTERA EN VENTA – PONCEANO BAJO Nazareth,Nazareth,casa,venta,130000.0,292.0,0.0,7,5,reserved,2026-10-10,remax_en_vivo
60789,Casa rentera en Chillogallo,San Gregorio,house_comercial,venta,105000.0,450.87,204.0,8,3,active,2026-10-10,remax_en_vivo
60787,Departamento por Estrenar con Jardín en Tumbaco,Churoloma,departamento,venta,122000.0,136.26,0.0,3,2,active,2026-10-10,remax_en_vivo
60785,Hermoso Terreno En Venta - Santa Inés - Cumbayá,Cumbayá,terreno,venta,560000.0,0.0,8567.0,0,0,active,2026-10-10,remax_en_vivo
60778,EN VENTA DEPARTAMENTO 3 DORMITORIOS  LA VICENTINA,La Vicentina,departamento,venta,70000.0,143.0,0.0,3,2,active,2026-10-10,remax_en_vivo
60777,VENTA DEPARTAMENTO 3D QUITO TENIS,Quito Tenis,departamento,venta,192000.0,208.77,0.0,3,3,active,2026-10-10,remax_en_vivo
60776,Terreno en Venta en  Amaguaña.,Amaguaña,terreno,venta,51500.0,0.0,726.0,0,0,active,2026-10-10,remax_en_vivo
60775,Consultorio en Renta Norte de Quito-sector El Inca,El Inca,consultorio,arriendo,160.0,20.0,0.0,0,1,active,2026-10-10,remax_en_vivo
60751,Casa en venta en Tumbaco en Conjunto,Tumbaco,casa,venta,185000.0,232.15,0.0,3,2,active,2026-10-10,remax_en_vivo
60749,VENDO AMPLIA OFICINA FRENTE AL SWISSHOTEL,Mariscal Sucre,oficina,venta,249000.0,342.77,0.0,0,3,active,2026-10-10,remax_en_vivo
60736,Terreno en Venta San Isidro del Inca,San Isidro Del Inca,terreno,venta,109000.0,0.0,803.0,0,0,active,2026-10-10,remax_en_vivo
60733,Terreno en venta sector El Condado,El Condado,terreno,venta,77000.0,0.0,349.0,0,0,active,2026-10-10,remax_en_vivo
60731,LOCAL ESQUINERO  SECTOR QUICENTRO NORTE 340m2,Batan Bajo,local_comercial,arriendo,3200.0,400.0,0.0,0,4,active,2026-10-10,remax_en_vivo
60727,VENTA OFICINA CENTRO NORTE DE QUITO,La Floresta,oficina,venta,200000.0,326.0,0.0,0,5,active,2026-10-10,remax_en_vivo
60721,Venta de Casa Rentera,Mariscal Sucre,casa,venta,330000.0,709.26,627.7,3,2,active,2026-10-10,remax_en_vivo
60719,CASA RENTERA CON BUENA RENTABILIDAD ANUAL/ AV. OCC,Cochapamba,casa,venta,258000.0,750.0,750.0,12,12,active,2026-10-10,remax_en_vivo
60715,EDIFICIOS EN RENTA TRES BLOQUES,Rumipamba,edificio_comercial,arriendo,10000.0,1358.0,1059.0,0,0,active,2026-10-10,remax_en_vivo
60700,TERRENO EN VENTA POMASQUI URBANIZACION DE LIGA,Pomasqui,terreno,venta,47000.0,0.0,387.0,0,0,active,2026-10-10,remax_en_vivo
60694,VENTA TERRENO IÑAQUITO ALTO,Inaquito Alto,terreno,venta,105000.0,0.0,311.0,0,0,reserved,2026-10-10,remax_en_vivo
60688,VENTA CASA - LA FLORESTA (CERCA CINE 8 Y MEDIO),La Floresta,casa,venta,250000.0,215.0,360.0,3,3,active,2026-10-10,remax_en_vivo
60679,Casa de Venta - sector Calderón,Jose Teran,casa,venta,70000.0,123.42,123.42,3,2,active,2026-10-10,remax_en_vivo
60678,VENDO CASA EN CUMBAYA   EXCELENTE UBICACION,La Primavera,casa,venta,160000.0,167.0,180.0,4,3,active,2026-10-10,remax_en_vivo
60675,"¡Casa de Venta! Sector UTE, Occidental",San Vicente,casa,venta,63000.0,188.62,126.27,3,2,active,2026-10-10,remax_en_vivo
60672,Hotel 16 Habitaciones Centro Historico Airbnb,Centro Histórico,hotel,venta,155000.0,618.0,260.0,16,6,active,2026-10-10,remax_en_vivo
60671,Venta de dos Terrenos en Calacalí - Sector Caspiga,Caspigas,terreno,venta,215000.0,0.0,3873.46,0,0,active,2026-10-10,remax_en_vivo
60663,"RENTO LOCAL COMERCIAL, CERCA AL PARQUE DE CUMBAYÁ",Urb. Santa Lucia,local_comercial,arriendo,4600.0,553.0,553.0,5,3,active,2026-10-10,remax_en_vivo
60662,"RENTO CASA COMERCIAL, CERCA AL PARQUE DE CUMBAYÁ",Urb. Santa Lucia,house_comercial,arriendo,4600.0,553.0,553.0,5,3,active,2026-10-10,remax_en_vivo
60659,CASA EN VENTA SUR DE QUITO TRAS EL RECREO,El Calzado,casa,venta,89900.0,200.0,200.0,4,2,active,2026-10-10,remax_en_vivo
60645,SE VENDE TERRENO BELLA VISTA DE CARRETAS,Bellavista Carretas,terreno,venta,69000.0,0.0,1228.0,0,0,active,2026-10-10,remax_en_vivo
60607,"Venta de Casa de 2 Pisos – Urbanización San José,",Conocoto,casa,venta,450000.0,1108.0,0.0,4,5,active,2026-10-10,remax_en_vivo
60598,Departamento En Venta MAÑOSCA San Gabriel,San Gabriel,departamento,venta,145000.0,96.0,0.0,2,2,active,2026-10-10,remax_en_vivo
60597,OFICINA PERFECTA PARA INVERSION rentada $692 X MES,Iñaquito,oficina,venta,91900.0,98.0,0.0,1,2,active,2026-10-10,remax_en_vivo
60596,TERRENO EN VENTA BUENOS AIRES SAN ISIDRO DEL INCA,Buenos Aires,terreno,venta,45000.0,0.0,237.58,0,0,active,2026-10-10,remax_en_vivo
60592,Suite en Venta - Monteserrín,Monteserrin,departamento,venta,78000.0,66.53,0.0,1,1,reserved,2026-10-10,remax_en_vivo
60588,"RENTA LOCAL COMERCIAL, SECTOR REPÚBLICA Y MAÑOSCA",Rumipamba,local_comercial,arriendo,450.0,42.0,0.0,0,1,reserved,2026-10-10,remax_en_vivo
60586,TERRENO 7807.50 M2 MIRASIERRA VALLE DE LOS CHILLOS,Alangasí,terreno,venta,535000.0,0.0,7807.5,0,0,active,2026-10-10,remax_en_vivo
60564,CASA COMERCIAL SECTOR PLAZA DE TOROS,Jipijapa,house_comercial,arriendo,1800.0,230.0,330.0,4,3,active,2026-10-10,remax_en_vivo
60559,CASA RENTERA EN VENTA LA FERROVIARIA BAJA,La Ferroviaria,casa,venta,149000.0,349.07,180.0,7,5,active,2026-10-10,remax_en_vivo
60556,LOCAL COMERCIAL EN VENTA,Kennedy,local_comercial,venta,145000.0,240.27,0.0,0,3,reserved,2026-10-10,remax_en_vivo
60549,"Departamento de 77,3 m2 venta Cumbaya 2D",Cumbaya Cabecera,departamento,venta,173900.0,79.8,0.0,2,1,active,2026-10-10,remax_en_vivo
60541,Venta Terreno de Oportunidad ideal para Inversión,El Condado,terreno,venta,19000.0,0.0,177.12,0,0,active,2026-10-10,remax_en_vivo
60540,Casa de Campo mas  10.106 m² de terreno,La Tola,quinta,venta,350000.0,241.26,10106.21,3,3,reserved,2026-10-10,remax_en_vivo
60537,PARQUEADERO AMAZONAS PARC S2,Iñaquito,oficina,venta,8000.0,63.0,0.0,0,1,active,2026-10-10,remax_en_vivo
60536,CASA EN VENTA - CARCELEN - NORTE DE QUITO,1ra. Zona Aerea,casa,venta,105000.0,243.0,192.0,3,2,active,2026-10-10,remax_en_vivo
60522,EN VENTA PRECIO FIJO LOCAL Y DEPARTAMENTOS RENTERA,La Ecuatoriana,casa,venta,99000.0,180.0,180.0,8,8,active,2026-10-10,remax_en_vivo
60518,Casa Comercial 3 Deptos 2 Locales 775m² Av America,San Gabriel,edificio_comercial,venta,378000.0,841.0,360.0,0,0,active,2026-10-10,remax_en_vivo
60515,CASA EN VENTA EN LA URBANIZACIÓN ARMENIA 2,Conocoto,casa,venta,227000.0,560.0,330.0,5,5,active,2026-10-10,remax_en_vivo
60511,CASA EN VENTA – URB. SAN GREGORIO | PUSUQUÍ,Pusuqui Chico,casa,venta,249900.0,570.0,300.0,5,5,active,2026-10-10,remax_en_vivo
60507,Casa Rentera Kennedy,La Kennedy,casa,venta,67000.0,138.68,81.0,2,2,active,2026-10-10,remax_en_vivo
60504,Penthouse en venta – Diego de Almagro,Iñaquito,departamento,venta,158000.0,242.027,0.0,3,2,active,2026-10-10,remax_en_vivo
60499,"VENDO CASA 4 DORMITORIOS, PORTAL SHOPPING",Camino Eucalipto,casa,venta,114900.0,165.9,90.0,4,3,active,2026-10-10,remax_en_vivo
60493,CASA RENTERA EN VENTA - SECTOR LA RECOLETA 1217m²,La Recoleta,casa,venta,240000.0,1217.04,736.0,20,8,active,2026-10-10,remax_en_vivo
60479,Departamento Remodelado con Vista en Quito Tenis,Quito Tenis,departamento,venta,211000.0,315.53,0.0,4,4,reserved,2026-10-10,remax_en_vivo
60478,LOCAL DISPONIBLE EN PLAZA COMERCIAL KENNEDY,Solca,local_comercial,arriendo,2800.0,165.0,0.0,0,1,active,2026-10-10,remax_en_vivo
60477,En Venta  Casa en Chillogallo,Chillogallo,casa,venta,89500.0,259.0,257.0,5,3,active,2026-10-10,remax_en_vivo
60473,Venta Departamento Condominio Portal del Norte,Dammer,departamento,venta,74900.0,121.0,0.0,3,2,reserved,2026-10-10,remax_en_vivo
60463,LA CASA IDEAL PARA TU FAMILIA.,Cotocollao,casa,venta,65000.0,127.0,127.0,3,3,active,2026-10-10,remax_en_vivo
60459,CASA EN VENTA - SAN ANTONIO DE PICHINCHA (108m²),Equinoccial,casa,venta,67000.0,119.6,60.0,3,2,active,2026-10-10,remax_en_vivo
60403,AMPLIA CASA EN VENTA EN SECTOR EL RECREO,Recreo Clemencia,casa,venta,65000.0,132.05,132.05,3,2,active,2026-10-10,remax_en_vivo
60401,SE RENTA PELUQUERIA Y SPA,Larrea,local_comercial,arriendo,560.0,75.0,0.0,0,2,active,2026-10-10,remax_en_vivo
60387,SE VENDE SUITE EN A MARIANA DE JESUS 95MT 1 DOR,Iñaquito,departamento,venta,85000.0,66.0,0.0,1,1,active,2026-10-10,remax_en_vivo
60377,SE VENDE SUITE BELLAVISTA,Bellavista,departamento,venta,85000.0,95.0,0.0,1,1,active,2026-10-10,remax_en_vivo
60373,Venta de Bodega en Puellaro,Puéllaro,galpon,venta,120000.0,380.0,0.0,0,2,active,2026-10-10,remax_en_vivo
60344,"CASA DE VENTA, EL ROSARIO, AV LUIS TUFIÑO",Cotocollao,casa,venta,137000.0,251.0,315.0,6,3,negotiation,2026-10-10,remax_en_vivo
60310,Vendo casa Santa Lucía - Precio de Oportunidad,Coop. Monserrat,casa,venta,99000.0,270.48,100.0,4,3,active,2026-10-10,remax_en_vivo
60298,RENTA DE OFICINA 40M2 CENTRO DE CONOCOTO 2 PISO,Conocoto,oficina,arriendo,340.0,40.0,0.0,0,1,active,2026-10-10,remax_en_vivo
60297,"CASA EN VENTA, SAN ISIDRO DEL INCA",San Isidro Del Inca,casa,venta,298000.0,403.63,838.0,4,3,active,2026-10-10,remax_en_vivo
60282,Exclusivo departamento de venta en Quito Tennis,Quito Tenis,departamento,venta,365000.0,508.2,0.0,4,3,active,2026-10-10,remax_en_vivo
60281,Exclusivo departamento de venta en Quito Tenis,Quito Tenis,departamento,venta,365000.0,502.99,0.0,3,3,active,2026-10-10,remax_en_vivo
60265,Departamento 3 dormitorios en Venta - Puente 2,Puengasí,departamento,venta,44900.0,80.4,0.0,3,1,active,2026-10-10,remax_en_vivo
60264,Departamento en venta - Conj Residencial Amaranta,Puengasí,departamento,venta,75000.0,143.72,0.0,3,2,active,2026-10-10,remax_en_vivo
60261,CASA EN VENTA CONOCOTO,Conocoto,casa,venta,78000.0,150.0,150.0,4,1,active,2026-10-10,remax_en_vivo
60260,RENTA OFICINA 26M2 CENTRO DE CONOCOTO 2 PISO,Conocoto,oficina,arriendo,280.0,26.0,0.0,0,1,active,2026-10-10,remax_en_vivo
60256,"VENTA DE TERRENO EN BALCASHI, PIFO",San Francisco 1,terreno,venta,505600.0,0.0,2528.45,0,0,active,2026-10-10,remax_en_vivo
60245,SE VENDE,Mariscal Sucre,local_comercial,venta,85000.0,75.0,0.0,0,2,active,2026-10-10,remax_en_vivo
60242,"TERRENO EN VENTA, SECTOR LA MERCED",La Merced,terreno,venta,235300.0,0.0,4080.0,0,0,active,2026-10-10,remax_en_vivo
60236,Exclusivo Departamento de venta en Quito Tennis,Quito Tenis,departamento,venta,365000.0,502.32,0.0,4,4,active,2026-10-10,remax_en_vivo
60235,Departamento venta San Carlos,Quito Norte,departamento,venta,69000.0,113.0,0.0,3,2,active,2026-10-10,remax_en_vivo
60232,"Casa de 3 Dormitorios, Parqueadero-Calderón Quito",Calderón (Carapungo),casa,venta,47300.0,103.0,103.0,3,1,active,2026-10-10,remax_en_vivo
60230,"Propiedad en Venta - 3 Departamentos, El Bosque",Quito Tenis,edificio_completo,venta,600000.0,810.0,630.0,0,0,active,2026-10-10,remax_en_vivo
60226,TERRENO EN VENTA EN AV. ELOY ALFARO,Iñaquito,terreno,venta,620000.0,0.0,636.8,0,0,active,2026-10-10,remax_en_vivo
60206,VENTA DE DEPARTAMENTO EN PONCEANO,Ponciano Bajo,departamento,venta,45000.0,90.2,0.0,3,1,active,2026-10-10,remax_en_vivo
60204,CASA EN VENTA SAN CAMILO CALDERON,San Camilo,casa,venta,82990.0,167.0,60.0,2,2,active,2026-10-10,remax_en_vivo
60201,CASA COMERCIAL,Lomas de Monteserrin,casa,venta,338000.0,580.0,450.0,10,7,active,2026-10-10,remax_en_vivo
60176,"Vendo Departamento, Ciudad Jardin con parqueadero",Turubamba,departamento,venta,43000.0,63.77,0.0,3,1,active,2026-10-10,remax_en_vivo
60175,PROPIEDAD COMERCIAL EN VENTA EN LA AV. COLÓN,Mariscal Sucre,house_comercial,venta,480000.0,401.0,420.0,3,1,active,2026-10-10,remax_en_vivo
60151,Local en venta Monteserrin,Monteserrin,local_comercial,venta,121000.0,74.95,0.0,0,1,active,2026-10-10,remax_en_vivo
60150,SE VENDE DEPARTAMENTO 3 HAB SECTOR COL 24 DE MAYO,Batan Alto,departamento,venta,151730.0,139.55,0.0,3,2,active,2026-10-10,remax_en_vivo
60144,"Departamento en Venta, Cumbayá, Quito.",Cumbayá,departamento,venta,155000.0,129.27,0.0,2,2,active,2026-10-10,remax_en_vivo
60143,"Departamento en Venta, Cumbayá, Quito.",Tumbaco,departamento,venta,210000.0,182.25,0.0,2,2,active,2026-10-10,remax_en_vivo
60140,Vendo casa de 235m2 Pomasqui,Pomasqui,casa,venta,115000.0,305.0,300.0,4,3,active,2026-10-10,remax_en_vivo
60132,"TERRENO SECTOR MIRAFLORES, UNIVER. CENTRAl INCLINA",Miraflores,terreno,venta,209900.0,0.0,860.0,0,0,active,2026-10-10,remax_en_vivo
60131,LOFT CON BALCON -  GONZALEZ SUAREZ,Gonzalez Suarez,departamento,venta,140000.0,73.0,0.0,1,1,active,2026-10-10,remax_en_vivo
60126,VENTA DE DEPARTAMENTO – COCHAPAMBA NORTE,Cochapamba,departamento,venta,82000.0,137.04,0.0,3,2,active,2026-10-10,remax_en_vivo
60114,EN VENTA TERRENO ESPECTACULAR EN NAYON  EXCLUSIVO,Tacuri Bajo,terreno,venta,179400.0,0.0,544.83,0,0,active,2026-10-10,remax_en_vivo
60113,DEPARTAMENTO EN VENTA BELLAVISTA EDIFICIO VITZAU,Bellavista,departamento,venta,119900.0,132.56,0.0,2,2,negotiation,2026-10-10,remax_en_vivo
60109,"TERRENO EN VENTA, PUEMBO",San Jose De Puembo,terreno,venta,1220000.0,0.0,9782.13,0,0,active,2026-10-10,remax_en_vivo
60106,"DEPARTAMENTO EN VENTA, CONDADO",Urb. El Condado,departamento,venta,110000.0,216.76,0.0,3,2,active,2026-10-10,remax_en_vivo
60105,"VENTA TERRENO EN TENERIAS E1 , CATZUQUI DE VELAZCO",Las Tenerias,terreno,venta,30000.0,0.0,1381.81,0,0,active,2026-10-10,remax_en_vivo
60089,Venta Departamento USD 65.600 Puente 3-Credito VIS,Conocoto,departamento,venta,65600.0,94.0,0.0,3,2,reserved,2026-10-10,remax_en_vivo
60088,Venta Departamento USD 66.600 Puente 3-Credito VIS,Conocoto,departamento,venta,66600.0,93.0,0.0,3,2,reserved,2026-10-10,remax_en_vivo
60083,VENDO LOCAL COMERCIAL AV GASPAR  DE VILLARROEL,Iñaquito,local_comercial,venta,145000.0,247.0,0.0,0,2,active,2026-10-10,remax_en_vivo
60073,Departamento a estrenar sector Monteserrín,Monteserrin,departamento,venta,143000.0,127.94,0.0,3,2,active,2026-10-10,remax_en_vivo
60072,Departamento a estrenar Monteserrín,Monteserrin,departamento,venta,144900.0,125.81,0.0,3,2,active,2026-10-10,remax_en_vivo
60068,Terreno en Venta Carcelén Urb.Caminos Eucaliptos,Camino Eucalipto,terreno,venta,27500.0,0.0,90.0,0,0,active,2026-10-10,remax_en_vivo
60067,INVERSION DE VENTA GALPON COMERCIAL E INDUSTRIAL,La Magdalena,otro,venta,235000.0,813.0,340.0,0,5,active,2026-10-10,remax_en_vivo
60042,"Local Comercial de Venta, Sector Ejido",Ejido,local_comercial,venta,78000.0,109.0,0.0,0,2,active,2026-10-10,remax_en_vivo
60038,SE VENDE DEPARTAMENTO PONCEANO ALTO EDIF ALICANTE,Ponciano Alto,departamento,venta,115000.0,156.0,0.0,3,2,active,2026-10-10,remax_en_vivo
60028,CASA EN VENTA EN CALDERON BONANZA,Calderón (Carapungo),casa,venta,52500.0,130.6,79.3,3,1,active,2026-10-10,remax_en_vivo
60026,TERRENO ESQUINERO EN VENTA  496M URB WILSON - PIFO,San Francisco 2,terreno,venta,70000.0,0.0,496.0,0,0,active,2026-10-10,remax_en_vivo
60025,"EN VENTA AMPLIA CASA INDEPENDIENTE, NORTE DE QUITO",San Antonio,casa,venta,115000.0,208.84,586.0,3,2,active,2026-10-10,remax_en_vivo
60010,VENTA CASA URB. EL CONDADO,El Condado,casa,venta,245000.0,465.0,369.0,4,3,active,2026-10-10,remax_en_vivo
60004,Depto 3 dorm. en venta | Mariana de Jesús,Rumipamba,departamento,venta,123800.0,106.0,0.0,3,2,active,2026-10-10,remax_en_vivo
60001,Casa Comercial 3 Deptos 2 Locales 775m² Av America,San Gabriel,edificio_completo,venta,378500.0,841.0,360.0,0,0,active,2026-10-10,remax_en_vivo
60000,Casa Comercial 3 Deptos 2 Locales 775m² Av America,San Gabriel,casa,venta,379000.0,841.0,360.0,10,8,active,2026-10-10,remax_en_vivo
59980,"Departamento de Venta, Sector Pinar Bajo",Cochapamba,departamento,venta,230000.0,181.42,0.0,3,3,active,2026-10-10,remax_en_vivo
59973,Vendo casa por estrenar - La Pampa - 3 dormitorios,La Pampa,casa,venta,97500.0,139.84,90.0,3,2,active,2026-10-10,remax_en_vivo
59972,Vendo casa por estrenar - La Pampa - 3 dormitorios,La Pampa,casa,venta,101500.0,139.84,90.0,3,2,active,2026-10-10,remax_en_vivo
59971,DEPARTAMENTO DE 2 DORMITORIOS LA FLORESTA,Iñaquito,departamento,venta,90000.0,103.0,0.0,2,2,active,2026-10-10,remax_en_vivo
59970,Vendo Departamento de dos dormitorios Batan Alto,Batan Alto,departamento,venta,117000.0,169.0,0.0,2,2,active,2026-10-10,remax_en_vivo
59967,CASA EN VENTA EN LA ARMENIA 1 CON LA MEJOR VISTA,Conocoto,casa,venta,137000.0,218.23,218.23,3,2,active,2026-10-10,remax_en_vivo
59966,DEPARTAMENTO EN VENTA 3 DORMITORIOS - LA OFELIA,Ponceano,departamento,venta,52000.0,104.6,0.0,3,2,active,2026-10-10,remax_en_vivo
59963,SE RENTA CASA QUINTA AMOBLADO EN CONJUNTO PRIVADO,Pifo,casa,arriendo,1250.0,1100.0,3100.0,5,4,active,2026-10-10,remax_en_vivo
59947,RENTA SUITE SECTOR C.C. EL BOSQUE,Rumipamba,departamento,arriendo,550.0,98.0,0.0,1,1,reserved,2026-10-10,remax_en_vivo
59923,SE VENDE CASA EN MIRAVALLE 2,Miravalle 2,casa,venta,355000.0,566.3,0.0,4,3,active,2026-10-10,remax_en_vivo
59922,VENTA GALPÓN COMERCIAL  INVERSIONISTAS,Kennedy,galpon,venta,209500.0,459.0,500.0,0,2,active,2026-10-10,remax_en_vivo
59917,VENTA TERRENO RANCHO SAN FRANCISCO,Nayón,terreno,venta,800000.0,0.0,1027.0,0,0,active,2026-10-10,remax_en_vivo
59905,CASA COMERCIAL EN VENTA – AV. DIEGO VÁSQUEZ D,Contraloria,house_comercial,venta,378000.0,758.0,758.0,6,6,active,2026-10-10,remax_en_vivo
59892,EN VENTA CASA SECTOR LAS ORQUIDEAS LA ECUATORIANA,La Ecuatoriana,casa,venta,112000.0,337.0,180.0,7,4,active,2026-10-10,remax_en_vivo
59874,DEPARTAMENTO A ESTRENAR LA KENNEDY NORTE DE QUITO,Kennedy,departamento,venta,86000.0,134.46,0.0,3,2,reserved,2026-10-10,remax_en_vivo
59868,departamento PB dos patios,Ponciano Alto,departamento,venta,91500.0,122.0,0.0,2,2,active,2026-10-10,remax_en_vivo
59867,LOCAL ARRINDO 80M2 SEGUNDO PISO,Llano Chico,local_comercial,arriendo,450.0,80.0,0.0,0,2,active,2026-10-10,remax_en_vivo
59858,CASA DE VENTA,Bellavista Carretas,casa,venta,160000.0,362.42,370.0,4,3,active,2026-10-10,remax_en_vivo
59850,VENTA HERMOSA CASA EN EL LIMONAR CUMBAYA,El Limonar,casa,venta,360000.0,451.0,0.0,3,3,active,2026-10-10,remax_en_vivo
59834,LUJOSO DEPARTAMENTO 3 DORMITORIOS - GRANDA CENTENO,Granda Centeno,departamento,venta,199900.0,160.0,0.0,3,3,active,2026-10-10,remax_en_vivo
59829,VENTA CASA COMERCIAL SECTOR PONCEANO,Ponciano Alto,house_comercial,venta,275000.0,726.0,500.0,5,5,active,2026-10-10,remax_en_vivo
59828,TERRENO PARA PROYECTO INMOBILIARIO,Quito Tenis,terreno,venta,799000.0,0.0,888.0,0,0,active,2026-10-10,remax_en_vivo
59827,ARRIENDO  DEPARTAMENTO  DE 120 M2 AVDA. LA FLORIDA,Cochapamba Norte,departamento,arriendo,280.0,120.0,0.0,3,2,reserved,2026-10-10,remax_en_vivo
59825,Oportunidad terreno 576m2 y galpón 472m2 Magdalena,La Magdalena,terreno_comercial,venta,395000.0,0.0,576.0,0,0,reserved,2026-10-10,remax_en_vivo
59786,DEPARTAMENTO 2 DORMITORIOS TERRAZAS DEL MORAL,Monteserrin,departamento,venta,139850.0,98.0,0.0,2,2,active,2026-10-10,remax_en_vivo
59780,SE RENTA LOCAL COMERCIAL EN LLANO GRANDE,Calderón (Carapungo),local_comercial,arriendo,250.0,60.0,0.0,0,1,active,2026-10-10,remax_en_vivo
59777,"Departamento de 3 habitaciones, sector San Gabriel",San Gabriel,departamento,venta,143000.0,317.0,0.0,3,2,active,2026-10-10,remax_en_vivo
59761,VENTA DEPARTAMENTO EL UNIVERSO Y SHYRIS,Batan Bajo,departamento,venta,130000.0,144.0,0.0,3,2,active,2026-10-10,remax_en_vivo
59746,VENTA TERRENO - VALLE DE LOS CHILLOS SANGOLQUI,Píntag,terreno,venta,83000.0,0.0,800.0,0,0,reserved,2026-10-10,remax_en_vivo
59739,EDIFICIO COMERCIAL EN VENTA CENTRO NORTE DE QUITO,Rumipamba,edificio_comercial,venta,2200000.0,2151.0,368.15,0,0,active,2026-10-10,remax_en_vivo
59728,DEPARTAMENTO EN VENTA SECTOR EL BOSQUE,Union Nacional,departamento,venta,160000.0,169.71,0.0,3,2,active,2026-10-10,remax_en_vivo
59726,Departamento Duplex de 3 dormitorios en venta,La Floresta,departamento,venta,62000.0,121.71,0.0,3,2,negotiation,2026-10-10,remax_en_vivo
59722,Amplio departamento en venta sector La Pradera,Iñaquito,departamento,venta,180000.0,249.0,0.0,3,2,active,2026-10-10,remax_en_vivo
59719,VENTA Departamento en Cotocollao,Cotocollao,departamento,venta,65000.0,190.0,0.0,5,2,active,2026-10-10,remax_en_vivo
59718,CASA EN VENTA 320 m2 DE TERRENO SECTOR GUAMANI,Heroes Paquisha,casa,venta,74000.0,293.0,320.0,2,4,active,2026-10-10,remax_en_vivo
59702,LOCAL COMERCIAL EN RENTA REAL AUDIENCIA 150m2,Kennedy,local_comercial,arriendo,750.0,110.0,110.0,0,2,active,2026-10-10,remax_en_vivo
59697,QUINTA EN VENTA TABABELA,Tababela,quinta,venta,620000.0,900.0,3105.0,4,3,active,2026-10-10,remax_en_vivo
59692,CONSULTORIO/OFICINA EN VENTA SECTOR VOZANDES,Iñaquito,consultorio,venta,75000.0,66.0,0.0,0,1,active,2026-10-10,remax_en_vivo
59691,SUITE EN VENTA,Union Nacional,departamento,venta,85000.0,61.0,0.0,1,1,active,2026-10-10,remax_en_vivo
59687,EN VENTA / LOCAL DE 103 m2 / SECTOR LA MARISCAL,Mariscal Sucre,local_comercial,venta,49000.0,103.0,0.0,0,2,active,2026-10-10,remax_en_vivo
59669,Departamento 3 dormitorios El Batan,Iñaquito,departamento,venta,140000.0,181.71,0.0,3,2,active,2026-10-10,remax_en_vivo
59661,Vendo oficina de 48m2  sector la mariscal,Mariscal Sucre,oficina,venta,68000.0,47.0,0.0,0,1,active,2026-10-10,remax_en_vivo
59649,DEPARTAMENTO EN VENTA 2 DORM. IÑAQUITO ALTO,Rumipamba,departamento,venta,128000.0,99.82,0.0,1,1,active,2026-10-10,remax_en_vivo
59648,DEPARTAMENTO EN VENTA 3 DORM. IÑAQUITO ALTO,Rumipamba,departamento,venta,133000.0,139.86,0.0,3,2,active,2026-10-10,remax_en_vivo
59647,DEPARTAMENTO EN VENTA 3 DORM. IÑAQUITO ALTO,Rumipamba,departamento,venta,133000.0,134.98,0.0,3,2,active,2026-10-10,remax_en_vivo
59608,En Venta Galpón apto Tecnicentro,Chillogallo,galpon,venta,480000.0,980.0,1150.0,0,1,active,2026-10-10,remax_en_vivo
59606,TERRENO DE VENTA EN PIFO 2.473 M2 CIUDADELA WILSON,San Francisco 2,terreno,venta,180000.0,0.0,2473.0,0,0,active,2026-10-10,remax_en_vivo
59605,GONZALEZ SUAREZ  VENTA DEPARTAMENTO 332 M2 BALCÓN,Iñaquito,departamento,venta,269000.0,340.0,0.0,3,3,active,2026-10-10,remax_en_vivo
59598,Departamento en venta ideal para inversion.,Granda Centeno,departamento,venta,110000.0,142.0,0.0,4,1,active,2026-10-10,remax_en_vivo
59592,VENTA TERRENO RANCHO SAN FRANCISCO,Nayón,terreno,venta,1642000.0,0.0,2053.0,0,0,active,2026-10-10,remax_en_vivo
59572,Oficina de Venta en el Sector Ejido,Ejido,oficina,venta,30000.0,60.0,0.0,0,1,active,2026-10-10,remax_en_vivo
59569,"VENTA DE DEPARTAMENTO,PONCEANO 3 DORMIT, SUPERMAXI",Ponceano,departamento,venta,118000.0,145.27,0.0,3,2,active,2026-10-10,remax_en_vivo
59567,"EN VENTA EXCLUSIVA PROPIEDAD DE LUJO, CENTRO NORTE",Mariscal Sucre,casa,venta,970000.0,1268.0,870.0,7,7,active,2026-10-10,remax_en_vivo
59566,Venta Casa 500 m2 Batán Alto,Batan Alto,casa,venta,510000.0,832.0,0.0,5,5,active,2026-10-10,remax_en_vivo
59565,Venta Casa 265 m² La Loma Grande Centro Histórico,La Loma,casa,venta,168000.0,265.0,97.0,4,2,active,2026-10-10,remax_en_vivo
59558,TERRENO 880 EN VENTA CARCELEN EN 159.900 NEGOCIA,Carcelén,terreno,venta,159900.0,0.0,880.0,0,0,active,2026-10-10,remax_en_vivo
59553,CASA DE VENTA SECTOR CAMPO ALEGRE,Campo Alegre,casa,venta,290000.0,290.0,300.0,3,3,active,2026-10-10,remax_en_vivo
59547,VENDO OFICINAS EN ZONA INDUSTRIAL,Comité Del Pueblo,oficina,venta,1066500.0,1114.0,1114.0,0,8,active,2026-10-10,remax_en_vivo
59523,Venta Terreno 2.500 mt Sector Conocoto La Macarena,Conocoto,terreno,venta,142500.0,0.0,2500.0,0,0,active,2026-10-10,remax_en_vivo
59518,PENTHOUSE INTELIGENTE DE VENTA EN BELLAVISTA,Bellavista,departamento,venta,400000.0,235.0,0.0,3,3,active,2026-10-10,remax_en_vivo
59512,Vendo departamento 192m2 la prensa,Chaupicruz (La Concepcion),departamento,venta,105000.0,192.0,0.0,3,3,active,2026-10-10,remax_en_vivo
59509,"CASA RENTERA EN VENTA, 3 LOCALES,3 DEP,PARQUADEROS",Puengasí,house_comercial,venta,168000.0,466.75,244.0,6,3,active,2026-10-10,remax_en_vivo
59497,Venta Departamento Sector USFQ Cumbayá,Cumbayá,departamento,venta,199900.0,240.0,0.0,2,2,active,2026-10-10,remax_en_vivo
59491,CASA EN VENTA URB. SAN JOSÉ DEL VALLE- CONOCOTO,San Jose Del Valle,casa,venta,135000.0,363.0,540.0,3,2,active,2026-10-10,remax_en_vivo
59488,"Departamento en Venta,  de 237m2, Sector el Bosque",Rumipamba,departamento,venta,178000.0,237.0,0.0,4,3,active,2026-10-10,remax_en_vivo
59487,Departamento como a estrenar en Ponceano,Marsol,departamento,venta,83600.0,107.0,0.0,2,2,active,2026-10-10,remax_en_vivo
59486,VENTA TERRENO 3512 m3 en BELLAVISTA ALTA,Bellavista,terreno,venta,750000.0,0.0,3512.0,0,0,active,2026-10-10,remax_en_vivo
59484,VENTA DE TERRENO EN NAYON,Nayón,terreno,venta,250000.0,0.0,1333.0,0,0,active,2026-10-10,remax_en_vivo
59482,HERMOSA QUINTA EN VENTA EN SAN JOSE DE PUEMBO,San Jose De Puembo,quinta,venta,550000.0,400.0,4066.0,4,2,active,2026-10-10,remax_en_vivo
59480,SUITE EN VENTA EN LA GRANDA CENTENO,Granda Centeno,departamento,venta,83000.0,65.0,0.0,1,1,reserved,2026-10-10,remax_en_vivo
59479,VENTA TERRENO 387m2 SECTOR JIPIJAPA,Jipijapa,terreno_comercial,venta,230000.0,0.0,387.0,0,0,negotiation,2026-10-10,remax_en_vivo
59478,CASA INDEPENDIENTE EN VENTA / ORQUIDEAS / MONJAS,Las Orquideas,casa,venta,110000.0,382.0,174.0,6,3,active,2026-10-10,remax_en_vivo
59477,VENTA CASA DE UNA PLANTA CON PROYECCION A 3 PISOS,Sierra Hermosa,casa,venta,30850.0,72.0,72.0,2,1,active,2026-10-10,remax_en_vivo
59476,PONCEANO SUITE DE VENTA 63M2 PARQUEADERO Y BODEGA,Ponceano,departamento,venta,56000.0,63.0,0.0,1,1,reserved,2026-10-10,remax_en_vivo
59475,Venta de Terreno La Marca,San Antonio,terreno,venta,39500.0,0.0,501.38,0,0,active,2026-10-10,remax_en_vivo
59473,Casa Rentera de Venta en el Sur de Quito,Quitumbe,casa,venta,95000.0,363.0,242.0,6,3,active,2026-10-10,remax_en_vivo
59466,"Departamento en venta, Edificio Idea Uno, Carcelén",Carcelén,departamento,venta,65000.0,132.59,0.0,3,2,active,2026-10-10,remax_en_vivo
59442,CASA EN VENTA EN MIRASIERRA 165 M²,Alangasí,casa,venta,85000.0,164.93,164.93,3,3,active,2026-10-10,remax_en_vivo
59441,CASA DE VENTA EN CONJUNTO PORTALES DEL RECREO,La Ferroviaria,casa,venta,70000.0,142.0,70.0,3,2,active,2026-10-10,remax_en_vivo
59439,Casa con terreno en venta en La Argelia,San Luis,casa,venta,70000.0,144.0,335.72,3,1,active,2026-10-10,remax_en_vivo
59438,TERRENO 620M2 - URBANIZACION EL CONDADO,El Condado,terreno,venta,185000.0,0.0,620.0,0,0,active,2026-10-10,remax_en_vivo
59413,CASA EN VENTA SECTOR POMASQUI,La Union,casa,venta,72000.0,124.93,124.94,2,2,active,2026-10-10,remax_en_vivo
59410,"Terreno 610 m² Plano Sector Alcantarilla, Mitad de",San Antonio,terreno,venta,49000.0,0.0,610.0,0,0,active,2026-10-10,remax_en_vivo
59406,Casa en Venta 270m2 - Sector San Gabriel - Valle,San Gabriel,casa,venta,198000.0,665.0,635.0,5,3,active,2026-10-10,remax_en_vivo
59373,PROPIEDAD COMERCIAL EN VENTA / SAN ISIDRO DEL INCA,La Victoria,casa,venta,320000.0,1090.0,630.0,8,6,active,2026-10-10,remax_en_vivo
59364,Venta Casa Rentera 6 Departamentos en La Armenia,La Armenia 1,house_comercial,venta,280000.0,516.0,262.0,12,10,active,2026-10-10,remax_en_vivo
59354,Oficina Amoblada en Renta – La Pradera,Iñaquito,oficina,arriendo,560.0,85.0,0.0,0,1,negotiation,2026-10-10,remax_en_vivo
59351,rento terreno industrial de 3100 al norte de Quito,Comité Del Pueblo,terreno_comercial,arriendo,2500.0,0.0,3100.0,0,0,active,2026-10-10,remax_en_vivo
59333,"Casa de Venta, Conjunto Galicia, Conocoto",Conocoto,casa,venta,89000.0,147.0,0.0,3,2,active,2026-10-10,remax_en_vivo
59326,OFICINA EN RENTA SECTOR CAROLINA,Benalcazar,oficina,arriendo,660.0,86.0,0.0,0,1,reserved,2026-10-10,remax_en_vivo
59312,VENDO CASA 4 PISOS SECTOR EMBAJADA EEUU,Solca,casa,venta,139000.0,391.3,200.0,4,4,reserved,2026-10-10,remax_en_vivo
59286,CASA ECOLOGICA EN NAYON DE 180M2 1 PISO CON 800M,Nayón,casa,arriendo,1500.0,185.0,800.0,3,2,active,2026-10-10,remax_en_vivo
59274,Venta terreno Calacalí,Calacalí,terreno,venta,200000.0,0.0,9685.0,0,0,active,2026-10-10,remax_en_vivo
59273,CASA INDEPENDIENTE EN VENTA CARCELEN,Corazon De Jesus,casa,venta,63000.0,176.0,100.0,3,1,active,2026-10-10,remax_en_vivo
59180,Departamento 2hab con balcón Bellavista,Bellavista,departamento,venta,153000.0,91.68,0.0,2,2,active,2026-10-10,remax_en_vivo
59179,Departamento 2hab con patio Bellavista,Bellavista,departamento,venta,160000.0,141.47,0.0,2,2,active,2026-10-10,remax_en_vivo
59176,TERRENO EN VENTA EL PORTAL SIMON BOLIVAR,Carcelen,terreno,venta,1100000.0,0.0,8300.0,0,0,active,2026-10-10,remax_en_vivo
59167,terreno en san miguel amagasi,El Inca,terreno,venta,95000.0,0.0,263.0,0,0,active,2026-10-10,remax_en_vivo
59145,CASA EN VENTA ( QUINTA EN VENTA )  SECTOR CARCELEN,Carcelén,terreno,venta,1900000.0,1022.0,8152.0,10,6,active,2026-10-10,remax_en_vivo
59144,"CASA EN VENTA, 11 MIL M2,ZONA RESIDENCIAL,NORTE",Carcelén,terreno,venta,1450000.0,0.0,11000.0,0,0,active,2026-10-10,remax_en_vivo
59143,EDIFICIO EN VENTA CUMBAYÁ,Cumbayá,edificio_comercial,venta,1450000.0,1010.0,0.0,0,0,active,2026-10-10,remax_en_vivo
59139,DEPARTAMENTO EN VENTA A ESTRENAR AMAGASI DEL INCA,El Inca,departamento,venta,113000.0,128.12,0.0,2,2,active,2026-10-10,remax_en_vivo
59138,LOCAL COMERCIAL EN VENTA ZONA POPULAR CALDERON,Calderón (Carapungo),local_comercial,venta,95000.0,107.0,107.0,0,1,active,2026-10-10,remax_en_vivo
59136,"DEPARTAMENTO EN RENTA, AMOBLADO EN MASTODONTES.",Mastodontes,departamento,arriendo,380.0,52.6,0.0,2,1,active,2026-10-10,remax_en_vivo
59135,DEPARTAMENTOS EN CALDERÓN CREDITO VIP y/o DIRECTO,Calderón (Carapungo),departamento,venta,59900.0,89.0,0.0,3,2,active,2026-10-10,remax_en_vivo
59133,VENDO CASA EN CONJUNTO SECTOR TERMINAL CARCELEN,Carretas,casa,venta,62000.0,76.0,0.0,3,2,active,2026-10-10,remax_en_vivo
59128,VENTA CLINICA DENTAL EQUIPADA Y AMOBLADA,La Colon,oficina,venta,53200.0,85.34,0.0,0,2,active,2026-10-10,remax_en_vivo
59115,VENDO LOCAL COMERCIAL DE 54.60M2 EN LLANO GRANDE,El Carmen 2,local_comercial,venta,26000.0,54.6,0.0,0,1,active,2026-10-10,remax_en_vivo
59101,VENDO EXCELENTE TERRENO EN GUAYLLABAMBA,Guayllabamba,terreno,venta,2437960.0,0.0,40632.0,0,0,active,2026-10-10,remax_en_vivo
59100,"Casa en Venta de 3 D en Sta Lucía, Norte de Quito",Coop. Monserrat,casa,venta,117000.0,196.0,57.0,3,3,reserved,2026-10-10,remax_en_vivo
59093,DEPARTAMENTO VENTA FRENTE AL C.C. EL BOSQUE,Rumipamba,departamento,venta,229000.0,337.34,0.0,3,2,active,2026-10-10,remax_en_vivo
59092,DEPARTAMENTO VENTA  EL INCA Y 10 DE AGOSTO,El Inca,departamento,venta,105000.0,223.0,0.0,3,2,reserved,2026-10-10,remax_en_vivo
59071,SE VENDE CASA RENTERA LULUNCOTO,Luluncoto,casa,venta,60000.0,193.0,161.0,6,4,reserved,2026-10-10,remax_en_vivo
59052,Departamento de Lujo en Venta San Fernando,San Fernando,departamento,venta,135000.0,184.0,0.0,2,2,active,2026-10-10,remax_en_vivo
59051,Venta de casa en la Argelia,Lucha De Los Pobres Alto,casa,venta,85000.0,200.0,200.0,5,2,active,2026-10-10,remax_en_vivo
59043,VENTA TERRENO CON PARQUEADERO EN FUNCIONAMIENTO,Ejido,terreno_comercial,venta,240000.0,0.0,748.0,0,0,active,2026-10-10,remax_en_vivo
59027,Oficina 85m2 en CC Plaza del Rancho,Nayón,oficina,arriendo,1145.0,85.0,0.0,0,1,active,2026-10-10,remax_en_vivo
59017,LOCAL COMERCIAL SECTOR PONCEANO,Ponciano Alto,local_comercial,venta,35000.0,40.0,0.0,0,1,reserved,2026-10-10,remax_en_vivo
59015,SE RENTA GALPON DE 790 M2  EN GUAYLLABAMBA,San Rafael,galpon,arriendo,2850.0,791.0,4800.0,0,1,active,2026-10-10,remax_en_vivo
59014,Oficina en Renta de 72m2 Shyris Carolina,La Carolina,oficina,venta,850.0,72.0,0.0,0,2,active,2026-10-10,remax_en_vivo
58989,VENTA DE CASA EN QUITUMBE,Salvador Allende,casa,venta,58500.0,111.56,0.0,3,2,active,2026-10-10,remax_en_vivo
58988,CASA ESQUINERA EN VENTA EN EL SUR DE QUITO,Ejercito Nacional,casa,venta,140000.0,440.79,171.52,3,1,active,2026-10-10,remax_en_vivo
58975,Casa en Venta en Tumbaco,Buena Esperanza,casa,venta,189900.0,260.0,150.0,3,3,active,2026-10-10,remax_en_vivo
58973,VENDO PROPIEDAD COMERCIAL EXCELENTE UBICACION,Iñaquito,house_comercial,venta,408000.0,480.0,480.0,3,3,active,2026-10-10,remax_en_vivo
58957,TERRENO INDEPENDIENTE EN VENTA PUENTE 3 600M2,Conocoto,terreno,venta,49000.0,0.0,600.0,0,0,active,2026-10-10,remax_en_vivo
58953,CASA RENTERA EN EL TRANSITO DE  CHILLOGALLO,Turuba Monjas 2,casa,venta,75000.0,240.51,252.45,10,7,active,2026-10-10,remax_en_vivo
58944,Terreno de venta en Cumbaya independiente,Yanazarapata,terreno_comercial,venta,255000.0,0.0,1100.0,0,0,active,2026-10-10,remax_en_vivo
58943,Terreno de venta en Cumbaya independiente,Yanazarapata,terreno,venta,255000.0,0.0,1100.0,0,0,active,2026-10-10,remax_en_vivo
58919,VENDO MACROLOTE EN GUAYLLABAMBA,Guayllabamba,terreno,venta,9395000.0,0.0,156583.0,0,0,active,2026-10-10,remax_en_vivo
58914,Casa Rentera en Venta - Sector Mitad del Mundo,San Francisco,house_comercial,venta,136900.0,302.9,303.4,6,3,active,2026-10-10,remax_en_vivo
58870,"DEPARTAMENTO DUPLEX EN VENTA, URBANIZACIÓN EL COND",El Condado,departamento,venta,133000.0,232.0,0.0,3,2,active,2026-10-10,remax_en_vivo
58865,"VENDO EDIFICIO MODERNO, SECTOR LA Y, 5 PLANTAS.",Chaupicruz,inversion,venta,2100000.0,1965.0,1225.0,28,0,active,2026-10-10,remax_en_vivo
58857,AMPLIA CASA EN VENTA EN CONJUNTO RESIDENCIAL,Recreo Clemencia,casa,venta,77000.0,136.72,0.0,3,2,active,2026-10-10,remax_en_vivo
58856,"VENTA O RENTA  LOCAL COMERCIAL, LA MAGADALENA",La Magdalena,local_comercial,venta,34000.0,47.0,0.0,0,1,active,2026-10-10,remax_en_vivo
58851,TERRENO EN VENTA - SECTOR MITAD DEL MUNDO,Santo Domingo Alto,terreno,venta,30000.0,0.0,284.0,0,0,active,2026-10-10,remax_en_vivo
58834,Venta de Exclusivo Proyecto de Oficinas - Cumbayá,Jacaranda,edificio_comercial,venta,2000000.0,781.43,0.0,0,0,active,2026-10-10,remax_en_vivo
58833,Se vende Departamento 3 dormitorios Gonzalez Suare,Bellavista,departamento,venta,250000.0,199.0,0.0,3,2,active,2026-10-10,remax_en_vivo
58832,Se Vende Casa Rentera Rentabilidad 15%,Cochapamba,casa,venta,160000.0,500.0,1000.0,7,10,active,2026-10-10,remax_en_vivo
58814,SE RENTA CONSULTORIO,Iñaquito,consultorio,arriendo,350.0,20.0,0.0,1,1,active,2026-10-10,remax_en_vivo
58784,Rento casa en Campoalegre - 4 dormitorios,Campo Alegre,casa,arriendo,2100.0,385.0,0.0,5,4,active,2026-10-10,remax_en_vivo
58781,VENDO TERRENO EN LOMAS DE MONTESERRIN,Jipijapa,terreno,venta,400000.0,0.0,1155.0,0,0,active,2026-10-10,remax_en_vivo
58780,AMPLIA CASA EN VENTA CUMBAYA,Cumbayá,casa,venta,490000.0,927.0,992.0,5,6,active,2026-10-10,remax_en_vivo
58778,Venta de Galpón - Av. De las Avellanas,Comité Del Pueblo,terreno,venta,286928.78,0.0,893.0,0,0,active,2026-10-10,remax_en_vivo
58776,ARRIENDO LOCAL COMERCIAL EN PONCEANO ALTO!,Ponciano Alto,local_comercial,arriendo,400.0,80.0,0.0,0,1,active,2026-10-10,remax_en_vivo
58774,"DEPARTAMENTO AMOBLADO IÑAQUITO ALTO, AMENITIES",Rumipamba,departamento,venta,132000.0,112.94,0.0,2,2,active,2026-10-10,remax_en_vivo
58769,Rento oficina - Av. Granda Centeno,Granda Centeno,oficina,arriendo,350.0,75.0,0.0,0,1,active,2026-10-10,remax_en_vivo
58752,EL QUINCHE – URAPAMBA | VENDO EXCELENTE PROPIEDAD,El Quinche,terreno,venta,1000000.0,0.0,37500.0,0,0,reserved,2026-10-10,remax_en_vivo
58725,DEPARTAMENTO EN VENTA CONJUNTO DIVINO NIÑO,Chillogallo,departamento,venta,24000.0,68.43,0.0,2,1,reserved,2026-10-10,remax_en_vivo
58712,"DEPARTAMENTO EN VENTA 3D, COLLALOMA NORTE DE QUITO",Comité Del Pueblo,departamento,venta,51000.0,94.0,0.0,3,2,active,2026-10-10,remax_en_vivo
58709,SUITE EN VENTA - EDIF OH - GONZÁLEZ SUÁREZ,Gonzalez Suarez,departamento,venta,145000.0,115.0,0.0,1,1,active,2026-10-10,remax_en_vivo
58706,Casa Rentera en Venta – Sector El Recreo,Recreo Clemencia,house_comercial,venta,170000.0,424.38,300.0,3,8,active,2026-10-10,remax_en_vivo
58702,Departamento a Estrenar Sector Monteserrin,Jipijapa,departamento,venta,114000.0,95.65,0.0,2,2,active,2026-10-10,remax_en_vivo
58701,VENTA DE TERRENO EN ONTANEDA ALTO,Ontaneda Alto,terreno,venta,48000.0,0.0,1000.0,0,0,active,2026-10-10,remax_en_vivo
58696,Venta de Quinta en Pintag,Ubilus 2,quinta,venta,215000.0,88640.0,0.0,4,2,active,2026-10-10,remax_en_vivo
58695,"Casa en Venta Sector California Alta, Kennedy",California Bonanza,casa,venta,140000.0,219.0,219.0,4,4,active,2026-10-10,remax_en_vivo
58690,CASA EN VENTA - SAN LUÍS DE CALDERÓN,Calderón (Carapungo),casa,venta,63000.0,110.16,110.16,3,2,active,2026-10-10,remax_en_vivo
58662,CASA PARA OFICINAS  FRENTE AL PORTAL SHOPPING,Calderón (Carapungo),house_comercial,arriendo,2000.0,580.0,0.0,4,3,active,2026-10-10,remax_en_vivo
58660,SECTOR WHYMPER VENDO TERRENO 500 M2,Iñaquito,house_comercial,venta,780000.0,500.0,500.0,3,2,active,2026-10-10,remax_en_vivo
58659,VENDO DEPARTAMENTO DE 4 DORMITORIOS AV. COLÓN,Mariscal Sucre,departamento,venta,105000.0,200.0,0.0,4,3,active,2026-10-10,remax_en_vivo
58657,CASA PATRIMONIADA DE VENTA REMODELADA,Belisario Quevedo,house_comercial,venta,449000.0,803.0,480.0,4,4,active,2026-10-10,remax_en_vivo
58650,"Casa en Venta, Santa Inés, Cumbaya",Cumbayá,casa,venta,188000.0,325.0,80.0,3,2,active,2026-10-10,remax_en_vivo
58647,¡CASA EN OBRA GRIS EN VENTA SECTOR GUAMANÍ,Turubamba De Monjas,casa,venta,78400.0,310.0,0.0,5,4,active,2026-10-10,remax_en_vivo
58646,"MACROLOTE 5,9 HAS EN TABABELA PROYECCIÓN COMERCIAL",San Antonio,terreno_comercial,venta,8000000.0,0.0,59272.45,0,0,active,2026-10-10,remax_en_vivo
58644,Terreno de Venta en Puengasi,Puengasí,terreno,venta,55000.0,0.0,400.0,0,0,active,2026-10-10,remax_en_vivo
58643,Casa rentera de Venta en Puengasi,Puengasí,house_comercial,venta,90000.0,412.0,400.0,6,3,active,2026-10-10,remax_en_vivo
58641,SE VENDE DEPARTAMENTO 2 HABITACIONES MONTESERRIN,Monteserrin,departamento,venta,120000.0,126.0,0.0,2,2,active,2026-10-10,remax_en_vivo
58578,"VENDO AMPLIO TERRENO INDEPENDIENTE, CONOCOTO",Conocoto,terreno,venta,435000.0,0.0,5031.0,0,0,active,2026-10-10,remax_en_vivo
58447,"EN VENTA CASA , SECTOR LA PAMPA, POMASQUI.",La Pampa,casa,venta,260000.0,504.0,567.0,6,4,active,2026-10-10,remax_en_vivo
58446,"Casa en Venta Urb. 11 de Junio, Vía a Pintag",Alangasí,casa,venta,140000.0,120.0,120.0,3,2,active,2026-10-10,remax_en_vivo
58434,CASA EN VENTA CALDERON 3HAB,San Jose Alto,casa,venta,85000.0,142.47,150.85,3,3,active,2026-10-10,remax_en_vivo
58421,Departamento Seguro,Ponceano,departamento,venta,55000.0,70.28,0.0,2,1,active,2026-10-10,remax_en_vivo
58413,Estética en Renta - cerca del Hotel Marriot,Mariscal Sucre,local_comercial,arriendo,1000.0,309.0,0.0,0,8,active,2026-10-10,remax_en_vivo
58405,"TERRENO EN VENTA PUENGASI, SECTOR PUENTE 2",Puengasí,terreno,venta,45000.0,0.0,327.88,0,0,active,2026-10-10,remax_en_vivo
58391,DEPARTAMENTO EN VENTA – NORTE DE QUITO - POMASQUI,Pomasqui,departamento,venta,79000.0,158.0,0.0,3,1,active,2026-10-10,remax_en_vivo
58390,VENTA OFICINA AV SHYRIS / CAROLINA / 132m2,La Carolina,oficina,venta,110000.0,132.27,0.0,0,2,active,2026-10-10,remax_en_vivo
58360,CASA CAMPESTRE EN PUEMBO,Puembo,casa,venta,160000.0,282.0,0.0,3,2,active,2026-10-10,remax_en_vivo
58359,DEPARTAMENTO DÚPLEX INDEPENDIENTE EN VENTA,Andalucia,departamento,venta,93700.0,227.0,0.0,4,2,active,2026-10-10,remax_en_vivo
58351,LOCAL DE VENTA EN EL CENTRO HISTORICO,Centro Histórico,local_comercial,venta,146000.0,211.0,0.0,0,2,reserved,2026-10-10,remax_en_vivo
58345,EN VENTA DEPARTAMENTO 2D - EL CONDADO,Santa Isabel,departamento,venta,78955.0,114.08,0.0,2,1,reserved,2026-10-10,remax_en_vivo
58344,VENTA TERRENO ZONA COMERCIAL CUMBAYA,Cumbayá,terreno_comercial,venta,1500000.0,0.0,2392.0,0,0,active,2026-10-10,remax_en_vivo
58342,"En venta Terreno, Sector Mirasierra",Mirasierra,terreno,venta,179800.0,0.0,1002.0,0,0,active,2026-10-10,remax_en_vivo
58333,Se vende departamento 3 dormitorios Union Nacional,Union Nacional,departamento,venta,95000.0,196.73,0.0,3,2,reserved,2026-10-10,remax_en_vivo
58327,DEPARTAMENTO EN VENTA SECTOR ITCHIMBIA,Julio Moreno,departamento,venta,111300.0,116.57,0.0,2,2,active,2026-10-10,remax_en_vivo
58326,DEPARTAMENTO EN VENTA EL DORADO,Julio Moreno,departamento,venta,155800.0,167.953,0.0,3,2,active,2026-10-10,remax_en_vivo
58320,Departamento Amoblado en Renta,Itchimbia,departamento,arriendo,450.0,120.0,0.0,2,1,active,2026-10-10,remax_en_vivo
58310,CASA CONJUNTO VILLAS SORRENTO – SECTOR STA. LUCIA,Kennedy,casa,venta,138000.0,203.13,124.0,4,3,reserved,2026-10-10,remax_en_vivo
58302,"Departamento de 3 habitaciones, Sector Yaguachi",Yaguachi,departamento,venta,68000.0,158.0,0.0,3,2,active,2026-10-10,remax_en_vivo
58299,"Departamento 3 habitaciones, Sector Yaguachi",Chilibulo,departamento,venta,74000.0,159.0,0.0,3,2,active,2026-10-10,remax_en_vivo
58289,Departamento de Venta en Ponceano,La Ofelia,departamento,venta,46000.0,61.86,0.0,3,1,active,2026-10-10,remax_en_vivo
58286,DPTO. 3 HAB. URB. JARDINES DE AMAGASI CON BALCO,Jardines de amagasi,departamento,venta,124500.0,155.0,0.0,3,2,active,2026-10-10,remax_en_vivo
58269,OPORTUNID CASA RENTERA EN VENTA COMITE DEL PUEBLO,Cristiania,casa,venta,79000.0,324.0,324.0,9,7,active,2026-10-10,remax_en_vivo
58265,EDIFICIO RENTERO EN CENTRO HISTORICO,Centro Histórico,edificio_completo,venta,325000.0,1082.0,400.0,0,0,active,2026-10-10,remax_en_vivo
58262,"CORUÑA, CASA DE VENTA EN CONJUNTO 3D",Iñaquito,casa,venta,155000.0,181.0,200.0,3,3,negotiation,2026-10-10,remax_en_vivo
58258,OFICINA EN RENTA - LA CRISTIANIA,Cristiania,oficina,arriendo,1400.0,323.31,0.0,0,4,active,2026-10-10,remax_en_vivo
58225,Plaza Comercial Esquinera en Playa Chica,Alangasí,terreno_comercial,venta,950000.0,0.0,1248.0,0,0,active,2026-10-10,remax_en_vivo
58223,Venta Casa Conjunto Viña de Pomasqui,Pomasqui,casa,venta,66900.0,127.0,127.0,3,2,active,2026-10-10,remax_en_vivo
58219,VENTA CASA CONJUNTO MARCEILLA - TUMBACO,Tumbaco,casa,venta,110000.0,154.05,2148.84,3,2,active,2026-10-10,remax_en_vivo
58218,VENTA DEPARTAMENTO  SECTOR CUMBAYA - USFQ,Cumbayá,casa,venta,180000.0,227.0,224.0,3,2,active,2026-10-10,remax_en_vivo
58216,CASA DE VENTA CONOCOTO,Conocoto,casa,venta,81250.0,149.0,142.0,2,2,reserved,2026-10-10,remax_en_vivo
58213,Terrenos en Venta-  Puerto Quito,Nanegalito,terreno,venta,23000.0,0.0,10000.0,0,0,active,2026-10-10,remax_en_vivo
58212,VENTA TERRENO PIFO 1000 METROS,Pifo,terreno,venta,60000.0,0.0,1000.0,0,0,active,2026-10-10,remax_en_vivo
58211,VENTA DEPARTAMENTO 3 DORMITORIOS CUMBAYA,Cumbayá,departamento,venta,190000.0,152.0,0.0,3,3,active,2026-10-10,remax_en_vivo
58210,VENTA CASA 3 DORMITORIOS VALLE DE LOS CHILLOS,Conocoto,casa,venta,110000.0,182.0,0.0,3,3,active,2026-10-10,remax_en_vivo
58205,Departamento a Estrenar de Venta  Sector Itchimbía,Julio Moreno,departamento,venta,93100.0,79.95,0.0,1,1,active,2026-10-10,remax_en_vivo
58201,EN VENTA DEPARTAMENTO 2D - EL CONDADO,Santa Isabel,departamento,venta,79475.0,110.46,0.0,2,1,reserved,2026-10-10,remax_en_vivo
58200,CASA RENTERA EN VENTA QUITUMBE - PUEBLO UNIDO 8%+,Pueblo Unido,casa,venta,127000.0,337.58,200.0,11,5,active,2026-10-10,remax_en_vivo
58175,Hermosa casa en venta en Conocoto,Conocoto,casa,venta,93000.0,96.97,96.97,3,2,reserved,2026-10-10,remax_en_vivo
58171,"La Gasca, Casa con 2 departamentos, terreno 360m2",La Gasca,casa,venta,189500.0,372.0,360.0,6,6,reserved,2026-10-10,remax_en_vivo
58170,Casa 4 habitaciones en Conjunto Pomasqui,Pomasqui,casa,venta,84500.0,170.0,90.0,4,3,active,2026-10-10,remax_en_vivo
58164,Casa Familiar 4 habitaciones y solarium,Cochapamba,casa,venta,85000.0,162.0,0.0,4,2,active,2026-10-10,remax_en_vivo
58159,"CASA INDEPENDIENTE EN VENTA, PONCEANO ALTO 270M2",Ponciano Alto,casa,venta,153000.0,270.0,200.0,4,3,active,2026-10-10,remax_en_vivo
58125,EN VENTA DEPARTAMENTO 2D - EL CONDADO,Santa Isabel,departamento,venta,78475.0,110.44,0.0,2,1,reserved,2026-10-10,remax_en_vivo
58119,"TERRENO EN VENTA PINTAG, COMUNA 4 DE OCTUBRE",Comite 4 de Octubre,terreno,venta,22000.0,0.0,300.0,0,0,active,2026-10-10,remax_en_vivo
58110,VENDO EDIFICIO COMERCIAL SECTOR COLEGIO BENALCAZAR,Benalcazar,edificio_comercial,venta,949000.0,1392.64,512.7,0,0,active,2026-10-10,remax_en_vivo
58109,"Casa en Venta  Conj. Sol de Miami,  Av. Galo Plaza",Carcelen,casa,venta,55500.0,100.0,100.0,3,1,active,2026-10-10,remax_en_vivo
58107,¡SE VENDE EDIFICIO COMERCIAL!,Inaquito,edificio_comercial,venta,1300000.0,2749.0,520.0,0,0,active,2026-10-10,remax_en_vivo
58103,CASA INDEPENDIENTE DE 4 DORMITORIOS EN TANDA,San Francisco de Tanda,casa,venta,320000.0,317.0,858.0,4,3,active,2026-10-10,remax_en_vivo
58102,"QUITO TENIS, UN SOLO ANDAR DE 3D REMODELADO",Rumipamba,departamento,venta,149000.0,163.0,0.0,3,2,active,2026-10-10,remax_en_vivo
58100,DEPARTAMENTO DUPLEX 580 M2 DE 3D,Cochapamba,departamento,arriendo,2200.0,580.0,0.0,3,2,active,2026-10-10,remax_en_vivo
58099,TERRENO VENDO EN PUEMBO EN CONJUNTO,Puembo,terreno,venta,180000.0,0.0,819.0,0,0,active,2026-10-10,remax_en_vivo
58098,VENTA DEPARTAMENTO NUEVO - PUSUQUÍ,Pusuqui 1,departamento,venta,115000.0,142.37,0.0,3,3,active,2026-10-10,remax_en_vivo
58094,"DEPARTAMENTO A REMODELAR 161 M2, BELLAVISTA",Bellavista,departamento,venta,128000.0,161.0,0.0,3,2,active,2026-10-10,remax_en_vivo
58093,EL INCA TERRENO DE VENTA AVENIDA PRINCIPAL,El Inca,terreno,venta,860000.0,0.0,1120.0,0,0,active,2026-10-10,remax_en_vivo
58092,"BELLAVISTA, BOSSANO SUITE AMOBLADA RENTO",Bellavista,departamento,arriendo,520.0,65.0,0.0,1,1,active,2026-10-10,remax_en_vivo
58091,"BELLAVISTA DEPT EN PB CON PATIO, 1 D Y ESTUDIO",Bellavista,departamento,venta,105000.0,110.3,0.0,2,1,active,2026-10-10,remax_en_vivo
58090,VENDO DEPARTAMENTO EN BELLAVISTA DE 3D EN URB.,Bellavista,departamento,venta,195000.0,212.0,0.0,3,3,active,2026-10-10,remax_en_vivo
58088,Vendo Dpto Duplex Quito Tenis 3 Dorm,Rumipamba,departamento,venta,235000.0,411.0,0.0,3,4,active,2026-10-10,remax_en_vivo
58080,Venta departamento en la Granda Centeno,Rumipamba,departamento,venta,125000.0,145.86,0.0,3,2,active,2026-10-10,remax_en_vivo
58064,"¡Oportunidad única en Calderón! Espacio, comodidad",Jose Teran,house_comercial,venta,415000.0,1000.0,1000.0,3,3,active,2026-10-10,remax_en_vivo
58060,Ubicada en una zona estratégica del norte de Quito,San Fernando,casa,venta,89500.0,162.0,0.0,3,2,active,2026-10-10,remax_en_vivo
58056,Venta departamento 86 m2 El Batán,Iñaquito,departamento,venta,90000.0,110.0,0.0,2,2,active,2026-10-10,remax_en_vivo
58053,En Venta Propiedad Industrial - Av. Real Audiencia,Marsol,terreno_comercial,venta,1250000.0,0.0,3293.0,4,4,active,2026-10-10,remax_en_vivo
58039,DEPARTAMENTO EN VENTA CHILLOGALLO LAS CUADRAS,Chillogallo,departamento,venta,31900.0,77.46,77.46,2,1,active,2026-10-10,remax_en_vivo
57974,CASA DE CAMPO EN VENTA PIFO SECTOR MULAUCO,Pifo,casa,venta,50000.0,400.0,400.0,2,2,active,2026-10-10,remax_en_vivo
57970,SUITE AMOBLADA EN VENTA LA CAROLINA,Iñaquito,departamento,venta,139000.0,79.89,0.0,1,1,active,2026-10-10,remax_en_vivo
57968,Departamento en Venta Quiteño Libre Bellavista,Bellavista,departamento,venta,198000.0,234.0,0.0,3,3,active,2026-10-10,remax_en_vivo
57896,"Venta de terreno, sector cordillera de cotocollao",El Condado,terreno,venta,20000.0,0.0,188.61,0,0,active,2026-10-10,remax_en_vivo
57861,Exclusivo departamento 3 dormitorios La Paz,Iñaquito,departamento,venta,185000.0,288.0,0.0,3,3,active,2026-10-10,remax_en_vivo
57858,TERRENO EN VENTA – URB. LA PAMPA | POMASQUI,La Pampa,terreno,venta,89900.0,0.0,536.0,0,0,active,2026-10-10,remax_en_vivo
57857,Venta Departamento Batán Alto 2 Dorm.,Batan Alto,departamento,venta,95000.0,100.0,0.0,2,2,reserved,2026-10-10,remax_en_vivo
57832,Departamento en Venta Conjunto Más Exclusivo de Qu,Chaupicruz (La Concepcion),departamento,venta,420000.0,306.0,0.0,4,4,active,2026-10-10,remax_en_vivo
57820,Venta edificio 650 m2  Las Casas,Rumipamba,edificio_completo,venta,320000.0,650.0,650.0,0,0,active,2026-10-10,remax_en_vivo
57794,TERRENO EN VENTA EN PUEMBO,Puembo,terreno,venta,159500.0,0.0,561.0,0,0,active,2026-10-10,remax_en_vivo
57787,Casa 3D en venta - San Jose de Moran,San Jose de Moran,casa,venta,48000.0,145.96,70.0,3,1,reserved,2026-10-10,remax_en_vivo
57771,CASA EN VENTA DE 859m2 /1000m2 TERRENO MIRAVALLE,Rincón del Valle,casa,venta,590000.0,1000.0,1000.0,5,6,active,2026-10-10,remax_en_vivo
57751,TERRENO EN VENTA EN CONOCOTO,Conocoto,terreno,venta,45000.0,0.0,256.0,0,0,active,2026-10-10,remax_en_vivo
57743,Vendo departamento  Duplex Monjas 187 m2,Jardin del Valle,casa,venta,114000.0,253.0,320.0,4,3,active,2026-10-10,remax_en_vivo
57742,Venta Terreno Tumbaco Hilacril 1.133 m² Exclusiva,Tumbaco,terreno,venta,254000.0,0.0,1096.0,0,0,active,2026-10-10,remax_en_vivo
57656,EN VENTA MODERNO PENTHOUSE QUITO TENNIS,Quito Tenis,departamento,venta,324900.0,463.0,0.0,3,4,active,2026-10-10,remax_en_vivo
57644,VENDO TERRENO DE 400M2 EN EL TELÉGRAFO,Iñaquito,terreno,venta,450000.0,340.0,400.0,0,0,active,2026-10-10,remax_en_vivo
57642,CASA DE 4D DORMITORIOS URB. EN BELLAVISTA,Bellavista,casa,venta,410000.0,483.7,421.0,4,3,active,2026-10-10,remax_en_vivo
57633,"RENTO DEP AMOBLADO DE 3 HAB, 2 PARQ, PISO 5 ASCENS",Solca,departamento,arriendo,650.0,138.0,0.0,3,2,active,2026-10-10,remax_en_vivo
57614,CASA UNIFAMILIAR EN VENTA| SECTOR EL RECREO | SUR,La Ferroviaria,casa,venta,180000.0,513.4,0.0,3,1,active,2026-10-10,remax_en_vivo
57590,Casa en Venta en Conjunto Katari – La Morita 2,Tumbaco,casa,venta,185000.0,230.12,215.92,3,2,active,2026-10-10,remax_en_vivo
57589,Casa en Venta en Conjunto Katari – La Morita 2,Tumbaco,casa,venta,181500.0,237.97,223.75,3,2,active,2026-10-10,remax_en_vivo
57588,Casa en Venta en Conjunto Katari – La Morita 2,Tumbaco,casa,venta,181000.0,225.41,212.16,3,2,active,2026-10-10,remax_en_vivo
57579,CASA EN VENTA SUR DE QUITO PRECIO FIJO,La Mena,casa,venta,39000.0,115.43,200.0,3,2,active,2026-10-10,remax_en_vivo
57574,asa en Venta Conjunto Katari – La Morita 2,Tumbaco,casa,venta,241800.0,343.36,329.0,3,3,active,2026-10-10,remax_en_vivo
57573,Casa en Venta Conjunto Katari – La Morita 2,Tumbaco,casa,venta,259500.0,298.31,281.67,3,3,active,2026-10-10,remax_en_vivo
57570,TERRENO EN VENTA EN PUEMBO,Puembo,terreno,venta,450000.0,0.0,2500.0,0,0,active,2026-10-10,remax_en_vivo
57546,VENTA BODEGA 880 m2 TABABELA ZONA MEDIANO IMPACTO,Oyambarillo,baulera,venta,968000.0,1200.0,1100.0,0,0,active,2026-10-10,remax_en_vivo
57545,BODEGA 993 m2 ZONA TABABELA MEDIANO IMPACTO,Tababela,baulera,venta,1092000.0,1313.0,0.0,0,0,active,2026-10-10,remax_en_vivo
57544,BODEGA 1000 m2 ZONA IND. TABABELA MEDIANO IMPACTO,Tababela,baulera,venta,1100000.0,1320.0,0.0,0,0,active,2026-10-10,remax_en_vivo
57543,BODEGA 1763 m2 ZONA IND. TABABELA MEDIANO IMPACTO,Tababela,baulera,venta,1940000.0,2363.0,0.0,0,0,active,2026-10-10,remax_en_vivo
57542,BODEGA 1603m2 ZONA IND. TABABELA MEDIANO IMPACTO,Tababela,baulera,venta,1764000.0,2003.0,0.0,0,0,active,2026-10-10,remax_en_vivo
57541,BODEGA 1271m2 ZONA IND. TABABELA MEDIANO IMPACTO,Tababela,baulera,venta,1398000.0,1591.0,0.0,0,0,active,2026-10-10,remax_en_vivo
57540,BODEGA 1271m2 ZONA IND. TABABELA MEDIANO IMPACTO,Tababela,baulera,arriendo,8260.0,1591.0,0.0,0,0,active,2026-10-10,remax_en_vivo
57538,BODEGA 1763 m2 ZONA IND. TABABELA MEDIANO IMPACTO,Tababela,baulera,arriendo,11460.0,2363.0,0.0,0,0,active,2026-10-10,remax_en_vivo
57537,BODEGA 1000 m2 ZONA IND. TABABELA MEDIANO IMPACTO,Tababela,baulera,arriendo,6500.0,1320.0,0.0,0,0,active,2026-10-10,remax_en_vivo
57536,BODEGA 993 m2 ZONA TABABELA MEDIANO IMPACTO,Tababela,baulera,arriendo,6450.0,1313.0,0.0,0,0,active,2026-10-10,remax_en_vivo
57535,VENTA BODEGA 880 m2 TABABELA ZONA MEDIANO IMPACTO,Oyambarillo,baulera,arriendo,5720.0,1200.0,1100.0,0,0,active,2026-10-10,remax_en_vivo
57534,LOTE INDUSTRIAL 14090 M2 MEDIANO IMPACTO Chaupi M,Tababela,terreno_comercial,venta,1972600.0,0.0,14090.0,0,0,active,2026-10-10,remax_en_vivo
57533,LOTE INDUSTRIAL 8000 M2 MEDIANO IMPACTO,Tababela,terreno_comercial,venta,1040000.0,0.0,8000.0,0,0,active,2026-10-10,remax_en_vivo
57532,LOTE INDUSTRIAL 7000 M2 MEDIANO IMPACTO,Tababela,terreno_comercial,venta,840000.0,0.0,7000.0,0,0,active,2026-10-10,remax_en_vivo
57531,LOTE INDUSTRIAL 6001 M2 MEDIANO IMPACTO,Tababela,terreno_comercial,venta,1020000.0,0.0,6001.0,0,0,active,2026-10-10,remax_en_vivo
57530,LOTE INDUSTRIAL 7282 M2 MEDIANO IMPACTO,Tababela,terreno_comercial,venta,1310760.0,0.0,7282.0,0,0,active,2026-10-10,remax_en_vivo
57529,OFICINA 19 M2 ITULCACHI . PIFO EN CENTRO LOGISTICO,Itulcachi,oficina,arriendo,190.0,19.0,0.0,0,1,active,2026-10-10,remax_en_vivo
57521,CASA DE VENTA LA ARMENIA 2- CONOCOTO,Armenia 2,casa,venta,129800.0,196.0,180.0,3,2,active,2026-10-10,remax_en_vivo
57510,Oficina remodelada - sector 12 de Octubre,Ejido,oficina,venta,98000.0,146.0,0.0,0,3,active,2026-10-10,remax_en_vivo
57485,"CASA EN VENTA SECTOR URB. JULIO MATOVELLE, KENNEDY",Julio Matovelle,casa,venta,145000.0,202.52,145.2,4,4,reserved,2026-10-10,remax_en_vivo
57467,CASA EN VENTA - CONOCOTO - URBANIZACION EXCLUSIVA,Conocoto,casa,venta,182000.0,402.0,637.86,7,4,active,2026-10-10,remax_en_vivo
57464,CASA COMERCIAL EN VENTA - KENNEDY,Kennedy,house_comercial,venta,199000.0,301.5,290.95,6,4,active,2026-10-10,remax_en_vivo
57462,SE VENDE CASA LOCALES + DEPARTAMENTOS PRECIO FIJO,Guamaní,casa,venta,130000.0,350.07,250.0,16,4,active,2026-10-10,remax_en_vivo
57458,SE VENDE CASA RENTERA PRECIO FIJO 8 DEPARTAMENTOS,Guamaní,casa,venta,160000.0,610.91,250.0,3,1,active,2026-10-10,remax_en_vivo
57433,"SOLCA DEP. VENTA 2 HAB POR ESTRENAR 81 M², PARQ. B",Solca,departamento,venta,91580.0,163.0,0.0,2,2,active,2026-10-10,remax_en_vivo
57430,DEPARTAMENTO 2 DORMITORIOS AMOBLADO EL BOSQUE,Rumipamba,departamento,arriendo,870.0,137.0,0.0,2,2,active,2026-10-10,remax_en_vivo
57424,Amplia casa 3 hab. sector Embajada Americana,San Isidro Del Inca,casa,venta,112900.0,177.0,0.0,3,2,active,2026-10-10,remax_en_vivo
57319,SE VENDE CASA  EN CONJUNTO DOS HEMISFERIOS,Pomasqui,casa,venta,75000.0,150.5,166.98,3,3,reserved,2026-10-10,remax_en_vivo
57308,"VENTA CASA,  EN CONJUNTO RESIDENCIAL, AMPLIA",Conocoto,casa,venta,107000.0,199.12,150.0,3,3,active,2026-10-10,remax_en_vivo
57304,CASA EN VENTA SAN VICENTE LA FLORIDA ALTA,San Vicente De La Florida,casa,venta,62000.0,167.0,167.0,3,3,reserved,2026-10-10,remax_en_vivo
57290,Terreno 1395m2 Catequilla San Antonio de Pichincha,Catequilla,terreno,venta,106000.0,0.0,1395.0,0,0,active,2026-10-10,remax_en_vivo
57280,ARRIENDO LOCAL AMOBLADO PARA VETERINARIA,Cochapamba,local_comercial,arriendo,1850.0,350.0,0.0,0,1,active,2026-10-10,remax_en_vivo
57278,"SAN BLAS, CASA RENTERA DE VENTA",Centro Histórico,casa,venta,165000.0,419.0,244.0,6,3,active,2026-10-10,remax_en_vivo
57277,"QUITO TENIS, CASA EN CONJUNTO DE VENTA 3D",Cochapamba,casa,venta,240000.0,432.0,432.0,3,3,active,2026-10-10,remax_en_vivo
57275,Vendo terreno Tumbaco de 17698 m2,Tumbaco,terreno,venta,2100000.0,0.0,17698.0,0,0,active,2026-10-10,remax_en_vivo
57259,VENDO DEPARTAMENTO 120M2  NUÑEZ DE VELA,Iñaquito,departamento,venta,100000.0,120.0,0.0,3,2,active,2026-10-10,remax_en_vivo
57246,"VENTA DE PROPIEDAD RENTABLE, UBICADO EN CARAPUNGO",Calderón (Carapungo),edificio_comercial,venta,169000.0,223.36,0.0,0,0,active,2026-10-10,remax_en_vivo
57208,Venta de Penthouse Dúplex de Lujo en Edificio MAID,Cumbayá,penthouse,venta,683000.0,598.04,0.0,4,4,active,2026-10-10,remax_en_vivo
57199,SUITE EN VENTA POR ESTRENAR ATIKA CLUB PONCEANO,Ponciano Alto,departamento,venta,80000.0,56.0,0.0,1,1,reserved,2026-10-10,remax_en_vivo
57195,DEPARTAMENTO EN VENTA,Conocoto,departamento,venta,39800.0,52.0,0.0,2,1,reserved,2026-10-10,remax_en_vivo
57161,LOCAL 7 DE RENTA EN CALDERON,Calderón (Carapungo),local_comercial,arriendo,400.0,30.0,0.0,0,2,reserved,2026-10-10,remax_en_vivo
57157,Departamento en Venta de 2 Dorm en Platinum Plaza,Jipijapa,departamento,venta,78000.0,61.0,0.0,2,2,reserved,2026-10-10,remax_en_vivo
57155,PROPIEDAD COMERCIAL EN VENTA - SANTA BARBARA,Santa Barbara Baja,house_comercial,venta,465000.0,1656.24,1143.76,16,8,active,2026-10-10,remax_en_vivo
57117,EN VENTA DEPARTAMENTO 2 DORMITORIOS POR ESTRENAR,Comité Del Pueblo,departamento,venta,98963.0,93.0,0.0,2,1,active,2026-10-10,remax_en_vivo
57116,EN VENTA DEPARTAMENTO POR ESTRENAR SANTA LUCIA,Comité Del Pueblo,departamento,venta,120587.0,136.0,0.0,3,2,active,2026-10-10,remax_en_vivo
57115,DEPARTAMENTO ESTRENAR 3 DORMITORIOS SANTA LUCÍA,Santa Lucia Baja,departamento,venta,123500.0,129.0,0.0,3,2,active,2026-10-10,remax_en_vivo
57093,"SOLCA POR ESTRENAR DEP. VENTA 3 HAB 109M², PARQ. B",Solca,departamento,venta,118970.0,217.97,0.0,3,2,active,2026-10-10,remax_en_vivo
57063,EDIFICIO COMERCIAL EN VENTA EN AV. 10 DE AGOSTO,Belisario Quevedo,edificio_comercial,venta,1800000.0,4172.0,639.0,0,0,active,2026-10-10,remax_en_vivo
57034,VENTA TERRENO TUMBACO,S. Antonio Tolagasi,terreno_comercial,venta,1370000.0,0.0,5450.0,0,0,active,2026-10-10,remax_en_vivo
57032,ESTUDIO EN VENTA QAPITAL U&S,Bellavista,departamento,venta,76000.0,32.0,0.0,1,1,reserved,2026-10-10,remax_en_vivo
57030,ESTUDIO EN VENTA QAPITAL U&S,Bellavista,departamento,venta,76000.0,32.0,0.0,1,1,reserved,2026-10-10,remax_en_vivo
56986,VENDO CASAS POR ESTRENAR,San Antonio,departamento,venta,59900.0,116.0,0.0,3,2,active,2026-10-10,remax_en_vivo
56950,VENTA DE DEPARTAMENTO EN PLANTA BAJA,Union Nacional,departamento,venta,90000.0,230.06,0.0,3,2,active,2026-10-10,remax_en_vivo
56945,Venta departamento por estrenar sector La Gasca,Belisario Quevedo,departamento,venta,102500.0,106.81,0.0,2,2,active,2026-10-10,remax_en_vivo
56944,Venta departamento por estrenar sector La Gasca,Belisario Quevedo,departamento,venta,118000.0,121.53,0.0,2,2,active,2026-10-10,remax_en_vivo
56918,Venta oficina/local por estrenar sector La Gasca,Belisario Quevedo,oficina,venta,75000.0,88.15,0.0,0,1,active,2026-10-10,remax_en_vivo
56917,Venta departamento por estrenar sector La Gasca,Belisario Quevedo,departamento,venta,104500.0,118.66,0.0,2,2,active,2026-10-10,remax_en_vivo
56916,Venta departamento por estrenar sector La Gasca,Belisario Quevedo,departamento,venta,120000.0,132.77,0.0,2,2,active,2026-10-10,remax_en_vivo
56915,Venta departamento por estrenar sector La Gasca,Belisario Quevedo,departamento,venta,83500.0,89.39,0.0,2,1,active,2026-10-10,remax_en_vivo
56886,EN VENTA DEPARTAMENTO 3D - EL CONDADO,Santa Isabel,departamento,venta,87536.0,124.01,0.0,3,2,active,2026-10-10,remax_en_vivo
56885,EN VENTA DEPARTAMENTO 2D - EL CONDADO,Santa Isabel,departamento,venta,78955.0,110.34,0.0,2,1,active,2026-10-10,remax_en_vivo
56826,CASA EN VENTA | 599 m² TOTALES EN URBANIZACIÓN,Conocoto,casa,venta,199000.0,599.0,599.0,4,2,active,2026-10-10,remax_en_vivo
56814,Venta casa comercial,Pueblo Solo Pueblo,casa,venta,185000.0,600.62,243.85,8,4,active,2026-10-10,remax_en_vivo
56802,"Departamento en Venta, sector El Recreo",La Ferroviaria,departamento,venta,76000.0,180.0,0.0,3,2,active,2026-10-10,remax_en_vivo
56793,Terreno en Venta | Quito Tenis | 800 m² | $480.000,Quito Tenis,terreno,venta,480000.0,0.0,800.8,0,0,reserved,2026-10-10,remax_en_vivo
56750,ARRIENDO LOCAL  CON MEZZANINE AV AMAZONAS Y BALTRA,Jipijapa,local_comercial,arriendo,8700.0,746.0,560.0,0,8,active,2026-10-10,remax_en_vivo
56737,Amplio Departamento Planta Baja Sector Ajavi,San Bartolo,casa,venta,67000.0,149.0,0.0,3,2,reserved,2026-10-10,remax_en_vivo
56724,"EN RENTA TERRENO, AUTOPISTA GENERAL RUMIÑAHUI",Conocoto,terreno,arriendo,1500.0,0.0,2000.0,0,0,active,2026-10-10,remax_en_vivo
56675,Venta Duplex por terminar Ciudad Bicentenario,El Comin,departamento,venta,35000.0,80.36,0.0,3,1,active,2026-10-10,remax_en_vivo
56662,EL BOSQUE DEPARTAMENTO DE VENTA 2 DORMITORIOS,El Bosque,departamento,venta,119000.0,93.0,0.0,2,2,reserved,2026-10-10,remax_en_vivo
56660,SE VENDE DEPARTAMENTO SECTOR UNION NACIONAL,Union Nacional,departamento,venta,112000.0,191.89,0.0,3,2,reserved,2026-10-10,remax_en_vivo
56612,Departamento en Venta - Urbanización El Condado,Urb. El Condado,departamento,venta,71990.0,108.8,0.0,2,2,negotiation,2026-10-10,remax_en_vivo
56601,Vendo local comercial 76m2.,Iñaquito,oficina,venta,68000.0,76.0,0.0,0,2,active,2026-10-10,remax_en_vivo
56525,"Luxury boutique hotel & spa, Ecuadorian Andes",Inaquito,house_comercial,venta,0.0,2997.0,4238.0,8,8,active,2026-10-10,remax_en_vivo
56483,"Terreno de 2800m2 en Plazapamba, Tumbaco",Plazapamba,terreno_comercial,arriendo,1000.0,0.0,2812.0,0,0,active,2026-10-10,remax_en_vivo
56461,Casa Venta El Condado Mena del Hierro 3 Hab 250 m²,Mena Del Hierro,casa,venta,150000.0,249.95,162.09,3,2,active,2026-10-10,remax_en_vivo
56429,VENTA DEPARTAMENTO DUPLEX - LA CAROLINA,Benalcazar,departamento,venta,167000.0,219.0,0.0,3,4,active,2026-10-10,remax_en_vivo
56428,LOTE PARA PROYECTO INMOBILIARIO SECTOR BELLAVISTA,Bellavista,terreno_comercial,venta,799000.0,0.0,960.0,0,0,active,2026-10-10,remax_en_vivo
56413,VENDO LOCAL COMERCIAL CERCA AL QUICENTRO NORTE,Iñaquito,local_comercial,venta,300000.0,329.0,0.0,0,2,active,2026-10-10,remax_en_vivo
56404,Vendo amplia oficina en edificio corporativo,Iñaquito,oficina,venta,170000.0,143.0,0.0,0,2,active,2026-10-10,remax_en_vivo
56402,"CASA RENTERA, RENTORNO DEL 7,5%, SECTOR EL CONDADO",Caminos Libertad,house_comercial,venta,119500.0,324.0,705.85,6,4,active,2026-10-10,remax_en_vivo
56161,Departamento en Venta 2 Hab + Estudio 3.5B Balcon,Bellavista,departamento,venta,328556.0,190.59,0.0,2,3,active,2026-10-10,remax_en_vivo
56160,Departamento Lujo Venta 2 Hab 2.5 Baños Bellavista,Bellavista,departamento,venta,204540.0,91.2,0.0,2,2,active,2026-10-10,remax_en_vivo
56159,Suite Lujo en Venta 61 m² Balcon 4Piso Bellavista,Bellavista,departamento,venta,123520.0,60.59,0.0,1,1,active,2026-10-10,remax_en_vivo
56156,Departamento Lujo en Venta 3 Hab 3.5 Baños Terraza,Bellavista,departamento,venta,394068.0,239.0,0.0,3,3,active,2026-10-10,remax_en_vivo
56155,Duplex en Venta 2 Hab 2.5 Baños Terraza Bellavista,Bellavista,departamento,venta,311564.0,161.0,0.0,2,2,active,2026-10-10,remax_en_vivo
56154,Duplex en Venta 2 Hab 2.5 Baños Terraza/Jardin,Bellavista,departamento,venta,328556.0,202.0,0.0,2,2,active,2026-10-10,remax_en_vivo
56123,PROPIEDAD EN VENTA – SECTOR RÍO AMAZONAS,Mariscal Sucre,house_comercial,venta,650000.0,625.0,625.0,8,6,active,2026-10-10,remax_en_vivo
56061,Exclusivo departamento remodelado 300m2 QuitoTenis,Quito Tenis,departamento,venta,240000.0,304.0,0.0,3,4,active,2026-10-10,remax_en_vivo
55752,DEPARTAMENTO D VENTA UBICADO EN EL BATAN,Analuisa,departamento,venta,170000.0,518.0,0.0,4,3,active,2026-10-10,remax_en_vivo
55751,TERRENO DE VENTA UBICADO EN LA CAROLINA,La Republica,terreno_comercial,venta,590000.0,0.0,685.0,0,0,active,2026-10-10,remax_en_vivo
55736,Casa esquinera en venta – Cotocollao | Conjunto pr,Cotocollao,casa,venta,90000.0,142.0,0.0,4,2,active,2026-10-10,remax_en_vivo
55731,VENDO CASA EN URBANIZACION PINAR BAJO,Mexterior,casa,venta,245000.0,740.0,740.0,4,3,active,2026-10-10,remax_en_vivo
55709,DEPARTAMENTO EN LA FLORESTA,La Floresta,departamento,venta,150000.0,95.92,0.0,3,2,active,2026-10-10,remax_en_vivo
55700,Departamento 3 habitaciones Unión Nacional 200m2,Union Nacional,departamento,venta,140000.0,211.0,0.0,3,2,active,2026-10-10,remax_en_vivo
55699,"LOCAL COMERCIAL - BODEGA, BELLAVISTA DE CALDERÓN",Bellavista de Calderon,local_comercial,arriendo,680.0,545.0,2500.0,0,3,active,2026-10-10,remax_en_vivo
55638,DEPARTAMENTO EN VENTA SECTOR UNION NACIONAL,Rumipamba,departamento,venta,125000.0,269.3,0.0,3,3,active,2026-10-10,remax_en_vivo
55533,Terreno en venta en Miravalle del Sur - La Argelia,La Argelia,terreno,venta,23000.0,0.0,1000.0,0,0,active,2026-10-10,remax_en_vivo
55504,SUITE EN VENTA LA CAROLINA,Cotocollao,departamento,venta,65000.0,54.54,0.0,1,1,reserved,2026-10-10,remax_en_vivo
55450,Consultorio Médico en Venta – Edificio Ofimedic,Inaquito,oficina,venta,80000.0,66.0,0.0,0,2,active,2026-10-10,remax_en_vivo
55428,Casa unifamiliar en la  Armenia,Armenia 2,casa,venta,110000.0,216.0,141.0,2,3,active,2026-10-10,remax_en_vivo
55256,"BELLAVISTA, DUPLEX 3D CON BALCON",Bellavista,departamento,venta,298000.0,298.55,0.0,3,3,active,2026-10-10,remax_en_vivo
55236,"VENDO PROPIEDAD COMERCIAL, RESIDENCIAL, VILLAFLORA",Villaflora,casa,venta,158000.0,488.0,230.0,3,3,active,2026-10-10,remax_en_vivo
55206,CONSULTORIO MÉDICO DE VENTA 22 M2 QUITO AMOBLADO,Las Casas,consultorio,venta,35000.0,35.0,0.0,0,1,reserved,2026-10-10,remax_en_vivo
55199,BELLAVISTA PENTHOUSE DE VENTA DE 4D Y TERRAZA,Bellavista,departamento,venta,280000.0,396.0,0.0,4,4,active,2026-10-10,remax_en_vivo
55198,EDIFICIO COMERCIAL CERCA PARQUE LA CAROLINA,Iñaquito,edificio_comercial,venta,5680000.0,6800.0,0.0,0,0,active,2026-10-10,remax_en_vivo
55152,CASA EN VENTA SAN ANTONIO DE PICHINCHA STO DGO ALT,Santo Domingo Alto,casa,venta,37000.0,102.5,95.0,3,1,active,2026-10-10,remax_en_vivo
55146,Renta Local Comercial de 58 m² Centro - La Ronda,Centro Histórico,local_comercial,arriendo,295.0,58.0,0.0,0,1,active,2026-10-10,remax_en_vivo
55142,"VENDO PROPIEDAD COMERCIAL DE LUJO, SECTOR CUMBAYA",Urb. Santa Lucia,edificio_comercial,venta,780000.0,658.0,482.0,0,0,active,2026-10-10,remax_en_vivo
55128,"VENDO LABORATORIO CLINICO, SEMI NUEVO",Solanda,venta_negocio,venta,5500.0,70.0,0.0,0,1,active,2026-10-10,remax_en_vivo
55052,Casa amplia en venta,Conocoto,casa,venta,83000.0,311.88,1.0,3,2,negotiation,2026-10-10,remax_en_vivo
55041,EN VENTA CASA EN CONJUNTO CASANTOS – CONOTOTO,Conocoto,casa,venta,69000.0,147.04,134.72,3,1,reserved,2026-10-10,remax_en_vivo
55022,CASA EN VENTA LA ECUATORIANA SECTOR MARTHA BUCARAM,La Ecuatoriana,casa,venta,80000.0,264.47,180.0,6,4,reserved,2026-10-10,remax_en_vivo
54948,SE VENDE CASA  3 DORMITORIOS NAYON EN URBANIZACION,Nayón,casa,venta,350000.0,425.0,100.0,3,2,active,2026-10-10,remax_en_vivo
54892,VENTA TERRENO 200m2 SECTOR EL CONDE,Quitumbe,terreno,venta,29900.0,0.0,200.0,0,0,active,2026-10-10,remax_en_vivo
54871,EN RENTA DEPARTAMENTO – EDIFICIO TORRES DANIEL,Rumipamba,departamento,arriendo,650.0,113.45,0.0,2,2,reserved,2026-10-10,remax_en_vivo
54795,"TERRENO EN VENTA CONOCOTO, MIRANDA",Conocoto,terreno,venta,138000.0,0.0,1790.0,0,0,active,2026-10-10,remax_en_vivo
54794,"TERRENO EN VENTA,  DENTRO DE URBANIZACION",Alangasí,terreno,venta,40000.0,0.0,352.0,0,0,active,2026-10-10,remax_en_vivo
54711,VENDO DEPARTAMENTO SECTOR UDLA GRANADOS,Jipijapa,departamento,venta,48000.0,77.1,0.0,3,1,reserved,2026-10-10,remax_en_vivo
54708,"SECTOR BICENTENARIO DEP 2 DORMITORIO, BALCON,",Cochapamba,departamento,venta,92000.0,188.0,0.0,2,1,active,2026-10-10,remax_en_vivo
54666,VENTA CASA EXCLUSIVA EN ETAPA FINAL SECTOR NAYON,Nayón,casa,venta,340000.0,351.0,400.0,4,4,active,2026-10-10,remax_en_vivo
54653,VENTA CASA9 de 1 PLANTA SECTOR CUMBAYA INTERVALLES,Cumbres del Valle,casa,venta,293935.0,328.29,328.29,3,2,active,2026-10-10,remax_en_vivo
54651,VENTA CASA11 d 1 PLANTA SECTOR CUMBAYA INTERVALLES,Cumbres del Valle,casa,venta,301395.0,299.41,299.41,3,2,active,2026-10-10,remax_en_vivo
54646,Rento dep 3 dormitorio en MONTESERRIN,Jipijapa,departamento,arriendo,1300.0,260.0,0.0,3,3,reserved,2026-10-10,remax_en_vivo
54640,VENTA DE OFICINA ALONSO DE MERCADILLO-10 DE AGOSTO,Mariscal Sucre,oficina,venta,39000.0,58.0,0.0,0,1,active,2026-10-10,remax_en_vivo
54619,¡CASA EN VENTA!,La Mena,casa,venta,100000.0,306.0,0.0,8,5,active,2026-10-10,remax_en_vivo
54577,Venta departamento 2D Kennedy,Julio Matovelle,departamento,venta,44500.0,67.6,0.0,2,1,active,2026-10-10,remax_en_vivo
54565,VENTA CASA8 de 1 PLANTA SECTOR CUMBAYA INTERVALLES,Cumbres del Valle,casa,venta,300028.0,352.66,352.66,3,2,active,2026-10-10,remax_en_vivo
54543,CASA EN VENTA 3D,Barrio Herlinda,casa,venta,87000.0,205.0,0.0,3,2,active,2026-10-10,remax_en_vivo
54518,CASA EN VENTA EN PB / 2 LOCALES  SECTOR FAJARDO,Amaguaña,casa,venta,220000.0,868.0,858.0,3,1,active,2026-10-10,remax_en_vivo
54517,"En Venta Casa en Av Rumichaca, con 2 locales",Solanda,casa,venta,155000.0,615.0,272.0,5,3,active,2026-10-10,remax_en_vivo
54511,Departamento en Venta - Quito Tenis,Quito Tenis,departamento,venta,169900.0,312.24,0.0,3,3,negotiation,2026-10-10,remax_en_vivo
54503,RENTA OFICINA AV. ORELLANA 200MT,Rumipamba,otro,arriendo,2500.0,400.0,0.0,0,0,active,2026-10-10,remax_en_vivo
54465,"Casa 520m2 rentera de 3 departamentos, Los Arupos",Los Arupos,casa,venta,219000.0,568.0,480.0,8,5,active,2026-10-10,remax_en_vivo
54459,ALQUILO DEPARTAMENTO AMOBLADO EN TUMBACO,El Arenal,departamento,arriendo,600.0,68.0,0.0,2,1,active,2026-10-10,remax_en_vivo
54433,VENTA CASA3 de 1 PLANTA SECTOR CUMBAYA INTERVALLES,Cumbres del Valle,casa,venta,278653.0,267.16,267.16,3,2,active,2026-10-10,remax_en_vivo
54429,VENTA CASA5 de 1 PLANTA SECTOR CUMBAYA INTERVALLES,Cumbres del Valle,casa,venta,311528.0,339.94,339.94,3,2,active,2026-10-10,remax_en_vivo
54428,VENTA CASA7 de 1 PLANTA SECTOR CUMBAYA INTERVALLES,Cumbres del Valle,casa,venta,294298.0,329.74,329.74,3,2,active,2026-10-10,remax_en_vivo
54412,Departamento en Venta Ponceano,Nazareth,departamento,venta,79000.0,107.0,0.0,3,2,reserved,2026-10-10,remax_en_vivo
54407,VENTA DEPARTAMENTO TUMBACO A 10 MINUTOS DEL SCALA,Tumbaco,departamento,venta,175000.0,200.0,500.0,3,2,active,2026-10-10,remax_en_vivo
54406,RENTA CASA TUMBACO A 10 MINUTOS DEL SCALA SHOPING,Tumbaco,departamento,arriendo,1150.0,200.0,500.0,3,2,active,2026-10-10,remax_en_vivo
54397,VENTA CASA2 DE 1 PLANTA SECTOR CUMBAYA INTERVALLES,Cumbres del Valle,casa,venta,280568.0,274.82,274.82,3,2,active,2026-10-10,remax_en_vivo
54361,LOCAL COMERCIAL - GALPON DE ALQUILER EN POMASQUI,Pomasqui,galpon,arriendo,1000.0,200.0,0.0,0,1,active,2026-10-10,remax_en_vivo
54360,Edifcio Comercial de Venta Sector La Carolina,Iñaquito,edificio_comercial,venta,12300000.0,8804.0,0.0,0,0,active,2026-10-10,remax_en_vivo
54356,DEPARTAMENTO 3 DORMITORIOS SAN ISIDRO DEL INCA,San Isidro Del Inca,departamento,venta,60000.0,70.0,0.0,3,2,active,2026-10-10,remax_en_vivo
54324,CASA RENTERA EN VENTA SECTOR ESTADIO DEL AUCAS,Cond. Las Cuadras,casa,venta,305000.0,644.0,247.0,8,8,active,2026-10-10,remax_en_vivo
54262,Casa de lujo en venta - Santa Lucía Alta,Sta. Lucia Alta,casa,venta,950000.0,3012.0,3012.0,5,5,active,2026-10-10,remax_en_vivo
54204,PROPIEDAD COMERCIAL EN VENTA SECTOR LA ARGELIA,La Argelia,house_comercial,venta,225000.0,614.0,1410.0,1,2,active,2026-10-10,remax_en_vivo
54145,Excelente oportunidad casa en venta norte de Quito,Chaupicruz (La Concepcion),casa,venta,76000.0,133.0,133.0,3,3,active,2026-10-10,remax_en_vivo
54061,PROPIEDAD EN VENTA LA ARMENIA,Conocoto,house_comercial,venta,299900.0,820.0,1100.0,7,5,active,2026-10-10,remax_en_vivo
54053,"Tumbaco, vendo edificio rentero",Tumbaco,edificio_comercial,venta,799000.0,1640.0,400.0,12,24,active,2026-10-10,remax_en_vivo
54043,CASA AMPLIA CON JARDIN 4D SECTOR EMBAJADA USA,El Inca,casa,venta,699000.0,343.0,1365.0,4,4,active,2026-10-10,remax_en_vivo
54042,IDEAL PROYECTO INMOBILIARIO 1365 M2 AMAGASI INCA,El Inca,terreno,venta,699999.0,0.0,1365.0,0,0,active,2026-10-10,remax_en_vivo
54038,Vendo Terreno Comercial - Uso Suelo I2 - Ponceano,Monge Donoso,terreno_comercial,venta,1180000.0,0.0,2527.0,0,0,active,2026-10-10,remax_en_vivo
54017,Venta de acogedor departamento en planta baja,Rumipamba,departamento,venta,80000.0,58.43,0.0,3,1,active,2026-10-10,remax_en_vivo
53897,"EN VENTA DPTO 2 DORMITORIOS, EDIF. JARDÍN CUCARDAS",San Isidro Del Inca,departamento,venta,89000.0,111.91,0.0,2,2,active,2026-10-10,remax_en_vivo
53808,"VENTA FUNCIONAL DEPARTAMENTO 91M2, 3 D, KENNEDY",El Inca,departamento,venta,86500.0,111.0,0.0,3,2,active,2026-10-10,remax_en_vivo
53597,SECTOR WHYMPER VENDO TERRENO 500 M2,Iñaquito,terreno,venta,780000.0,500.0,500.0,0,0,active,2026-10-10,remax_en_vivo
53324,VENTA TERRENO 2500 METROS SANTA LUCIA,Kennedy,terreno,venta,425000.0,0.0,2500.0,0,0,active,2026-10-10,remax_en_vivo
53259,GONZALEZ SUAREZ VENDO PENTHOUSE AMOBLADO,Iñaquito,departamento,venta,450000.0,361.0,0.0,3,3,active,2026-10-10,remax_en_vivo
53043,"MACROLOTE EN VENTA, VALLE DE LOS CHILLOS",Alangasí,terreno,venta,850000.0,0.0,13280.0,0,0,reserved,2026-10-10,remax_en_vivo
52976,"BELLAVISTA, DEPARTAMENTO DE 4D, 342M2 CON TERRAZA",Bellavista,departamento,venta,275000.0,395.0,0.0,4,3,active,2026-10-10,remax_en_vivo
52958,DEPARTAMENTO EN VENTA SECTOR NAYÓN,Nayón,departamento,venta,169000.0,215.78,0.0,3,2,active,2026-10-10,remax_en_vivo
52924,VENTA CASA EN CONSTRUCCIÓN EN SAN JUAN DE CALDERÓN,San Juan,casa,venta,47900.0,198.0,198.0,5,5,reserved,2026-10-10,remax_en_vivo
52856,SE VENDE TERRENO 1950MT SANTA LUCIA,Sta. Lucia Alta,terreno,venta,300000.0,0.0,1934.0,0,0,active,2026-10-10,remax_en_vivo
52740,RENTO SUITE AMOBLADA,Quito Tenis,departamento,arriendo,350.0,50.0,0.0,1,1,active,2026-10-10,remax_en_vivo
52683,"CASA DE ARRIENDO CON 4 HABITACIONES Y PATIO, 2PARQ",Puembo,casa,arriendo,750.0,196.0,0.0,4,2,negotiation,2026-10-10,remax_en_vivo
52539,"QUITO TENIS, DEPARTAMENTO VENDO 2D CON PATIO",Rumipamba,departamento,venta,149000.0,147.0,0.0,2,2,active,2026-10-10,remax_en_vivo
52428,"VENDO AMPLIO TERRENO, SECTOR TABABELA",Tababela,terreno,venta,1846230.0,0.0,33567.0,0,0,active,2026-10-10,remax_en_vivo
52425,"VENDO CASA ESQUINERA, SECTOR CENTRO HISTORICO",San Juan,casa,venta,68500.0,290.0,220.0,8,3,reserved,2026-10-10,remax_en_vivo
52335,DEPARTAMENTO EN VENTA QUITO - SAN ISIDRO DEL INCA,La Victoria,departamento,venta,75000.0,90.83,0.0,3,2,active,2026-10-10,remax_en_vivo
52307,CASA EN CONJ. ALCÁZAR DE SEVILLA IV LA ARMENIA 2,Armenia 2,casa,venta,109900.0,184.61,184.61,4,3,active,2026-10-10,remax_en_vivo
52182,VENTA CASA EN CUMBAYA VIA LUMBISI,El Limonar,casa,venta,185000.0,224.08,0.0,3,2,active,2026-10-10,remax_en_vivo
52082,VENDO CASA EN SECTOR EL CONDADO,23 De Junio,casa,venta,160000.0,158.0,256.0,5,4,active,2026-10-10,remax_en_vivo
51786,En Venta Edificio De 1020M2 Batan Alto,Batan Alto,edificio_completo,venta,1200000.0,1020.0,0.0,0,0,active,2026-10-10,remax_en_vivo
51782,VENDO CASA EN SAN ISIDRO DEL INCA,Buenos Aires,casa,venta,85000.0,165.87,0.0,3,2,active,2026-10-10,remax_en_vivo
51780,"CASA DE VENTA EN URBANIZACIÓN VISTA NEVADA, NAYON",Nayón,casa,venta,690000.0,1601.0,1290.0,3,3,active,2026-10-10,remax_en_vivo
51779,TERRENO EN VENTA! IDEAL PARA TU PROYECTO SOÑADO,La Concepcion,terreno,venta,65394.0,0.0,622.8,0,0,active,2026-10-10,remax_en_vivo
51620,"Moderno Departamento 100M2, Sector Monteserrín",Monteserrin,departamento,venta,152000.0,147.0,0.0,2,2,active,2026-10-10,remax_en_vivo
51361,VENTA/CASA/SECTOR PRINCESA TOA CONOCOTO,Conocoto,casa,venta,68900.0,118.0,0.0,3,2,active,2026-10-10,remax_en_vivo
51341,CASA DE VENTA URB. EL CONDADO DE 300M2 EN NIVELES,El Condado,casa,venta,195000.0,660.0,350.0,3,3,active,2026-10-10,remax_en_vivo
51234,"CASA EN VENTA, CONOCOTO, EL CHAMIZAL, A  ESTRENAR",Conocoto,casa,venta,74900.0,111.21,0.0,3,1,reserved,2026-10-10,remax_en_vivo
51198,CASA DE VENTA URB. SAN JOSÉ DEL VALLE,San Jose Del Valle,casa,venta,165000.0,431.0,465.0,3,2,active,2026-10-10,remax_en_vivo
51186,"CASA EN VENTA, CONOCOTO, EL CHAMIZAL, A ESTRENAR",Conocoto,casa,venta,89999.0,122.36,0.0,3,2,active,2026-10-10,remax_en_vivo
51185,"CASA EN VENTA, CONOCOTO, EL CHAMIZAL, A ESTRENAR",Conocoto,casa,venta,67500.0,80.93,0.0,2,1,active,2026-10-10,remax_en_vivo
51037,Oficina Duplex sector Financiero de Quito,Iñaquito,oficina,arriendo,750.0,135.0,0.0,0,2,reserved,2026-10-10,remax_en_vivo
51036,Oficina Duplex sector Financiero de Quito,Iñaquito,oficina,arriendo,900.0,135.0,0.0,0,2,reserved,2026-10-10,remax_en_vivo
51021,Departamento 3Hab y balcón Lomas de Monteserrín,Lomas de Monteserrin,departamento,arriendo,595.0,120.0,0.0,3,3,reserved,2026-10-10,remax_en_vivo
50934,VENTA OFICINA EN LA CAROLINA,Iñaquito,oficina,venta,87000.0,106.62,0.0,0,1,active,2026-10-10,remax_en_vivo
50898,"CASA EN VENTA SECTOR LUMBISI, CUMBAYA",El Limonar,casa,venta,185000.0,233.0,234.0,4,3,active,2026-10-10,remax_en_vivo
50893,DEPARTAMENTO 165 M2 PLATAFORMA GUBERNAMENTAL NORTE,Iñaquito,departamento,venta,105000.0,167.0,0.0,3,2,reserved,2026-10-10,remax_en_vivo
50707,"VENDO TERRENO INDEPENDIENTE, SECTOR PINTAG",Píntag,terreno,venta,36000.0,0.0,700.0,0,0,active,2026-10-10,remax_en_vivo
50690,DEPARTAMENTO 254M2 PISO 1 PATIO ASCENSOR  TUMBACO,La Morita,departamento,venta,165000.0,254.0,0.0,3,2,active,2026-10-10,remax_en_vivo
50689,Oficina sector La Carolina,Iñaquito,oficina,venta,63500.0,86.4,0.0,0,2,active,2026-10-10,remax_en_vivo
50686,RENTO OFICINA FRENTE A MALL EL JARDÍN,Iñaquito,oficina,arriendo,320.0,105.0,0.0,0,2,active,2026-10-10,remax_en_vivo
50629,Exclusivo penthouse dúplex de lujo. Bellavista,Iñaquito,departamento,venta,340000.0,523.0,0.0,3,4,active,2026-10-10,remax_en_vivo
50627,Casa Rentera - 3 departamentos - Cdla. Ibarra,La Ecuatoriana,casa,venta,135000.0,390.0,180.0,7,3,active,2026-10-10,remax_en_vivo
50411,DEPARTAMENTOS EN VENTA UBICADOS EN CONOCOTO,Conocoto,departamento,venta,83000.0,112.0,0.0,3,2,active,2026-10-10,remax_en_vivo
50410,DEPARTAMENTOS EN VENTA UBICADOS EN CONOCOTO,Conocoto,departamento,venta,70000.0,96.0,0.0,2,2,active,2026-10-10,remax_en_vivo
50352,Vendo casa en San Juan de Calderón - 3 dormitorios,24 de Junio,casa,venta,49900.0,93.0,4880.0,3,1,active,2026-10-10,remax_en_vivo
50257,SE VENDE DEPARTAMENTO URBANIZACIÓN EL CONDADO,El Condado,departamento,venta,116000.0,323.32,0.0,3,3,active,2026-10-10,remax_en_vivo
50193,BELLAVISTA DEPARTAMENTO CON JARDIN 3 DORMITORIOS,Bellavista,departamento,venta,400000.0,486.0,0.0,3,3,active,2026-10-10,remax_en_vivo
50192,OFICINA COMERCIAL DE VENTA SECTOR SWISS HOTEL,Mariscal Sucre,oficina,venta,198000.0,177.0,0.0,0,3,active,2026-10-10,remax_en_vivo
50025,VENTA DEPARTAMENTO 178.93m2 STA. BARBARA,Sta Barbara de Chillogallo,departamento,venta,53000.0,178.93,0.0,3,1,active,2026-10-10,remax_en_vivo
50001,CASA COMERCIAL EN VENTA FERROVIARIA BAJA,Forestal Media,house_comercial,venta,120000.0,503.0,503.0,8,6,negotiation,2026-10-10,remax_en_vivo
49958,TERRENO CON GALPONES FRENTE AL PORTAL SHOPPING,Calderón (Carapungo),terreno_comercial,venta,1300000.0,0.0,2990.0,0,0,active,2026-10-10,remax_en_vivo
49942,VENTA DE DEPARTAMENTO SECTOR GONZÁLEZ SUÁREZ,Bellavista,departamento,venta,180000.0,410.0,0.0,4,5,active,2026-10-10,remax_en_vivo
49936,Casa en Venta en La Pampa-Pomasqui.,Pomasqui,casa,venta,225000.0,445.0,572.0,5,5,active,2026-10-10,remax_en_vivo
49896,Arriendo Casa Patrimonial - La Mariscal,Mariscal Sucre,house_comercial,arriendo,1300.0,530.0,404.0,4,5,active,2026-10-10,remax_en_vivo
49837,Local Comercial Norte de Quito-sector El Incaa,El Inca,local_comercial,arriendo,200.0,22.0,0.0,0,0,active,2026-10-10,remax_en_vivo
49816,SUITE AMOBLADA SECTOR REPÚBLICA DEL SALVADOR CAROL,Benalcazar,departamento,arriendo,640.0,56.0,0.0,1,1,reserved,2026-10-10,remax_en_vivo
49774,"VENDO BONITO DEPARTAMENTO, SECTOR JIPIJAPA",Jipijapa,departamento,venta,79990.0,111.0,0.0,3,2,active,2026-10-10,remax_en_vivo
49741,Terreno en venta en Guayllamba,Guayllabamba,terreno,venta,249000.0,0.0,7331.15,0,0,active,2026-10-10,remax_en_vivo
49629,CASA CON GRAN TERRENO 4500m2 Y SEGURIDAD 24-7,San Francisco de Tanda,casa,venta,1150000.0,560.0,4506.0,3,3,active,2026-10-10,remax_en_vivo
49620,TERRENO EN VENTA 1500m2 SAN ANTONIO DE PICHINCHA,San Antonio,terreno,venta,80000.0,0.0,1500.0,0,0,active,2026-10-10,remax_en_vivo
49556,CASA COMERCIAL 2 LOCALES Y 3 DEPARTAMENTOS KENNEDY,La Victoria,casa,venta,350000.0,386.64,0.0,9,5,active,2026-10-10,remax_en_vivo
49360,"TERRENO DE 4410 m² EN VENTA, LA FLORESTA-ALANGASÍ",La Floresta,terreno,venta,83500.0,0.0,4410.0,0,0,active,2026-10-10,remax_en_vivo
49359,"TERRENO DE 2126 m² EN VENTA, LA FLORESTA-ALANGASÍ",La Floresta,terreno,venta,69000.0,0.0,2126.0,0,0,active,2026-10-10,remax_en_vivo
49358,"TERRENO DE 1844m² EN VENTA, LA FLORESTA-ALANGASÍ",La Floresta,terreno,venta,59000.0,0.0,1844.0,0,0,active,2026-10-10,remax_en_vivo
49357,"TERRENO DE 1780m² EN VENTA, LA FLORESTA-ALANGASÍ",La Floresta,terreno,venta,56000.0,0.0,1780.0,0,0,active,2026-10-10,remax_en_vivo
49206,VENTA TERRENO VALLE DE LOS CHILLOS PUENTE 5,Conocoto,terreno,venta,32000.0,0.0,230.0,0,0,reserved,2026-10-10,remax_en_vivo
49201,VENTA LOTE SECTOR VALLE DE LOS CHILLO PUENTE 5,Conocoto,terreno,venta,25000.0,0.0,230.0,0,0,reserved,2026-10-10,remax_en_vivo
49042,CASA EN VENTA ( QUINTA EN VENTA )  SECTOR CARCELEN,Carcelén,terreno,venta,1900000.0,1022.0,8152.0,10,6,active,2026-10-10,remax_en_vivo
48903,DEPARTAMENTO EN VENTA- SECTOR KARTODROMO,San Antonio,departamento,venta,75900.0,113.0,0.0,3,2,active,2026-10-10,remax_en_vivo
48878,"En venta hermosa casa Sector la Viña, 4D piscina.",La Viña,casa,venta,410000.0,579.38,657.61,4,5,active,2026-10-10,remax_en_vivo
48874,Vendo departamento Ponceano Alto,Ponceano,departamento,venta,92000.0,107.0,0.0,3,2,active,2026-10-10,remax_en_vivo
48822,SE VENDE CASA A ESTRENAR EN POMASQUI (240m2),Pomasqui,casa,venta,105000.0,240.0,164.0,3,2,reserved,2026-10-10,remax_en_vivo
48704,VENTA HACIENDA 33 HECTAREAS EN NONO,Nono,quinta,venta,142000.0,447.0,337428.0,3,2,active,2026-10-10,remax_en_vivo
48701,Venta departamento duplex 4D Kennedy,Julio Matovelle,departamento,venta,89400.0,176.6,0.0,4,2,active,2026-10-10,remax_en_vivo
48569,CASA NUEVA PISCINA EN POMASQUI CONJ. 3 PISOS 3D,Pomasqui,casa,venta,119990.0,141.9,210.0,3,2,active,2026-10-10,remax_en_vivo
48533,SE VENDE DEPARTAMENTO EN PONCEANO A ESTRENAR,Ponceano,departamento,venta,117000.0,93.74,0.0,3,2,active,2026-10-10,remax_en_vivo
48382,TERRENO,La Primavera,terreno,venta,152000.0,0.0,983.99,0,0,active,2026-10-10,remax_en_vivo
48338,RENTO LOCAL PARA AGENCIA BANCARIA Av Amazonas,Iñaquito,local_comercial,arriendo,5750.0,458.0,0.0,0,3,reserved,2026-10-10,remax_en_vivo
48214,DEPARTAMENTO EN VENTA EN SECTOR LA RUMIÑAHUI,Nazareth,departamento,venta,54900.0,102.78,0.0,3,2,reserved,2026-10-10,remax_en_vivo
48020,Casa 3 plantas dentro de Conjunto Sector Capri,Comité Del Pueblo,casa,venta,82000.0,182.0,182.0,3,2,active,2026-10-10,remax_en_vivo
48005,VENDO PENTHOUSE CON PISCINA EXCLUSIVA.,Mariscal Sucre,penthouse,venta,169000.0,380.0,0.0,3,3,negotiation,2026-10-10,remax_en_vivo
47972,URBANIZACION LA QUINTA VENDO TERRENO,Cumbayá,terreno,venta,415307.0,0.0,1064.89,0,0,active,2026-10-10,remax_en_vivo
47862,ELEGANTE CASA DE VENTA URB. SAN GERMAN CONOCOTO,Armenia 2,casa,venta,385000.0,388.0,800.0,3,2,active,2026-10-10,remax_en_vivo
47791,CASA EN VENTA URB. SAN GREGORIO II - PUSUQUI,El Condado,casa,venta,145000.0,306.92,306.92,3,2,active,2026-10-10,remax_en_vivo
47448,CASA DE VENTA EN CONJUNTO EN TUMBACO,Tumbaco,casa,venta,240000.0,358.0,0.0,3,2,active,2026-10-10,remax_en_vivo
47438,VENDO HERMOSO DEPARTAMENTO  COLINAS DEL PICHINCHA,Colinas del Pichincha,departamento,venta,215000.0,328.0,0.0,3,2,reserved,2026-10-10,remax_en_vivo
47250,"Casa en Venta Norte de Quito, sector Bellavista.",Bellavista,casa,venta,330000.0,583.0,300.0,6,3,active,2026-10-10,remax_en_vivo
47034,CASA RENTERA DE VENTA CIUDADELA DEL EJERCITO SUR,Ejercito Nacional,house_comercial,venta,125000.0,336.0,0.0,10,4,active,2026-10-10,remax_en_vivo
46916,RENTA hermosa casa  Conjunto Jardines de Carcelé,Carcelén,casa,arriendo,450.0,197.0,0.0,4,3,reserved,2026-10-10,remax_en_vivo
46895,CASA EN CONJUNTO SECTOR CALIFORNIA ALTA/LA KENNEDY,Kennedy,casa,venta,99000.0,117.0,0.0,3,2,active,2026-10-10,remax_en_vivo
46705,CASA RENTERA SECTOR ALAMEDA PRODUCE $1.100 MENSUAL,Itchimbia,casa,venta,135000.0,510.6,294.36,16,8,active,2026-10-10,remax_en_vivo
46471,Dpto 2 dorm semiamoblado en Venta/Platinum Plaza,Jipijapa,departamento,venta,72000.0,71.0,0.0,2,1,reserved,2026-10-10,remax_en_vivo
46470,Casa Rentera en Venta sector Cotocollao.,El Condado,house_comercial,venta,420000.0,1108.7,411.7,6,4,active,2026-10-10,remax_en_vivo
46373,DEPARTAMENTO EN VENTA  AVDA. 6 DE DICIEMBRE,Estadio Atahualpa,departamento,venta,289700.0,493.0,0.0,4,3,active,2026-10-10,remax_en_vivo
46220,"VENDO OFICINA AMPLIA, REPÚBLICA DE EL SALVADOR.",Benalcazar,oficina,venta,320000.0,280.0,0.0,0,8,active,2026-10-10,remax_en_vivo
46209,CASA EN VENTA LA ARMENIA VALLE DE LOS CHILLOS 159M,La Armenia 1,casa,venta,113000.0,205.0,150.0,3,2,active,2026-10-10,remax_en_vivo
45874,DEPARTAMENTO EN VENTA EN PONCEANO,Ponceano,departamento,venta,86000.0,126.0,0.0,3,2,active,2026-10-10,remax_en_vivo
45823,VENDO TERRENO  11.000 M2 EL CAPRI,Carcelén,terreno,venta,1450000.0,0.0,1110.0,0,0,active,2026-10-10,remax_en_vivo
45613,LOCAL COMERCIAL EN RENTA EN EL CENTRO HISTORICO,Gonzalez Suarez,local_comercial,arriendo,760.0,26.0,0.0,0,4,active,2026-10-10,remax_en_vivo
45603,CASA COMERCIAL DE VENTA,Iñaquito,house_comercial,venta,780000.0,500.0,500.0,7,4,active,2026-10-10,remax_en_vivo
44825,OFICINA CON DIVISIONES SECTOR MALL EL JARDIN,La Republica,oficina,arriendo,1100.0,175.0,0.0,0,2,active,2026-10-10,remax_en_vivo
44823,DEPARTAMENTO 3 DORMITORIOS SECTOR SOLCA,San Miguel de Amagasi,departamento,venta,90000.0,124.0,0.0,3,2,active,2026-10-10,remax_en_vivo
44811,SE VENDE CASA EN LA PRIMAVERA,La Primavera,casa,venta,280000.0,256.0,456.0,4,4,active,2026-10-10,remax_en_vivo
44665,DEPARTAMENTO EN VENTA SECTOR CARCELÉN,Carcelen,departamento,venta,35000.0,71.0,0.0,4,1,reserved,2026-10-10,remax_en_vivo
44659,RENTA OFICNAS / DE LA PRENSA CONCEPCIÓN,La Concepcion,local_comercial,arriendo,1200.0,400.0,0.0,0,8,active,2026-10-10,remax_en_vivo
44651,DEPARTAMENTO 3 DORMITORIOS SECTOR LAS CASAS,Las Casas,departamento,venta,58000.0,79.0,0.0,3,1,active,2026-10-10,remax_en_vivo
44240,Vendo Local Duplex - Sector El Ejido,Larrea,local_comercial,venta,130000.0,179.12,0.0,0,2,active,2026-10-10,remax_en_vivo
44184,"Terreno de 20,200 m² en Zona de Alta Plusvalía",Carcelen,terreno,venta,2650000.0,0.0,20200.0,0,0,active,2026-10-10,remax_en_vivo
44009,EDIFICIO COMERCIAL RENTERO CON SUITES Y LOCALES,Iñaquito,edificio_comercial,venta,2767000.0,2767.0,1125.0,0,0,active,2026-10-10,remax_en_vivo
44006,Terreno en Puembo - Sector Nápoles Mangahuantag,Napoles Managhua,terreno,venta,256500.0,0.0,1175.77,0,0,active,2026-10-10,remax_en_vivo
44005,Terreno en Puembo - Sector Nápoles Mangahuantag,Napoles Managhua,terreno,venta,272500.0,0.0,1250.0,0,0,active,2026-10-10,remax_en_vivo
44002,Venta de casa comercial,Ninallacta,house_comercial,venta,169900.0,409.0,225.0,5,5,active,2026-10-10,remax_en_vivo
44001,Departamento dúplex,Belisario Quevedo,departamento,venta,45000.0,84.09,0.0,3,1,active,2026-10-10,remax_en_vivo
43839,Vendo departamento 3 dormitorios-Sector Matovelle,Julio Matovelle,departamento,venta,95000.0,123.36,0.0,3,2,active,2026-10-10,remax_en_vivo
43671,Arriendo Local - La Mariscal,Mariscal Sucre,local_comercial,arriendo,700.0,140.0,0.0,4,2,active,2026-10-10,remax_en_vivo
43507,"DEPARTAMENTO 146M2, 3 DORMITORIOS, EL INCA",El Inca,departamento,venta,74000.0,160.0,0.0,3,2,active,2026-10-10,remax_en_vivo
43372,El Bosque Local Duplex en Venta El Bosque,Quito Tenis,local_comercial,venta,195000.0,100.0,0.0,0,2,active,2026-10-10,remax_en_vivo
43370,CASA COMERCIAL DE 1372M2 CONS. 868M2 TERRENO MULT,Iñaquito,edificio_comercial,venta,690000.0,1372.0,868.0,0,0,active,2026-10-10,remax_en_vivo
43086,VENDO 3 PARQUEOS EN LA REPUBLICA DEL SALVADOR,Iñaquito,garage_parqueo,venta,23000.0,36.0,0.0,0,0,active,2026-10-10,remax_en_vivo
43041,VENDO CASA 126M2 EN SAN ANTONIO DE PICHINCHA,San Antonio,casa,venta,120000.0,126.0,126.0,4,2,active,2026-10-10,remax_en_vivo
43021,CASAS VIP 3 DORMITORIOS SECTOR CONOCOTO,Conocoto,casa,venta,105000.0,150.0,101.0,3,2,active,2026-10-10,remax_en_vivo
43020,TERRENOS EN CONJUNTO SECTOR CONOCOTO,Conocoto,terreno,venta,26500.0,0.0,101.0,0,0,active,2026-10-10,remax_en_vivo
43019,TERRENOS RESIDENCIALES DE 940M2 CONOCOTO,Conocoto,terreno,venta,141000.0,0.0,940.0,0,0,active,2026-10-10,remax_en_vivo
42995,DEPARTAMENTO EN VENTA QUITO NORTE -SECTOR PONCEANO,Marsol,departamento,venta,120000.0,435.9,0.0,5,4,active,2026-10-10,remax_en_vivo
42954,PentHouse en Venta 2 Hab 2 Bañ Terraza Bellavista,Bellavista,penthouse,venta,514000.0,230.0,0.0,2,2,active,2026-10-10,remax_en_vivo
42932,Vendo Casa de 218 m2 sector San Carlos,Iñaquito,casa,venta,89000.0,218.68,219.0,3,2,reserved,2026-10-10,remax_en_vivo
42380,Se renta oficina cercana a la Clínica Pasteur,Iñaquito,oficina,arriendo,400.0,96.0,96.0,0,2,active,2026-10-10,remax_en_vivo
41527,HERMOSO TERRENO PLANO,Zámbiza,terreno,venta,20000.0,0.0,270.0,0,0,active,2026-10-10,remax_en_vivo
41429,"CASA EN RENTA 3 DORMITORIOS , CONOCOTO- MONSERATH",Monserrat Bajo,casa,venta,75000.0,175.0,170.0,3,3,negotiation,2026-10-10,remax_en_vivo
41167,VENDO DEPARTAMENTO SECTOR PLATAFORMA NORTE,Iñaquito,departamento,venta,92000.0,123.27,0.0,3,2,reserved,2026-10-10,remax_en_vivo
40764,Vendo lote  tereno de 1057m2 San Juan Cumbaya,Cumbayá,terreno,venta,230.0,0.0,1057.0,0,0,active,2026-10-10,remax_en_vivo
40760,Vendo Hermoso Dpto Gonzalez Suarez 3D,Iñaquito,departamento,venta,310000.0,368.0,0.0,3,4,active,2026-10-10,remax_en_vivo
40759,VENDO OFICINA EDF.  WORLD TRADE CENTER AMOBLADA,Mariscal Sucre,oficina,venta,91000.0,62.0,0.0,0,1,active,2026-10-10,remax_en_vivo
40758,Vendo oficina Edf World Trade Center,Iñaquito,oficina,venta,89000.0,77.0,0.0,0,1,active,2026-10-10,remax_en_vivo
40757,Vendo oficina Edf World Trade Center,Iñaquito,oficina,venta,87000.0,77.0,0.0,0,1,active,2026-10-10,remax_en_vivo
40623,VENTA CASAS CONOCOTO APLICA CREDITO VIP,Conocoto,casa,venta,70700.0,105.0,105.0,3,2,active,2026-10-10,remax_en_vivo
40610,OFICINAS PENTHOUSE EN RENTA - EDIFICIO TWIN TOWERS,Benalcazar,oficina,arriendo,2000.0,300.5,0.0,0,3,reserved,2026-10-10,remax_en_vivo
40367,VENTA DE TERRENO - CALDERÓN,Calderón (Carapungo),terreno,venta,34000.0,0.0,204.0,0,0,reserved,2026-10-10,remax_en_vivo
40301,CASA COMERCIAL DE VENTA AV. OCCIDENTAL,San Fernando,house_comercial,venta,295000.0,1060.0,741.0,5,4,reserved,2026-10-10,remax_en_vivo
40186,TERRENO EN VENTA LA HOSPITALARIA VALLE 3730m2,Hospitalaria,terreno,venta,335700.0,0.0,3730.0,0,0,active,2026-10-10,remax_en_vivo
40173,TERRENO EN VENTA RESIDENCIAL CENTRO ALANGASÍ 3757m,Alangasí,terreno,venta,150000.0,0.0,3757.0,0,0,active,2026-10-10,remax_en_vivo
40160,DEPARTAMENTO EN VENTA POR ESTRENAR TUMBACO 164m2,Santa Ana,departamento,venta,168000.0,300.0,0.0,3,2,active,2026-10-10,remax_en_vivo
40159,DEPARTAMENTO EN VENTA POR ESTRENAR TUMBACO 150M2,Santa Ana,departamento,venta,143000.0,248.0,0.0,3,2,active,2026-10-10,remax_en_vivo
40156,QUINTA EN VENTA VALLE DE LOS CHILLOS 7450m2 TERREN,Armenia 2,casa,venta,790000.0,1294.0,7450.0,5,8,active,2026-10-10,remax_en_vivo
40155,CASAS VIP EN VENTA POR ESTRENAR CONOCOTO 81m2,Conocoto,casa,venta,75800.0,108.0,60.0,3,2,active,2026-10-10,remax_en_vivo
40152,CASAS POR ESTRENAR SECTOR LA ARMENIA VALLE 145m2,Conocoto,casa,venta,133500.0,211.0,110.0,3,2,active,2026-10-10,remax_en_vivo
39864,OFICINA DE VENTA DE 45M2 SECTOR RUMIPAMBA PISO 5,Rumipamba,oficina,venta,24900.0,46.0,0.0,0,1,active,2026-10-10,remax_en_vivo
39832,Departamento 137M2 Sector Norte Carcelen Portal,Carcelen,departamento,venta,99900.0,147.0,0.0,3,2,active,2026-10-10,remax_en_vivo
39510,EDIFICIO EN VENTA 1140M2 CONST. 5 PISOS 345M2 TERR,Belisario Quevedo,edificio_comercial,venta,627481.0,1160.0,345.0,0,0,active,2026-10-10,remax_en_vivo
37302,DEPARTAMENTO EN RENTA TRES DORMITORIOS LA FLORIDA,Cochapamba,departamento,arriendo,320.0,140.0,0.0,3,2,reserved,2026-10-10,remax_en_vivo
37286,DEPARTAMENTO VENTA CHILLOGALLO LAS CUADRAS PALERMO,Las Cuadras,departamento,venta,39000.0,67.76,109.95,3,1,reserved,2026-10-10,remax_en_vivo
37285,Se Vende Departamento 48 m² - Divino Niño,Turubamba,departamento,venta,24000.0,58.0,0.0,2,1,reserved,2026-10-10,remax_en_vivo
37082,Venta de Oficina  Torre Centre  Sector La Carolina,Iñaquito,oficina,venta,79000.0,63.81,0.0,0,1,reserved,2026-10-10,remax_en_vivo
35536,DEPARTAMENTO DUPLEX EN ALQUILER LA FLORIDA,Cochapamba,departamento,arriendo,230.0,70.0,0.0,2,1,reserved,2026-10-10,remax_en_vivo
34745,QUITO TENIS VENDO DEPARTAMENTO 380 M2,Quito Tenis,departamento,venta,215000.0,380.0,0.0,3,3,active,2026-10-10,remax_en_vivo
34744,VENTA SUITE FULL REMODELADA 55M2 GONZÁLEZ SUÁREZ,Gonzalez Suarez,departamento,venta,73000.0,69.0,0.0,1,1,reserved,2026-10-10,remax_en_vivo
34741,TERRENO 1373M2 SAN JUAN DE CUMBAYA EL CEBOLLAR,Cebollar,terreno,venta,320000.0,0.0,1373.0,0,0,active,2026-10-10,remax_en_vivo
34636,Vendo Departamento Armenia uno  220.95 m2  3 dorm.,Conocoto,departamento,venta,149000.0,220.0,0.0,3,2,active,2026-10-10,remax_en_vivo
33438,DEPARTAMENTO DE 2 DORMITORIOS SECTOR SOLCA,Solca,departamento,venta,78000.0,120.0,0.0,2,2,active,2026-10-10,remax_en_vivo
33067,Vendo tereno en Sta Lucia Alta,Sta. Lucia Alta,terreno_comercial,venta,375000.0,0.0,2501.0,0,0,active,2026-10-10,remax_en_vivo
33046,SE VENDE TERRENO DE 1511M2 URB. SANTA INES CUMBAYA,Cumbayá,terreno,venta,728800.0,0.0,1511.0,0,0,active,2026-10-10,remax_en_vivo
32832,RENTO DEPARTAMENTO DE 325 M2 QUITO TENIS,Rumipamba,departamento,arriendo,900.0,325.0,0.0,4,3,reserved,2026-10-10,remax_en_vivo
32526,TERRENO 7 HECTAREAS VIA PRINCIPAL DE TABABELA,Tababela,terreno,venta,5950000.0,0.0,70439.13,0,0,active,2026-10-10,remax_en_vivo
32185,TERRENO COMERCIAL IDEAL PROYECTO INMOBILIARIO,Kennedy,terreno_comercial,venta,5400000.0,1000.0,11180.0,0,0,active,2026-10-10,remax_en_vivo
30838,CARCELÉN CASA DE UNA PLANTA Y 3 DORMITORIOS,Carcelén,casa,venta,98000.0,133.0,464.0,2,2,active,2026-10-10,remax_en_vivo
29286,VENDO TERRENO IDEAL PROYECTO MIRAVALLE,Nayón,terreno_comercial,venta,1024800.0,0.0,5124.0,0,0,active,2026-10-10,remax_en_vivo
26761,CASA PINAR ALTO 481M2 FULL REMODELADA PINAR BAJO,Mexterior,casa,venta,315000.0,521.0,504.0,4,4,active,2026-10-10,remax_en_vivo
26760,"TERRENO URBANO NONO 1800M2,  CONSTRUCCION 445M2",Nono,terreno_comercial,venta,180000.0,0.0,1800.0,0,0,active,2026-10-10,remax_en_vivo
26754,"MODERNO DEPARTAMENTO LOFT 80M2 CON TERRAZA, LA PAZ",La Paz,departamento,venta,109500.0,98.0,0.0,1,2,active,2026-10-10,remax_en_vivo
26602,Amplia casa comercial ideal para empresas,Mariscal Sucre,oficina,arriendo,900.0,405.0,0.0,0,7,active,2026-10-10,remax_en_vivo
26147,SUITE 70M2 EL BOSQUE FRENTE CC EL BOSQUE GENERADOR,Chaupicruz (La Concepcion),departamento,arriendo,500.0,85.0,0.0,1,1,reserved,2026-10-10,remax_en_vivo
25867,CASA DE UNA PLANTA Y LOFT URB. LA MARCA,Ciudad Mitad Del Mundo,casa,venta,135000.0,227.0,504.0,2,2,active,2026-10-10,remax_en_vivo
25866,OFICINA/LOCAL COMERCIAL TRIPLEX SECTOR CORUÑA,La Floresta,oficina,arriendo,2200.0,376.0,0.0,0,4,active,2026-10-10,remax_en_vivo
25452,Vendo departamento en Vista Grande,Nayón,departamento,venta,260000.0,396.0,447.0,3,4,active,2026-10-10,remax_en_vivo
24548,CASA COMPLETAMENTE REMODELADA EN VENTA EL CONDADO,El Condado,casa,venta,260000.0,259.0,0.0,4,3,active,2026-10-10,remax_en_vivo
24546,CASA CON SUITES EN CUMBAYA SECTOR PASEO SAN FRANCI,Urb. Santa Lucia,casa,venta,760000.0,935.0,935.0,4,3,active,2026-10-10,remax_en_vivo
24545,CASA CON SUITES EN CUMBAYA SECTOR PASEO SAN FRANCI,Urb. Santa Lucia,terreno,venta,760000.0,935.0,935.0,4,3,active,2026-10-10,remax_en_vivo
23319,Moderno Departamento De 135M2 En Edificio Cumbaya,Empresa Electrica,departamento,venta,269000.0,159.0,0.0,2,2,active,2026-10-10,remax_en_vivo
23166,HACIENDA 60 HECTAREAS CON CASA 187M2 EN CALACALI,Calacalí,propiedad_agricola,venta,485000.0,287.0,600000.0,0,0,active,2026-10-10,remax_en_vivo
21428,CASA DE DOS PISOS CHIMBACALLE,Pio XII,casa,venta,143000.0,278.0,230.0,4,1,reserved,2026-10-10,remax_en_vivo
21408,Urb. San Ignacio de Guayllabamba - Lote esquinero,Guayllabamba,terreno,venta,60000.0,0.0,986.0,0,0,active,2026-10-10,remax_en_vivo
20947,DEPARTAMENTO DE VENTA LA CAROLINA,Inaquito,departamento,venta,115000.0,87.0,0.0,2,2,reserved,2026-10-10,remax_en_vivo
20885,vendo casa sector unión nacional,Union Nacional,casa,venta,220000.0,420.0,236.0,3,4,active,2026-10-10,remax_en_vivo
20427,Casa de 290m2 en planos por estrenar,San Francisco de Tanda,casa,venta,377000.0,300.0,540.0,3,3,active,2026-10-10,remax_en_vivo
19696,"Vendo Departamento 3 dormitorios, sector Bosque",Rumipamba,departamento,arriendo,1500.0,16591.57,0.0,3,3,active,2026-10-10,remax_en_vivo
18995,"EDIFICIO RENTERO SECTOR SOLANDA 644M2 CONSTR, PARQ",Cond. Las Cuadras,edificio_completo,venta,330000.0,664.0,247.0,0,0,active,2026-10-10,remax_en_vivo
18511,Tumbaco  Terreno  2480 M2  Hacia La Ruta Viva,La Ceramica,casa,venta,659000.0,2480.0,2480.0,6,9,active,2026-10-10,remax_en_vivo
18504,Venta Casa con locales y terreno industrial,Ponciano Alto,casa,venta,329000.0,0.0,1228.0,3,2,reserved,2026-10-10,remax_en_vivo
18496,"En Venta Departamento, Conocoto",Santa Monica 1,departamento,venta,39800.0,87.01,1.0,3,2,reserved,2026-10-10,remax_en_vivo
18160,"VENDO AMPLIO TERRENO , SECTOR GUAMANI",La Perla,terreno,venta,75000.0,0.0,800.0,0,0,reserved,2026-10-10,remax_en_vivo
18024,TERRENO EN VENTA LA COCHA LA MERCED,La Merced,terreno,venta,17500.0,0.0,300.0,0,0,active,2026-10-10,remax_en_vivo
17157,Vendo Suite 54m2 en Hotel Le Parc,Iñaquito,departamento,venta,160000.0,53.7,0.0,2,1,active,2026-10-10,remax_en_vivo
16258,VENTA DE LOCAL EXCELENTE REDIMIENTO,Pifo,local_comercial,venta,260000.0,303.0,0.0,0,2,reserved,2026-10-10,remax_en_vivo
11381,CASA DE 4 DORMITORIOS EL PINAR BAJO,El Pinar Bajo,casa,venta,230000.0,324.0,345.0,4,2,active,2026-10-10,remax_en_vivo
10055,Arriendo Edificio 2291m2 Sector Eloy Alfaro,Iñaquito,edificio_comercial,arriendo,11800.0,2291.0,0.0,0,0,active,2026-10-10,remax_en_vivo
9950,Venta de terreno con casa - Ponceano,Ponciano Alto,inversion,venta,780000.0,505.53,2239.05,4,0,active,2026-10-10,remax_en_vivo
8817,VENTA CASA COMERCIAL. SECTOR LA GASCA. CERCA UNIVE,La Gasca,house_comercial,venta,242900.0,565.0,300.0,9,5,active,2026-10-10,remax_en_vivo
9056,VENTA DEPARTAMENTO DE LUJO 255M2 SHYRIS Y PORTUGAL,La Carolina,departamento,venta,375000.0,300.0,0.0,3,3,active,2026-10-10,remax_en_vivo
9301,LOCAL U OFICINA EN ARRIENDO AVDA. DE LA PRENSA,Chaupicruz (La Concepcion),oficina,arriendo,300.0,40.0,0.0,0,1,active,2026-10-10,remax_en_vivo
9079,DEPARTAMENTO EN VENTA MONTESERRIN - LAS BROMELIAS,Amaguaña,departamento,venta,112000.0,144.0,0.0,3,2,active,2026-10-10,remax_en_vivo
10642,CASA DE 3 PLANTA CON HERMOSA VISTA,Armenia 2,casa,venta,118000.0,234.53,0.0,4,2,active,2026-10-10,remax_en_vivo
8863,CASAS POR ESTRENAR SECTOR MITAD DEL MUNDO,Equinoccial,casa,venta,86475.0,122.0,85.0,3,2,active,2026-10-10,remax_en_vivo
8819,LOCALES COMERCIALES CERCAMONUMENTO MITAD DEL MUNDO,Equinoccial,local_comercial,venta,84400.0,63.0,0.0,0,1,active,2026-10-10,remax_en_vivo
13860,EDIFICIO RENTERO AVENIDA DE LA PRENSA,Betania,edificio_comercial,venta,420000.0,741.0,344.0,0,0,active,2026-10-10,remax_en_vivo
12618,"Se Vende Hermoso Terreno De 10,5 Htas En Nono",Nono,terreno_comercial,venta,577500.0,0.0,105000.0,0,0,reserved,2026-10-10,remax_en_vivo
12489,DEPARTAMENTO DOS DORMITORIOS SECTOR QUICENTRO,El Batan,departamento,venta,107000.0,140.0,0.0,2,1,active,2026-10-10,remax_en_vivo
12465,SE VENDE CASA EN CONJUNTO DE 87M2 EN CALDERON,Sierra Hermosa,casa,venta,54500.0,87.0,52.0,3,1,active,2026-10-10,remax_en_vivo
12459,LOCAL COMERCIAL 650M USO SUELOMULTIPLE SECTOR INCA,El Inca,local_comercial,venta,320000.0,650.0,0.0,0,2,active,2026-10-10,remax_en_vivo
12414,Venta de casa en Conocoto,Conocoto,casa,venta,79900.0,122.0,0.0,3,2,active,2026-10-10,remax_en_vivo
12367,Vendo departamento de 96m2 iñaquito,Iñaquito,departamento,venta,125000.0,92.0,0.0,3,2,active,2026-10-10,remax_en_vivo
12300,TERRENOS / QUINTAS VACACIONALES DE 2500M2 EN NONO,Nono,quinta,venta,100000.0,0.0,2500.0,0,0,active,2026-10-10,remax_en_vivo
10808,Hermosa casa de venta proximo colegio SEK de Quito,Solca,casa,venta,155000.0,170.25,170.25,4,4,active,2026-10-10,remax_en_vivo
8732,Hermosa Casa Dentro De Conjunto Privado En Tumbaco,Tolagasi,casa,venta,199900.0,190.0,0.0,3,2,active,2026-10-10,remax_en_vivo
10949,DEPARTAMENTO 3 DORMITORIOS EN CALDERON,Sierra Hermosa,departamento,venta,120000.0,260.0,0.0,3,3,active,2026-10-10,remax_en_vivo
14080,DEPARTAMENTO 3 DORMITORIOS GONZALEZ SUAREZ,Gonzalez Suarez,departamento,venta,340000.0,595.0,0.0,3,3,active,2026-10-10,remax_en_vivo
14091,DEPARTAMENTO 2 DORMITORIOS ESTRENAR GONZALEZ SUARE,Gonzalez Suarez,departamento,venta,260000.0,137.0,0.0,2,2,active,2026-10-10,remax_en_vivo
12155,CASA DE VENTA DE 190M2 EN CONJUNTO SECTOR CERAMICA,La Ceramica,casa,venta,183500.0,205.0,365.0,3,2,active,2026-10-10,remax_en_vivo
12150,EDIFICIO COMERCIAL 830M2 GASPAR DE VILLAROEL,Jipijapa,local_comercial,venta,750000.0,830.0,458.0,0,9,active,2026-10-10,remax_en_vivo
8676,"DEPARTAMENTO 197M2, 3 D, BALCON 9M2, QUITO TENNIS",Quito Tenis,departamento,venta,269000.0,206.0,0.0,3,2,active,2026-10-10,remax_en_vivo
12031,Hermosa Casa De 813M2 Habitables Con 1029 Terreno,El Pinar Alto,casa,venta,630000.0,813.0,1842.0,5,4,active,2026-10-10,remax_en_vivo
12095,Hermosa Casa De 540 M2 Con Jardin De 165M2 Cumbaya,Cumbaya Cabecera,casa,venta,590000.0,540.0,0.0,0,3,active,2026-10-10,remax_en_vivo
10917,Bodegas Industriales Con Oficinas Comite Delpueblo,Comite del Pueblo,galpon,arriendo,4500.0,713.0,0.0,0,2,active,2026-10-10,remax_en_vivo
12034,Amplia Oficina De 160M2  Amoblada  Av.shyris,Batan Bajo,oficina,venta,120000.0,160.0,0.0,0,0,active,2026-10-10,remax_en_vivo
12013,"Hermoso Terreno De 4,30 Htas En Nono",Nono,terreno_comercial,venta,218000.0,0.0,43000.0,0,0,active,2026-10-10,remax_en_vivo
12035,Oportunidad En Tumbaco Terreno 2003 M2 Usd 220.000,Buena Esperanza,terreno,venta,220000.0,0.0,2003.0,0,0,active,2026-10-10,remax_en_vivo
11831,Oportunidad Casa De Lujo Conjunto Privado Cumbaya,Cumbaya Cabecera,casa,venta,330000.0,282.0,266.0,4,4,active,2026-10-10,remax_en_vivo
8627,Espectacular Departamento De Lujo 422M2 Bosmediano,Bellavista Alto,departamento,venta,570000.0,422.0,0.0,4,3,active,2026-10-10,remax_en_vivo
11750,Casa Conjunto Dos Hemisferios Pusuqui,Pusuqui 1,casa,venta,116000.0,187.0,100.0,3,1,active,2026-10-10,remax_en_vivo
12953,Lindo Departamento 100m2 en Urb. El Condado,Urb. El Condado,departamento,venta,120000.0,130.0,0.0,3,2,active,2026-10-10,remax_en_vivo
11371,Urb. San Ignacio de Guayllabamba - Lote esquinero,Guayllabamba,terreno,venta,75000.0,0.0,1000.0,0,0,active,2026-10-10,remax_en_vivo
9186,"VENTA DEPARTAMENTO, CERCA C.C. EL BOSQUE",Chaupicruz (La Concepcion),departamento,venta,180000.0,270.0,0.0,3,2,reserved,2026-10-10,remax_en_vivo
8904,Departamento  2 Dorm. Quito Tenis 214.54 m2,Quito Tenis,departamento,venta,179000.0,214.54,0.0,2,2,active,2026-10-10,remax_en_vivo
9085,"Oficina con Amplia Vista en Venta, Sector Alameda",Itchimbia,oficina,venta,34000.0,57.0,0.0,0,1,active,2026-10-10,remax_en_vivo
16241,TERRENO CON CASAEN TABABELA,Tababela,terreno,venta,2000000.0,0.0,20000.0,0,0,active,2026-10-10,remax_en_vivo
16208,"EN VENTA TERRENO DE 50.900m², SECTOR CALACALI",Calacalí,terreno,venta,350000.0,0.0,50900.0,0,0,active,2026-10-10,remax_en_vivo
